Plant_ID,Avg_Weekly_Demand,Weekly_Capacity
P1,873.9567901234568,1165
P2,812.2407407407408,1083
P3,684.6604938271605,913
