Plant_ID,Avg_Weekly_Demand,Weekly_Capacity
P1,873.9567901234568,1028
P2,812.2407407407408,956
P3,684.6604938271605,805
