Plant_ID,Product Card Id,Product Name,Order_Date,Weekly_Demand,Beginning_Inventory,Weekly_Capacity,Baseline_Available_Capacity,ABC_Class,Planning_Priority,Planning_Key
P1,172,Nike Women's Tempo Shorts,2015-01-04,6,112.0,1165,598,C,1,P1|172|2015-01-04
P1,172,Nike Women's Tempo Shorts,2015-01-11,11,106.0,1165,196,C,1,P1|172|2015-01-11
P1,172,Nike Women's Tempo Shorts,2015-01-18,11,95.0,1165,177,C,1,P1|172|2015-01-18
P1,172,Nike Women's Tempo Shorts,2015-01-25,18,84.0,1165,156,C,1,P1|172|2015-01-25
P1,172,Nike Women's Tempo Shorts,2015-02-01,4,66.0,1165,202,C,1,P1|172|2015-02-01
P1,172,Nike Women's Tempo Shorts,2015-02-08,9,62.0,1165,249,C,1,P1|172|2015-02-08
P1,172,Nike Women's Tempo Shorts,2015-02-15,9,53.0,1165,239,C,1,P1|172|2015-02-15
P1,172,Nike Women's Tempo Shorts,2015-02-22,9,44.0,1165,183,C,1,P1|172|2015-02-22
P1,172,Nike Women's Tempo Shorts,2015-03-01,5,35.0,1165,181,C,1,P1|172|2015-03-01
P1,172,Nike Women's Tempo Shorts,2015-03-08,6,30.0,1165,161,C,1,P1|172|2015-03-08
P1,172,Nike Women's Tempo Shorts,2015-03-15,7,24.0,1165,121,C,1,P1|172|2015-03-15
P1,172,Nike Women's Tempo Shorts,2015-03-22,9,17.0,1165,256,C,1,P1|172|2015-03-22
P1,172,Nike Women's Tempo Shorts,2015-03-29,2,22.0,1165,304,C,1,P1|172|2015-03-29
P1,172,Nike Women's Tempo Shorts,2015-04-05,2,20.0,1165,143,C,1,P1|172|2015-04-05
P1,172,Nike Women's Tempo Shorts,2015-04-12,11,18.0,1165,237,C,1,P1|172|2015-04-12
P1,172,Nike Women's Tempo Shorts,2015-04-19,2,7.0,1165,131,C,1,P1|172|2015-04-19
P1,172,Nike Women's Tempo Shorts,2015-04-26,14,22.0,1165,218,C,1,P1|172|2015-04-26
P1,172,Nike Women's Tempo Shorts,2015-05-03,19,8.0,1165,196,C,1,P1|172|2015-05-03
P1,172,Nike Women's Tempo Shorts,2015-05-10,16,0.0,1165,192,C,1,P1|172|2015-05-10
P1,172,Nike Women's Tempo Shorts,2015-05-17,4,0.0,1165,137,C,1,P1|172|2015-05-17
P1,172,Nike Women's Tempo Shorts,2015-05-24,1,22.0,1165,152,C,1,P1|172|2015-05-24
P1,172,Nike Women's Tempo Shorts,2015-05-31,13,21.0,1165,167,C,1,P1|172|2015-05-31
P1,172,Nike Women's Tempo Shorts,2015-06-07,10,8.0,1165,131,C,1,P1|172|2015-06-07
P1,172,Nike Women's Tempo Shorts,2015-06-14,3,0.0,1165,228,C,1,P1|172|2015-06-14
P1,172,Nike Women's Tempo Shorts,2015-06-21,10,22.0,1165,119,C,1,P1|172|2015-06-21
P1,172,Nike Women's Tempo Shorts,2015-06-28,7,12.0,1165,198,C,1,P1|172|2015-06-28
P1,172,Nike Women's Tempo Shorts,2015-07-05,6,5.0,1165,139,C,1,P1|172|2015-07-05
P1,172,Nike Women's Tempo Shorts,2015-07-12,9,0.0,1165,257,C,1,P1|172|2015-07-12
P1,172,Nike Women's Tempo Shorts,2015-07-19,13,22.0,1165,115,C,1,P1|172|2015-07-19
P1,172,Nike Women's Tempo Shorts,2015-07-26,10,9.0,1165,299,C,1,P1|172|2015-07-26
P1,172,Nike Women's Tempo Shorts,2015-08-02,2,0.0,1165,225,C,1,P1|172|2015-08-02
P1,172,Nike Women's Tempo Shorts,2015-08-09,9,0.0,1165,174,C,1,P1|172|2015-08-09
P1,172,Nike Women's Tempo Shorts,2015-08-16,2,22.0,1165,142,C,1,P1|172|2015-08-16
P1,172,Nike Women's Tempo Shorts,2015-08-23,12,20.0,1165,200,C,1,P1|172|2015-08-23
P1,172,Nike Women's Tempo Shorts,2015-08-30,2,8.0,1165,141,C,1,P1|172|2015-08-30
P1,172,Nike Women's Tempo Shorts,2015-09-06,25,6.0,1165,148,C,1,P1|172|2015-09-06
P1,172,Nike Women's Tempo Shorts,2015-09-13,15,22.0,1165,127,C,1,P1|172|2015-09-13
P1,172,Nike Women's Tempo Shorts,2015-09-20,6,7.0,1165,331,C,1,P1|172|2015-09-20
P1,172,Nike Women's Tempo Shorts,2015-09-27,0,1.0,1165,107,C,1,P1|172|2015-09-27
P1,172,Nike Women's Tempo Shorts,2015-10-04,1,1.0,1165,157,C,1,P1|172|2015-10-04
P1,172,Nike Women's Tempo Shorts,2015-10-11,23,22.0,1165,191,C,1,P1|172|2015-10-11
P1,172,Nike Women's Tempo Shorts,2015-10-18,6,0.0,1165,250,C,1,P1|172|2015-10-18
P1,172,Nike Women's Tempo Shorts,2015-10-25,7,0.0,1165,229,C,1,P1|172|2015-10-25
P1,172,Nike Women's Tempo Shorts,2015-11-01,2,0.0,1165,145,C,1,P1|172|2015-11-01
P1,172,Nike Women's Tempo Shorts,2015-11-08,2,22.0,1165,185,C,1,P1|172|2015-11-08
P1,172,Nike Women's Tempo Shorts,2015-11-15,6,20.0,1165,233,C,1,P1|172|2015-11-15
P1,172,Nike Women's Tempo Shorts,2015-11-22,3,14.0,1165,166,C,1,P1|172|2015-11-22
P1,172,Nike Women's Tempo Shorts,2015-11-29,3,11.0,1165,175,C,1,P1|172|2015-11-29
P1,172,Nike Women's Tempo Shorts,2015-12-06,4,22.0,1165,198,C,1,P1|172|2015-12-06
P1,172,Nike Women's Tempo Shorts,2015-12-13,8,18.0,1165,168,C,1,P1|172|2015-12-13
P1,172,Nike Women's Tempo Shorts,2015-12-20,3,10.0,1165,258,C,1,P1|172|2015-12-20
P1,172,Nike Women's Tempo Shorts,2015-12-27,3,7.0,1165,89,C,1,P1|172|2015-12-27
P1,172,Nike Women's Tempo Shorts,2016-01-03,6,22.0,1165,229,C,1,P1|172|2016-01-03
P1,172,Nike Women's Tempo Shorts,2016-01-10,22,16.0,1165,245,C,1,P1|172|2016-01-10
P1,172,Nike Women's Tempo Shorts,2016-01-17,0,0.0,1165,233,C,1,P1|172|2016-01-17
P1,172,Nike Women's Tempo Shorts,2016-01-24,3,0.0,1165,116,C,1,P1|172|2016-01-24
P1,172,Nike Women's Tempo Shorts,2016-01-31,5,22.0,1165,225,C,1,P1|172|2016-01-31
P1,172,Nike Women's Tempo Shorts,2016-02-07,11,17.0,1165,226,C,1,P1|172|2016-02-07
P1,172,Nike Women's Tempo Shorts,2016-02-14,4,6.0,1165,303,C,1,P1|172|2016-02-14
P1,172,Nike Women's Tempo Shorts,2016-02-21,19,2.0,1165,172,C,1,P1|172|2016-02-21
P1,172,Nike Women's Tempo Shorts,2016-02-28,3,22.0,1165,264,C,1,P1|172|2016-02-28
P1,172,Nike Women's Tempo Shorts,2016-03-06,5,19.0,1165,117,C,1,P1|172|2016-03-06
P1,172,Nike Women's Tempo Shorts,2016-03-13,8,14.0,1165,261,C,1,P1|172|2016-03-13
P1,172,Nike Women's Tempo Shorts,2016-03-20,8,6.0,1165,144,C,1,P1|172|2016-03-20
P1,172,Nike Women's Tempo Shorts,2016-03-27,10,22.0,1165,223,C,1,P1|172|2016-03-27
P1,172,Nike Women's Tempo Shorts,2016-04-03,2,12.0,1165,175,C,1,P1|172|2016-04-03
P1,172,Nike Women's Tempo Shorts,2016-04-10,5,10.0,1165,124,C,1,P1|172|2016-04-10
P1,172,Nike Women's Tempo Shorts,2016-04-17,0,5.0,1165,213,C,1,P1|172|2016-04-17
P1,172,Nike Women's Tempo Shorts,2016-04-24,5,22.0,1165,134,C,1,P1|172|2016-04-24
P1,172,Nike Women's Tempo Shorts,2016-05-01,6,17.0,1165,273,C,1,P1|172|2016-05-01
P1,172,Nike Women's Tempo Shorts,2016-05-08,9,11.0,1165,220,C,1,P1|172|2016-05-08
P1,172,Nike Women's Tempo Shorts,2016-05-15,9,2.0,1165,195,C,1,P1|172|2016-05-15
P1,172,Nike Women's Tempo Shorts,2016-05-22,5,22.0,1165,184,C,1,P1|172|2016-05-22
P1,172,Nike Women's Tempo Shorts,2016-05-29,1,17.0,1165,194,C,1,P1|172|2016-05-29
P1,172,Nike Women's Tempo Shorts,2016-06-05,1,16.0,1165,215,C,1,P1|172|2016-06-05
P1,172,Nike Women's Tempo Shorts,2016-06-12,21,15.0,1165,210,C,1,P1|172|2016-06-12
P1,172,Nike Women's Tempo Shorts,2016-06-19,3,22.0,1165,214,C,1,P1|172|2016-06-19
P1,172,Nike Women's Tempo Shorts,2016-06-26,4,19.0,1165,201,C,1,P1|172|2016-06-26
P1,172,Nike Women's Tempo Shorts,2016-07-03,4,15.0,1165,203,C,1,P1|172|2016-07-03
P1,172,Nike Women's Tempo Shorts,2016-07-10,6,11.0,1165,140,C,1,P1|172|2016-07-10
P1,172,Nike Women's Tempo Shorts,2016-07-17,5,22.0,1165,176,C,1,P1|172|2016-07-17
P1,172,Nike Women's Tempo Shorts,2016-07-24,4,17.0,1165,258,C,1,P1|172|2016-07-24
P1,172,Nike Women's Tempo Shorts,2016-07-31,10,13.0,1165,243,C,1,P1|172|2016-07-31
P1,172,Nike Women's Tempo Shorts,2016-08-07,17,3.0,1165,205,C,1,P1|172|2016-08-07
P1,172,Nike Women's Tempo Shorts,2016-08-14,8,22.0,1165,170,C,1,P1|172|2016-08-14
P1,172,Nike Women's Tempo Shorts,2016-08-21,9,14.0,1165,190,C,1,P1|172|2016-08-21
P1,172,Nike Women's Tempo Shorts,2016-08-28,1,5.0,1165,169,C,1,P1|172|2016-08-28
P1,172,Nike Women's Tempo Shorts,2016-09-04,3,4.0,1165,138,C,1,P1|172|2016-09-04
P1,172,Nike Women's Tempo Shorts,2016-09-11,7,22.0,1165,153,C,1,P1|172|2016-09-11
P1,172,Nike Women's Tempo Shorts,2016-09-18,9,15.0,1165,193,C,1,P1|172|2016-09-18
P1,172,Nike Women's Tempo Shorts,2016-09-25,1,6.0,1165,205,C,1,P1|172|2016-09-25
P1,172,Nike Women's Tempo Shorts,2016-10-02,9,5.0,1165,169,C,1,P1|172|2016-10-02
P1,172,Nike Women's Tempo Shorts,2016-10-09,3,22.0,1165,313,C,1,P1|172|2016-10-09
P1,172,Nike Women's Tempo Shorts,2016-10-16,17,19.0,1165,198,C,1,P1|172|2016-10-16
P1,172,Nike Women's Tempo Shorts,2016-10-23,12,2.0,1165,237,C,1,P1|172|2016-10-23
P1,172,Nike Women's Tempo Shorts,2016-10-30,23,0.0,1165,90,C,1,P1|172|2016-10-30
P1,172,Nike Women's Tempo Shorts,2016-11-06,6,22.0,1165,212,C,1,P1|172|2016-11-06
P1,172,Nike Women's Tempo Shorts,2016-11-13,2,16.0,1165,130,C,1,P1|172|2016-11-13
P1,172,Nike Women's Tempo Shorts,2016-11-20,10,14.0,1165,157,C,1,P1|172|2016-11-20
P1,172,Nike Women's Tempo Shorts,2016-11-27,7,4.0,1165,177,C,1,P1|172|2016-11-27
P1,172,Nike Women's Tempo Shorts,2016-12-04,0,22.0,1165,124,C,1,P1|172|2016-12-04
P1,172,Nike Women's Tempo Shorts,2016-12-11,5,22.0,1165,125,C,1,P1|172|2016-12-11
P1,172,Nike Women's Tempo Shorts,2016-12-18,13,17.0,1165,118,C,1,P1|172|2016-12-18
P1,172,Nike Women's Tempo Shorts,2016-12-25,8,4.0,1165,184,C,1,P1|172|2016-12-25
P1,172,Nike Women's Tempo Shorts,2017-01-01,2,22.0,1165,263,C,1,P1|172|2017-01-01
P1,172,Nike Women's Tempo Shorts,2017-01-08,15,20.0,1165,150,C,1,P1|172|2017-01-08
P1,172,Nike Women's Tempo Shorts,2017-01-15,12,5.0,1165,223,C,1,P1|172|2017-01-15
P1,172,Nike Women's Tempo Shorts,2017-01-22,4,0.0,1165,96,C,1,P1|172|2017-01-22
P1,172,Nike Women's Tempo Shorts,2017-01-29,9,22.0,1165,225,C,1,P1|172|2017-01-29
P1,172,Nike Women's Tempo Shorts,2017-02-05,0,13.0,1165,169,C,1,P1|172|2017-02-05
P1,172,Nike Women's Tempo Shorts,2017-02-12,0,13.0,1165,250,C,1,P1|172|2017-02-12
P1,172,Nike Women's Tempo Shorts,2017-02-19,6,13.0,1165,166,C,1,P1|172|2017-02-19
P1,172,Nike Women's Tempo Shorts,2017-02-26,5,22.0,1165,14,C,1,P1|172|2017-02-26
P1,172,Nike Women's Tempo Shorts,2017-03-05,2,17.0,1165,215,C,1,P1|172|2017-03-05
P1,172,Nike Women's Tempo Shorts,2017-03-12,14,15.0,1165,212,C,1,P1|172|2017-03-12
P1,172,Nike Women's Tempo Shorts,2017-03-19,12,1.0,1165,122,C,1,P1|172|2017-03-19
P1,172,Nike Women's Tempo Shorts,2017-03-26,16,22.0,1165,235,C,1,P1|172|2017-03-26
P1,172,Nike Women's Tempo Shorts,2017-04-02,17,6.0,1165,253,C,1,P1|172|2017-04-02
P1,172,Nike Women's Tempo Shorts,2017-04-09,10,0.0,1165,224,C,1,P1|172|2017-04-09
P1,172,Nike Women's Tempo Shorts,2017-04-16,2,0.0,1165,237,C,1,P1|172|2017-04-16
P1,172,Nike Women's Tempo Shorts,2017-04-23,7,22.0,1165,108,C,1,P1|172|2017-04-23
P1,191,Nike Men's Free 5.0+ Running Shoe,2015-01-04,160,3252.0,1165,598,A,3,P1|191|2015-01-04
P1,191,Nike Men's Free 5.0+ Running Shoe,2015-01-11,243,3092.0,1165,196,A,3,P1|191|2015-01-11
P1,191,Nike Men's Free 5.0+ Running Shoe,2015-01-18,244,2849.0,1165,177,A,3,P1|191|2015-01-18
P1,191,Nike Men's Free 5.0+ Running Shoe,2015-01-25,256,2605.0,1165,156,A,3,P1|191|2015-01-25
P1,191,Nike Men's Free 5.0+ Running Shoe,2015-02-01,247,2349.0,1165,202,A,3,P1|191|2015-02-01
P1,191,Nike Men's Free 5.0+ Running Shoe,2015-02-08,220,2102.0,1165,249,A,3,P1|191|2015-02-08
P1,191,Nike Men's Free 5.0+ Running Shoe,2015-02-15,232,1882.0,1165,239,A,3,P1|191|2015-02-15
P1,191,Nike Men's Free 5.0+ Running Shoe,2015-02-22,282,1650.0,1165,183,A,3,P1|191|2015-02-22
P1,191,Nike Men's Free 5.0+ Running Shoe,2015-03-01,228,1626.0,1165,181,A,3,P1|191|2015-03-01
P1,191,Nike Men's Free 5.0+ Running Shoe,2015-03-08,223,1398.0,1165,161,A,3,P1|191|2015-03-08
P1,191,Nike Men's Free 5.0+ Running Shoe,2015-03-15,307,1175.0,1165,121,A,3,P1|191|2015-03-15
P1,191,Nike Men's Free 5.0+ Running Shoe,2015-03-22,265,868.0,1165,256,A,3,P1|191|2015-03-22
P1,191,Nike Men's Free 5.0+ Running Shoe,2015-03-29,226,1626.0,1165,304,A,3,P1|191|2015-03-29
P1,191,Nike Men's Free 5.0+ Running Shoe,2015-04-05,214,1400.0,1165,143,A,3,P1|191|2015-04-05
P1,191,Nike Men's Free 5.0+ Running Shoe,2015-04-12,253,1186.0,1165,237,A,3,P1|191|2015-04-12
P1,191,Nike Men's Free 5.0+ Running Shoe,2015-04-19,263,933.0,1165,131,A,3,P1|191|2015-04-19
P1,191,Nike Men's Free 5.0+ Running Shoe,2015-04-26,267,1626.0,1165,218,A,3,P1|191|2015-04-26
P1,191,Nike Men's Free 5.0+ Running Shoe,2015-05-03,256,1359.0,1165,196,A,3,P1|191|2015-05-03
P1,191,Nike Men's Free 5.0+ Running Shoe,2015-05-10,325,1103.0,1165,192,A,3,P1|191|2015-05-10
P1,191,Nike Men's Free 5.0+ Running Shoe,2015-05-17,280,778.0,1165,137,A,3,P1|191|2015-05-17
P1,191,Nike Men's Free 5.0+ Running Shoe,2015-05-24,309,1626.0,1165,152,A,3,P1|191|2015-05-24
P1,191,Nike Men's Free 5.0+ Running Shoe,2015-05-31,296,1317.0,1165,167,A,3,P1|191|2015-05-31
P1,191,Nike Men's Free 5.0+ Running Shoe,2015-06-07,334,1021.0,1165,131,A,3,P1|191|2015-06-07
P1,191,Nike Men's Free 5.0+ Running Shoe,2015-06-14,309,687.0,1165,228,A,3,P1|191|2015-06-14
P1,191,Nike Men's Free 5.0+ Running Shoe,2015-06-21,254,1626.0,1165,119,A,3,P1|191|2015-06-21
P1,191,Nike Men's Free 5.0+ Running Shoe,2015-06-28,250,1372.0,1165,198,A,3,P1|191|2015-06-28
P1,191,Nike Men's Free 5.0+ Running Shoe,2015-07-05,303,1122.0,1165,139,A,3,P1|191|2015-07-05
P1,191,Nike Men's Free 5.0+ Running Shoe,2015-07-12,236,819.0,1165,257,A,3,P1|191|2015-07-12
P1,191,Nike Men's Free 5.0+ Running Shoe,2015-07-19,248,1626.0,1165,115,A,3,P1|191|2015-07-19
P1,191,Nike Men's Free 5.0+ Running Shoe,2015-07-26,206,1378.0,1165,299,A,3,P1|191|2015-07-26
P1,191,Nike Men's Free 5.0+ Running Shoe,2015-08-02,248,1172.0,1165,225,A,3,P1|191|2015-08-02
P1,191,Nike Men's Free 5.0+ Running Shoe,2015-08-09,236,924.0,1165,174,A,3,P1|191|2015-08-09
P1,191,Nike Men's Free 5.0+ Running Shoe,2015-08-16,254,1626.0,1165,142,A,3,P1|191|2015-08-16
P1,191,Nike Men's Free 5.0+ Running Shoe,2015-08-23,276,1372.0,1165,200,A,3,P1|191|2015-08-23
P1,191,Nike Men's Free 5.0+ Running Shoe,2015-08-30,226,1096.0,1165,141,A,3,P1|191|2015-08-30
P1,191,Nike Men's Free 5.0+ Running Shoe,2015-09-06,259,870.0,1165,148,A,3,P1|191|2015-09-06
P1,191,Nike Men's Free 5.0+ Running Shoe,2015-09-13,251,1626.0,1165,127,A,3,P1|191|2015-09-13
P1,191,Nike Men's Free 5.0+ Running Shoe,2015-09-20,231,1375.0,1165,331,A,3,P1|191|2015-09-20
P1,191,Nike Men's Free 5.0+ Running Shoe,2015-09-27,279,1144.0,1165,107,A,3,P1|191|2015-09-27
P1,191,Nike Men's Free 5.0+ Running Shoe,2015-10-04,282,865.0,1165,157,A,3,P1|191|2015-10-04
P1,191,Nike Men's Free 5.0+ Running Shoe,2015-10-11,238,1626.0,1165,191,A,3,P1|191|2015-10-11
P1,191,Nike Men's Free 5.0+ Running Shoe,2015-10-18,293,1388.0,1165,250,A,3,P1|191|2015-10-18
P1,191,Nike Men's Free 5.0+ Running Shoe,2015-10-25,270,1095.0,1165,229,A,3,P1|191|2015-10-25
P1,191,Nike Men's Free 5.0+ Running Shoe,2015-11-01,319,825.0,1165,145,A,3,P1|191|2015-11-01
P1,191,Nike Men's Free 5.0+ Running Shoe,2015-11-08,251,1626.0,1165,185,A,3,P1|191|2015-11-08
P1,191,Nike Men's Free 5.0+ Running Shoe,2015-11-15,209,1375.0,1165,233,A,3,P1|191|2015-11-15
P1,191,Nike Men's Free 5.0+ Running Shoe,2015-11-22,281,1166.0,1165,166,A,3,P1|191|2015-11-22
P1,191,Nike Men's Free 5.0+ Running Shoe,2015-11-29,284,885.0,1165,175,A,3,P1|191|2015-11-29
P1,191,Nike Men's Free 5.0+ Running Shoe,2015-12-06,235,1626.0,1165,198,A,3,P1|191|2015-12-06
P1,191,Nike Men's Free 5.0+ Running Shoe,2015-12-13,285,1391.0,1165,168,A,3,P1|191|2015-12-13
P1,191,Nike Men's Free 5.0+ Running Shoe,2015-12-20,243,1106.0,1165,258,A,3,P1|191|2015-12-20
P1,191,Nike Men's Free 5.0+ Running Shoe,2015-12-27,248,863.0,1165,89,A,3,P1|191|2015-12-27
P1,191,Nike Men's Free 5.0+ Running Shoe,2016-01-03,272,1626.0,1165,229,A,3,P1|191|2016-01-03
P1,191,Nike Men's Free 5.0+ Running Shoe,2016-01-10,249,1354.0,1165,245,A,3,P1|191|2016-01-10
P1,191,Nike Men's Free 5.0+ Running Shoe,2016-01-17,285,1105.0,1165,233,A,3,P1|191|2016-01-17
P1,191,Nike Men's Free 5.0+ Running Shoe,2016-01-24,246,820.0,1165,116,A,3,P1|191|2016-01-24
P1,191,Nike Men's Free 5.0+ Running Shoe,2016-01-31,262,1626.0,1165,225,A,3,P1|191|2016-01-31
P1,191,Nike Men's Free 5.0+ Running Shoe,2016-02-07,237,1364.0,1165,226,A,3,P1|191|2016-02-07
P1,191,Nike Men's Free 5.0+ Running Shoe,2016-02-14,198,1127.0,1165,303,A,3,P1|191|2016-02-14
P1,191,Nike Men's Free 5.0+ Running Shoe,2016-02-21,242,929.0,1165,172,A,3,P1|191|2016-02-21
P1,191,Nike Men's Free 5.0+ Running Shoe,2016-02-28,250,1626.0,1165,264,A,3,P1|191|2016-02-28
P1,191,Nike Men's Free 5.0+ Running Shoe,2016-03-06,282,1376.0,1165,117,A,3,P1|191|2016-03-06
P1,191,Nike Men's Free 5.0+ Running Shoe,2016-03-13,197,1094.0,1165,261,A,3,P1|191|2016-03-13
P1,191,Nike Men's Free 5.0+ Running Shoe,2016-03-20,287,897.0,1165,144,A,3,P1|191|2016-03-20
P1,191,Nike Men's Free 5.0+ Running Shoe,2016-03-27,222,1626.0,1165,223,A,3,P1|191|2016-03-27
P1,191,Nike Men's Free 5.0+ Running Shoe,2016-04-03,270,1404.0,1165,175,A,3,P1|191|2016-04-03
P1,191,Nike Men's Free 5.0+ Running Shoe,2016-04-10,288,1134.0,1165,124,A,3,P1|191|2016-04-10
P1,191,Nike Men's Free 5.0+ Running Shoe,2016-04-17,223,846.0,1165,213,A,3,P1|191|2016-04-17
P1,191,Nike Men's Free 5.0+ Running Shoe,2016-04-24,276,1626.0,1165,134,A,3,P1|191|2016-04-24
P1,191,Nike Men's Free 5.0+ Running Shoe,2016-05-01,217,1350.0,1165,273,A,3,P1|191|2016-05-01
P1,191,Nike Men's Free 5.0+ Running Shoe,2016-05-08,202,1133.0,1165,220,A,3,P1|191|2016-05-08
P1,191,Nike Men's Free 5.0+ Running Shoe,2016-05-15,213,931.0,1165,195,A,3,P1|191|2016-05-15
P1,191,Nike Men's Free 5.0+ Running Shoe,2016-05-22,237,1626.0,1165,184,A,3,P1|191|2016-05-22
P1,191,Nike Men's Free 5.0+ Running Shoe,2016-05-29,226,1389.0,1165,194,A,3,P1|191|2016-05-29
P1,191,Nike Men's Free 5.0+ Running Shoe,2016-06-05,211,1163.0,1165,215,A,3,P1|191|2016-06-05
P1,191,Nike Men's Free 5.0+ Running Shoe,2016-06-12,225,952.0,1165,210,A,3,P1|191|2016-06-12
P1,191,Nike Men's Free 5.0+ Running Shoe,2016-06-19,271,1626.0,1165,214,A,3,P1|191|2016-06-19
P1,191,Nike Men's Free 5.0+ Running Shoe,2016-06-26,241,1355.0,1165,201,A,3,P1|191|2016-06-26
P1,191,Nike Men's Free 5.0+ Running Shoe,2016-07-03,274,1114.0,1165,203,A,3,P1|191|2016-07-03
P1,191,Nike Men's Free 5.0+ Running Shoe,2016-07-10,280,840.0,1165,140,A,3,P1|191|2016-07-10
P1,191,Nike Men's Free 5.0+ Running Shoe,2016-07-17,238,1626.0,1165,176,A,3,P1|191|2016-07-17
P1,191,Nike Men's Free 5.0+ Running Shoe,2016-07-24,243,1388.0,1165,258,A,3,P1|191|2016-07-24
P1,191,Nike Men's Free 5.0+ Running Shoe,2016-07-31,238,1145.0,1165,243,A,3,P1|191|2016-07-31
P1,191,Nike Men's Free 5.0+ Running Shoe,2016-08-07,268,907.0,1165,205,A,3,P1|191|2016-08-07
P1,191,Nike Men's Free 5.0+ Running Shoe,2016-08-14,248,1626.0,1165,170,A,3,P1|191|2016-08-14
P1,191,Nike Men's Free 5.0+ Running Shoe,2016-08-21,232,1378.0,1165,190,A,3,P1|191|2016-08-21
P1,191,Nike Men's Free 5.0+ Running Shoe,2016-08-28,234,1146.0,1165,169,A,3,P1|191|2016-08-28
P1,191,Nike Men's Free 5.0+ Running Shoe,2016-09-04,286,912.0,1165,138,A,3,P1|191|2016-09-04
P1,191,Nike Men's Free 5.0+ Running Shoe,2016-09-11,237,1626.0,1165,153,A,3,P1|191|2016-09-11
P1,191,Nike Men's Free 5.0+ Running Shoe,2016-09-18,254,1389.0,1165,193,A,3,P1|191|2016-09-18
P1,191,Nike Men's Free 5.0+ Running Shoe,2016-09-25,241,1135.0,1165,205,A,3,P1|191|2016-09-25
P1,191,Nike Men's Free 5.0+ Running Shoe,2016-10-02,270,894.0,1165,169,A,3,P1|191|2016-10-02
P1,191,Nike Men's Free 5.0+ Running Shoe,2016-10-09,206,1626.0,1165,313,A,3,P1|191|2016-10-09
P1,191,Nike Men's Free 5.0+ Running Shoe,2016-10-16,214,1420.0,1165,198,A,3,P1|191|2016-10-16
P1,191,Nike Men's Free 5.0+ Running Shoe,2016-10-23,217,1206.0,1165,237,A,3,P1|191|2016-10-23
P1,191,Nike Men's Free 5.0+ Running Shoe,2016-10-30,245,989.0,1165,90,A,3,P1|191|2016-10-30
P1,191,Nike Men's Free 5.0+ Running Shoe,2016-11-06,234,1626.0,1165,212,A,3,P1|191|2016-11-06
P1,191,Nike Men's Free 5.0+ Running Shoe,2016-11-13,278,1392.0,1165,130,A,3,P1|191|2016-11-13
P1,191,Nike Men's Free 5.0+ Running Shoe,2016-11-20,289,1114.0,1165,157,A,3,P1|191|2016-11-20
P1,191,Nike Men's Free 5.0+ Running Shoe,2016-11-27,295,825.0,1165,177,A,3,P1|191|2016-11-27
P1,191,Nike Men's Free 5.0+ Running Shoe,2016-12-04,274,1626.0,1165,124,A,3,P1|191|2016-12-04
P1,191,Nike Men's Free 5.0+ Running Shoe,2016-12-11,264,1352.0,1165,125,A,3,P1|191|2016-12-11
P1,191,Nike Men's Free 5.0+ Running Shoe,2016-12-18,271,1088.0,1165,118,A,3,P1|191|2016-12-18
P1,191,Nike Men's Free 5.0+ Running Shoe,2016-12-25,282,817.0,1165,184,A,3,P1|191|2016-12-25
P1,191,Nike Men's Free 5.0+ Running Shoe,2017-01-01,227,1626.0,1165,263,A,3,P1|191|2017-01-01
P1,191,Nike Men's Free 5.0+ Running Shoe,2017-01-08,296,1399.0,1165,150,A,3,P1|191|2017-01-08
P1,191,Nike Men's Free 5.0+ Running Shoe,2017-01-15,241,1103.0,1165,223,A,3,P1|191|2017-01-15
P1,191,Nike Men's Free 5.0+ Running Shoe,2017-01-22,301,862.0,1165,96,A,3,P1|191|2017-01-22
P1,191,Nike Men's Free 5.0+ Running Shoe,2017-01-29,269,1626.0,1165,225,A,3,P1|191|2017-01-29
P1,191,Nike Men's Free 5.0+ Running Shoe,2017-02-05,323,1357.0,1165,169,A,3,P1|191|2017-02-05
P1,191,Nike Men's Free 5.0+ Running Shoe,2017-02-12,277,1034.0,1165,250,A,3,P1|191|2017-02-12
P1,191,Nike Men's Free 5.0+ Running Shoe,2017-02-19,272,757.0,1165,166,A,3,P1|191|2017-02-19
P1,191,Nike Men's Free 5.0+ Running Shoe,2017-02-26,340,1626.0,1165,14,A,3,P1|191|2017-02-26
P1,191,Nike Men's Free 5.0+ Running Shoe,2017-03-05,247,1286.0,1165,215,A,3,P1|191|2017-03-05
P1,191,Nike Men's Free 5.0+ Running Shoe,2017-03-12,213,1039.0,1165,212,A,3,P1|191|2017-03-12
P1,191,Nike Men's Free 5.0+ Running Shoe,2017-03-19,263,826.0,1165,122,A,3,P1|191|2017-03-19
P1,191,Nike Men's Free 5.0+ Running Shoe,2017-03-26,250,1626.0,1165,235,A,3,P1|191|2017-03-26
P1,191,Nike Men's Free 5.0+ Running Shoe,2017-04-02,244,1376.0,1165,253,A,3,P1|191|2017-04-02
P1,191,Nike Men's Free 5.0+ Running Shoe,2017-04-09,216,1132.0,1165,224,A,3,P1|191|2017-04-09
P1,191,Nike Men's Free 5.0+ Running Shoe,2017-04-16,267,916.0,1165,237,A,3,P1|191|2017-04-16
P1,191,Nike Men's Free 5.0+ Running Shoe,2017-04-23,285,1626.0,1165,108,A,3,P1|191|2017-04-23
P1,191,Nike Men's Free 5.0+ Running Shoe,2017-04-30,229,1341.0,1165,226,A,3,P1|191|2017-04-30
P1,191,Nike Men's Free 5.0+ Running Shoe,2017-05-07,247,1112.0,1165,210,A,3,P1|191|2017-05-07
P1,191,Nike Men's Free 5.0+ Running Shoe,2017-05-14,252,865.0,1165,268,A,3,P1|191|2017-05-14
P1,191,Nike Men's Free 5.0+ Running Shoe,2017-05-21,243,1626.0,1165,226,A,3,P1|191|2017-05-21
P1,191,Nike Men's Free 5.0+ Running Shoe,2017-05-28,240,1383.0,1165,213,A,3,P1|191|2017-05-28
P1,191,Nike Men's Free 5.0+ Running Shoe,2017-06-04,246,1143.0,1165,194,A,3,P1|191|2017-06-04
P1,191,Nike Men's Free 5.0+ Running Shoe,2017-06-11,207,897.0,1165,318,A,3,P1|191|2017-06-11
P1,191,Nike Men's Free 5.0+ Running Shoe,2017-06-18,206,1626.0,1165,374,A,3,P1|191|2017-06-18
P1,191,Nike Men's Free 5.0+ Running Shoe,2017-06-25,279,1420.0,1165,191,A,3,P1|191|2017-06-25
P1,191,Nike Men's Free 5.0+ Running Shoe,2017-07-02,243,1141.0,1165,262,A,3,P1|191|2017-07-02
P1,191,Nike Men's Free 5.0+ Running Shoe,2017-07-09,238,898.0,1165,186,A,3,P1|191|2017-07-09
P1,191,Nike Men's Free 5.0+ Running Shoe,2017-07-16,232,1626.0,1165,225,A,3,P1|191|2017-07-16
P1,191,Nike Men's Free 5.0+ Running Shoe,2017-07-23,291,1394.0,1165,174,A,3,P1|191|2017-07-23
P1,191,Nike Men's Free 5.0+ Running Shoe,2017-07-30,279,1103.0,1165,180,A,3,P1|191|2017-07-30
P1,191,Nike Men's Free 5.0+ Running Shoe,2017-08-06,233,824.0,1165,258,A,3,P1|191|2017-08-06
P1,191,Nike Men's Free 5.0+ Running Shoe,2017-08-13,250,1626.0,1165,205,A,3,P1|191|2017-08-13
P1,191,Nike Men's Free 5.0+ Running Shoe,2017-08-20,251,1376.0,1165,230,A,3,P1|191|2017-08-20
P1,191,Nike Men's Free 5.0+ Running Shoe,2017-08-27,247,1125.0,1165,173,A,3,P1|191|2017-08-27
P1,191,Nike Men's Free 5.0+ Running Shoe,2017-09-03,272,878.0,1165,124,A,3,P1|191|2017-09-03
P1,191,Nike Men's Free 5.0+ Running Shoe,2017-09-10,289,1626.0,1165,199,A,3,P1|191|2017-09-10
P1,191,Nike Men's Free 5.0+ Running Shoe,2017-09-17,223,1337.0,1165,245,A,3,P1|191|2017-09-17
P1,191,Nike Men's Free 5.0+ Running Shoe,2017-09-24,281,1114.0,1165,270,A,3,P1|191|2017-09-24
P1,191,Nike Men's Free 5.0+ Running Shoe,2017-10-01,278,833.0,1165,225,A,3,P1|191|2017-10-01
P1,191,Nike Men's Free 5.0+ Running Shoe,2017-10-08,18,1626.0,1165,1017,A,3,P1|191|2017-10-08
P1,203,GoPro HERO3+ Black Edition Camera,2017-09-17,11,160.0,1165,245,C,1,P1|203|2017-09-17
P1,203,GoPro HERO3+ Black Edition Camera,2017-09-24,12,149.0,1165,270,C,1,P1|203|2017-09-24
P1,203,GoPro HERO3+ Black Edition Camera,2017-10-01,9,137.0,1165,225,C,1,P1|203|2017-10-01
P1,208,SOLE E35 Elliptical,2017-10-01,10,112.0,1165,225,C,1,P1|208|2017-10-01
P1,208,SOLE E35 Elliptical,2017-10-08,5,102.0,1165,1017,C,1,P1|208|2017-10-08
P1,216,Yakima DoubleDown Ace Hitch Mount 4-Bike Rack,2017-04-30,4,48.0,1165,226,C,1,P1|216|2017-04-30
P1,216,Yakima DoubleDown Ace Hitch Mount 4-Bike Rack,2017-05-07,2,44.0,1165,210,C,1,P1|216|2017-05-07
P1,216,Yakima DoubleDown Ace Hitch Mount 4-Bike Rack,2017-05-14,1,42.0,1165,268,C,1,P1|216|2017-05-14
P1,216,Yakima DoubleDown Ace Hitch Mount 4-Bike Rack,2017-05-21,3,41.0,1165,226,C,1,P1|216|2017-05-21
P1,216,Yakima DoubleDown Ace Hitch Mount 4-Bike Rack,2017-05-28,0,38.0,1165,213,C,1,P1|216|2017-05-28
P1,216,Yakima DoubleDown Ace Hitch Mount 4-Bike Rack,2017-06-04,3,38.0,1165,194,C,1,P1|216|2017-06-04
P1,216,Yakima DoubleDown Ace Hitch Mount 4-Bike Rack,2017-06-11,2,35.0,1165,318,C,1,P1|216|2017-06-11
P1,216,Yakima DoubleDown Ace Hitch Mount 4-Bike Rack,2017-06-18,4,33.0,1165,374,C,1,P1|216|2017-06-18
P1,216,Yakima DoubleDown Ace Hitch Mount 4-Bike Rack,2017-06-25,3,29.0,1165,191,C,1,P1|216|2017-06-25
P1,216,Yakima DoubleDown Ace Hitch Mount 4-Bike Rack,2017-07-02,3,26.0,1165,262,C,1,P1|216|2017-07-02
P1,216,Yakima DoubleDown Ace Hitch Mount 4-Bike Rack,2017-07-09,1,23.0,1165,186,C,1,P1|216|2017-07-09
P1,216,Yakima DoubleDown Ace Hitch Mount 4-Bike Rack,2017-07-16,3,22.0,1165,225,C,1,P1|216|2017-07-16
P1,216,Yakima DoubleDown Ace Hitch Mount 4-Bike Rack,2017-07-23,5,19.0,1165,174,C,1,P1|216|2017-07-23
P1,216,Yakima DoubleDown Ace Hitch Mount 4-Bike Rack,2017-07-30,4,14.0,1165,180,C,1,P1|216|2017-07-30
P1,216,Yakima DoubleDown Ace Hitch Mount 4-Bike Rack,2017-08-06,3,10.0,1165,258,C,1,P1|216|2017-08-06
P1,216,Yakima DoubleDown Ace Hitch Mount 4-Bike Rack,2017-08-13,5,7.0,1165,205,C,1,P1|216|2017-08-13
P1,216,Yakima DoubleDown Ace Hitch Mount 4-Bike Rack,2017-08-20,7,10.0,1165,230,C,1,P1|216|2017-08-20
P1,216,Yakima DoubleDown Ace Hitch Mount 4-Bike Rack,2017-08-27,3,3.0,1165,173,C,1,P1|216|2017-08-27
P1,216,Yakima DoubleDown Ace Hitch Mount 4-Bike Rack,2017-09-03,6,0.0,1165,124,C,1,P1|216|2017-09-03
P1,216,Yakima DoubleDown Ace Hitch Mount 4-Bike Rack,2017-09-10,2,0.0,1165,199,C,1,P1|216|2017-09-10
P1,226,Bowflex SelectTech 1090 Dumbbells,2017-10-01,10,150.0,1165,225,C,1,P1|226|2017-10-01
P1,235,Under Armour Hustle Storm Medium Duffle Bag,2015-01-04,4,105.0,1165,598,C,1,P1|235|2015-01-04
P1,235,Under Armour Hustle Storm Medium Duffle Bag,2015-01-11,2,101.0,1165,196,C,1,P1|235|2015-01-11
P1,235,Under Armour Hustle Storm Medium Duffle Bag,2015-01-18,3,99.0,1165,177,C,1,P1|235|2015-01-18
P1,235,Under Armour Hustle Storm Medium Duffle Bag,2015-01-25,21,96.0,1165,156,C,1,P1|235|2015-01-25
P1,235,Under Armour Hustle Storm Medium Duffle Bag,2015-02-01,9,75.0,1165,202,C,1,P1|235|2015-02-01
P1,235,Under Armour Hustle Storm Medium Duffle Bag,2015-02-08,4,66.0,1165,249,C,1,P1|235|2015-02-08
P1,235,Under Armour Hustle Storm Medium Duffle Bag,2015-02-15,1,62.0,1165,239,C,1,P1|235|2015-02-15
P1,235,Under Armour Hustle Storm Medium Duffle Bag,2015-02-22,7,61.0,1165,183,C,1,P1|235|2015-02-22
P1,235,Under Armour Hustle Storm Medium Duffle Bag,2015-03-01,7,54.0,1165,181,C,1,P1|235|2015-03-01
P1,235,Under Armour Hustle Storm Medium Duffle Bag,2015-03-08,1,47.0,1165,161,C,1,P1|235|2015-03-08
P1,235,Under Armour Hustle Storm Medium Duffle Bag,2015-03-15,1,46.0,1165,121,C,1,P1|235|2015-03-15
P1,235,Under Armour Hustle Storm Medium Duffle Bag,2015-03-22,5,45.0,1165,256,C,1,P1|235|2015-03-22
P1,235,Under Armour Hustle Storm Medium Duffle Bag,2015-03-29,5,40.0,1165,304,C,1,P1|235|2015-03-29
P1,235,Under Armour Hustle Storm Medium Duffle Bag,2015-04-05,5,35.0,1165,143,C,1,P1|235|2015-04-05
P1,235,Under Armour Hustle Storm Medium Duffle Bag,2015-04-12,10,30.0,1165,237,C,1,P1|235|2015-04-12
P1,235,Under Armour Hustle Storm Medium Duffle Bag,2015-04-19,11,20.0,1165,131,C,1,P1|235|2015-04-19
P1,235,Under Armour Hustle Storm Medium Duffle Bag,2015-04-26,26,21.0,1165,218,C,1,P1|235|2015-04-26
P1,235,Under Armour Hustle Storm Medium Duffle Bag,2015-05-03,17,0.0,1165,196,C,1,P1|235|2015-05-03
P1,235,Under Armour Hustle Storm Medium Duffle Bag,2015-05-10,1,0.0,1165,192,C,1,P1|235|2015-05-10
P1,235,Under Armour Hustle Storm Medium Duffle Bag,2015-05-17,9,0.0,1165,137,C,1,P1|235|2015-05-17
P1,235,Under Armour Hustle Storm Medium Duffle Bag,2015-05-24,13,21.0,1165,152,C,1,P1|235|2015-05-24
P1,235,Under Armour Hustle Storm Medium Duffle Bag,2015-05-31,2,8.0,1165,167,C,1,P1|235|2015-05-31
P1,235,Under Armour Hustle Storm Medium Duffle Bag,2015-06-07,0,6.0,1165,131,C,1,P1|235|2015-06-07
P1,235,Under Armour Hustle Storm Medium Duffle Bag,2015-06-14,8,6.0,1165,228,C,1,P1|235|2015-06-14
P1,235,Under Armour Hustle Storm Medium Duffle Bag,2015-06-21,16,21.0,1165,119,C,1,P1|235|2015-06-21
P1,235,Under Armour Hustle Storm Medium Duffle Bag,2015-06-28,8,5.0,1165,198,C,1,P1|235|2015-06-28
P1,235,Under Armour Hustle Storm Medium Duffle Bag,2015-07-05,5,0.0,1165,139,C,1,P1|235|2015-07-05
P1,235,Under Armour Hustle Storm Medium Duffle Bag,2015-07-12,0,0.0,1165,257,C,1,P1|235|2015-07-12
P1,235,Under Armour Hustle Storm Medium Duffle Bag,2015-07-19,14,21.0,1165,115,C,1,P1|235|2015-07-19
P1,235,Under Armour Hustle Storm Medium Duffle Bag,2015-07-26,5,7.0,1165,299,C,1,P1|235|2015-07-26
P1,235,Under Armour Hustle Storm Medium Duffle Bag,2015-08-02,7,2.0,1165,225,C,1,P1|235|2015-08-02
P1,235,Under Armour Hustle Storm Medium Duffle Bag,2015-08-09,11,0.0,1165,174,C,1,P1|235|2015-08-09
P1,235,Under Armour Hustle Storm Medium Duffle Bag,2015-08-16,1,21.0,1165,142,C,1,P1|235|2015-08-16
P1,235,Under Armour Hustle Storm Medium Duffle Bag,2015-08-23,6,20.0,1165,200,C,1,P1|235|2015-08-23
P1,235,Under Armour Hustle Storm Medium Duffle Bag,2015-08-30,10,14.0,1165,141,C,1,P1|235|2015-08-30
P1,235,Under Armour Hustle Storm Medium Duffle Bag,2015-09-06,9,4.0,1165,148,C,1,P1|235|2015-09-06
P1,235,Under Armour Hustle Storm Medium Duffle Bag,2015-09-13,3,21.0,1165,127,C,1,P1|235|2015-09-13
P1,235,Under Armour Hustle Storm Medium Duffle Bag,2015-09-20,2,18.0,1165,331,C,1,P1|235|2015-09-20
P1,235,Under Armour Hustle Storm Medium Duffle Bag,2015-09-27,13,16.0,1165,107,C,1,P1|235|2015-09-27
P1,235,Under Armour Hustle Storm Medium Duffle Bag,2015-10-04,17,3.0,1165,157,C,1,P1|235|2015-10-04
P1,235,Under Armour Hustle Storm Medium Duffle Bag,2015-10-11,3,21.0,1165,191,C,1,P1|235|2015-10-11
P1,235,Under Armour Hustle Storm Medium Duffle Bag,2015-10-18,14,18.0,1165,250,C,1,P1|235|2015-10-18
P1,235,Under Armour Hustle Storm Medium Duffle Bag,2015-10-25,3,4.0,1165,229,C,1,P1|235|2015-10-25
P1,235,Under Armour Hustle Storm Medium Duffle Bag,2015-11-01,11,1.0,1165,145,C,1,P1|235|2015-11-01
P1,235,Under Armour Hustle Storm Medium Duffle Bag,2015-11-08,8,21.0,1165,185,C,1,P1|235|2015-11-08
P1,235,Under Armour Hustle Storm Medium Duffle Bag,2015-11-15,12,13.0,1165,233,C,1,P1|235|2015-11-15
P1,235,Under Armour Hustle Storm Medium Duffle Bag,2015-11-22,4,1.0,1165,166,C,1,P1|235|2015-11-22
P1,235,Under Armour Hustle Storm Medium Duffle Bag,2015-11-29,8,0.0,1165,175,C,1,P1|235|2015-11-29
P1,235,Under Armour Hustle Storm Medium Duffle Bag,2015-12-06,5,21.0,1165,198,C,1,P1|235|2015-12-06
P1,235,Under Armour Hustle Storm Medium Duffle Bag,2015-12-13,8,16.0,1165,168,C,1,P1|235|2015-12-13
P1,235,Under Armour Hustle Storm Medium Duffle Bag,2015-12-20,10,8.0,1165,258,C,1,P1|235|2015-12-20
P1,235,Under Armour Hustle Storm Medium Duffle Bag,2015-12-27,9,0.0,1165,89,C,1,P1|235|2015-12-27
P1,235,Under Armour Hustle Storm Medium Duffle Bag,2016-01-03,4,21.0,1165,229,C,1,P1|235|2016-01-03
P1,235,Under Armour Hustle Storm Medium Duffle Bag,2016-01-10,2,17.0,1165,245,C,1,P1|235|2016-01-10
P1,235,Under Armour Hustle Storm Medium Duffle Bag,2016-01-17,12,15.0,1165,233,C,1,P1|235|2016-01-17
P1,235,Under Armour Hustle Storm Medium Duffle Bag,2016-01-24,5,3.0,1165,116,C,1,P1|235|2016-01-24
P1,235,Under Armour Hustle Storm Medium Duffle Bag,2016-01-31,8,21.0,1165,225,C,1,P1|235|2016-01-31
P1,235,Under Armour Hustle Storm Medium Duffle Bag,2016-02-07,2,13.0,1165,226,C,1,P1|235|2016-02-07
P1,235,Under Armour Hustle Storm Medium Duffle Bag,2016-02-14,5,11.0,1165,303,C,1,P1|235|2016-02-14
P1,235,Under Armour Hustle Storm Medium Duffle Bag,2016-02-21,2,6.0,1165,172,C,1,P1|235|2016-02-21
P1,235,Under Armour Hustle Storm Medium Duffle Bag,2016-02-28,7,21.0,1165,264,C,1,P1|235|2016-02-28
P1,235,Under Armour Hustle Storm Medium Duffle Bag,2016-03-06,2,14.0,1165,117,C,1,P1|235|2016-03-06
P1,235,Under Armour Hustle Storm Medium Duffle Bag,2016-03-13,1,12.0,1165,261,C,1,P1|235|2016-03-13
P1,235,Under Armour Hustle Storm Medium Duffle Bag,2016-03-20,4,11.0,1165,144,C,1,P1|235|2016-03-20
P1,235,Under Armour Hustle Storm Medium Duffle Bag,2016-03-27,12,21.0,1165,223,C,1,P1|235|2016-03-27
P1,235,Under Armour Hustle Storm Medium Duffle Bag,2016-04-03,8,9.0,1165,175,C,1,P1|235|2016-04-03
P1,235,Under Armour Hustle Storm Medium Duffle Bag,2016-04-10,14,1.0,1165,124,C,1,P1|235|2016-04-10
P1,235,Under Armour Hustle Storm Medium Duffle Bag,2016-04-17,2,0.0,1165,213,C,1,P1|235|2016-04-17
P1,235,Under Armour Hustle Storm Medium Duffle Bag,2016-04-24,7,21.0,1165,134,C,1,P1|235|2016-04-24
P1,235,Under Armour Hustle Storm Medium Duffle Bag,2016-05-01,3,14.0,1165,273,C,1,P1|235|2016-05-01
P1,235,Under Armour Hustle Storm Medium Duffle Bag,2016-05-08,3,11.0,1165,220,C,1,P1|235|2016-05-08
P1,235,Under Armour Hustle Storm Medium Duffle Bag,2016-05-15,10,8.0,1165,195,C,1,P1|235|2016-05-15
P1,235,Under Armour Hustle Storm Medium Duffle Bag,2016-05-22,24,21.0,1165,184,C,1,P1|235|2016-05-22
P1,235,Under Armour Hustle Storm Medium Duffle Bag,2016-05-29,5,0.0,1165,194,C,1,P1|235|2016-05-29
P1,235,Under Armour Hustle Storm Medium Duffle Bag,2016-06-05,1,0.0,1165,215,C,1,P1|235|2016-06-05
P1,235,Under Armour Hustle Storm Medium Duffle Bag,2016-06-12,6,0.0,1165,210,C,1,P1|235|2016-06-12
P1,235,Under Armour Hustle Storm Medium Duffle Bag,2016-06-19,5,21.0,1165,214,C,1,P1|235|2016-06-19
P1,235,Under Armour Hustle Storm Medium Duffle Bag,2016-06-26,4,16.0,1165,201,C,1,P1|235|2016-06-26
P1,235,Under Armour Hustle Storm Medium Duffle Bag,2016-07-03,0,12.0,1165,203,C,1,P1|235|2016-07-03
P1,235,Under Armour Hustle Storm Medium Duffle Bag,2016-07-10,11,12.0,1165,140,C,1,P1|235|2016-07-10
P1,235,Under Armour Hustle Storm Medium Duffle Bag,2016-07-17,0,21.0,1165,176,C,1,P1|235|2016-07-17
P1,235,Under Armour Hustle Storm Medium Duffle Bag,2016-07-24,8,21.0,1165,258,C,1,P1|235|2016-07-24
P1,235,Under Armour Hustle Storm Medium Duffle Bag,2016-07-31,8,13.0,1165,243,C,1,P1|235|2016-07-31
P1,235,Under Armour Hustle Storm Medium Duffle Bag,2016-08-07,9,5.0,1165,205,C,1,P1|235|2016-08-07
P1,235,Under Armour Hustle Storm Medium Duffle Bag,2016-08-14,10,21.0,1165,170,C,1,P1|235|2016-08-14
P1,235,Under Armour Hustle Storm Medium Duffle Bag,2016-08-21,7,11.0,1165,190,C,1,P1|235|2016-08-21
P1,235,Under Armour Hustle Storm Medium Duffle Bag,2016-08-28,9,4.0,1165,169,C,1,P1|235|2016-08-28
P1,235,Under Armour Hustle Storm Medium Duffle Bag,2016-09-04,7,0.0,1165,138,C,1,P1|235|2016-09-04
P1,235,Under Armour Hustle Storm Medium Duffle Bag,2016-09-11,13,21.0,1165,153,C,1,P1|235|2016-09-11
P1,235,Under Armour Hustle Storm Medium Duffle Bag,2016-09-18,3,8.0,1165,193,C,1,P1|235|2016-09-18
P1,235,Under Armour Hustle Storm Medium Duffle Bag,2016-09-25,3,5.0,1165,205,C,1,P1|235|2016-09-25
P1,235,Under Armour Hustle Storm Medium Duffle Bag,2016-10-02,9,2.0,1165,169,C,1,P1|235|2016-10-02
P1,235,Under Armour Hustle Storm Medium Duffle Bag,2016-10-09,15,21.0,1165,313,C,1,P1|235|2016-10-09
P1,235,Under Armour Hustle Storm Medium Duffle Bag,2016-10-16,8,6.0,1165,198,C,1,P1|235|2016-10-16
P1,235,Under Armour Hustle Storm Medium Duffle Bag,2016-10-23,5,0.0,1165,237,C,1,P1|235|2016-10-23
P1,235,Under Armour Hustle Storm Medium Duffle Bag,2016-10-30,0,0.0,1165,90,C,1,P1|235|2016-10-30
P1,235,Under Armour Hustle Storm Medium Duffle Bag,2016-11-06,12,21.0,1165,212,C,1,P1|235|2016-11-06
P1,235,Under Armour Hustle Storm Medium Duffle Bag,2016-11-13,6,9.0,1165,130,C,1,P1|235|2016-11-13
P1,235,Under Armour Hustle Storm Medium Duffle Bag,2016-11-20,9,3.0,1165,157,C,1,P1|235|2016-11-20
P1,235,Under Armour Hustle Storm Medium Duffle Bag,2016-11-27,2,0.0,1165,177,C,1,P1|235|2016-11-27
P1,235,Under Armour Hustle Storm Medium Duffle Bag,2016-12-04,7,21.0,1165,124,C,1,P1|235|2016-12-04
P1,235,Under Armour Hustle Storm Medium Duffle Bag,2016-12-11,11,14.0,1165,125,C,1,P1|235|2016-12-11
P1,235,Under Armour Hustle Storm Medium Duffle Bag,2016-12-18,11,3.0,1165,118,C,1,P1|235|2016-12-18
P1,235,Under Armour Hustle Storm Medium Duffle Bag,2016-12-25,8,0.0,1165,184,C,1,P1|235|2016-12-25
P1,235,Under Armour Hustle Storm Medium Duffle Bag,2017-01-01,2,21.0,1165,263,C,1,P1|235|2017-01-01
P1,235,Under Armour Hustle Storm Medium Duffle Bag,2017-01-08,8,19.0,1165,150,C,1,P1|235|2017-01-08
P1,235,Under Armour Hustle Storm Medium Duffle Bag,2017-01-15,7,11.0,1165,223,C,1,P1|235|2017-01-15
P1,235,Under Armour Hustle Storm Medium Duffle Bag,2017-01-22,14,4.0,1165,96,C,1,P1|235|2017-01-22
P1,235,Under Armour Hustle Storm Medium Duffle Bag,2017-01-29,0,21.0,1165,225,C,1,P1|235|2017-01-29
P1,235,Under Armour Hustle Storm Medium Duffle Bag,2017-02-05,2,21.0,1165,169,C,1,P1|235|2017-02-05
P1,235,Under Armour Hustle Storm Medium Duffle Bag,2017-02-12,0,19.0,1165,250,C,1,P1|235|2017-02-12
P1,235,Under Armour Hustle Storm Medium Duffle Bag,2017-02-19,11,19.0,1165,166,C,1,P1|235|2017-02-19
P1,235,Under Armour Hustle Storm Medium Duffle Bag,2017-02-26,3,21.0,1165,14,C,1,P1|235|2017-02-26
P1,235,Under Armour Hustle Storm Medium Duffle Bag,2017-03-05,16,18.0,1165,215,C,1,P1|235|2017-03-05
P1,235,Under Armour Hustle Storm Medium Duffle Bag,2017-03-12,3,2.0,1165,212,C,1,P1|235|2017-03-12
P1,235,Under Armour Hustle Storm Medium Duffle Bag,2017-03-19,11,0.0,1165,122,C,1,P1|235|2017-03-19
P1,235,Under Armour Hustle Storm Medium Duffle Bag,2017-03-26,17,21.0,1165,235,C,1,P1|235|2017-03-26
P1,235,Under Armour Hustle Storm Medium Duffle Bag,2017-04-02,0,4.0,1165,253,C,1,P1|235|2017-04-02
P1,235,Under Armour Hustle Storm Medium Duffle Bag,2017-04-09,5,4.0,1165,224,C,1,P1|235|2017-04-09
P1,235,Under Armour Hustle Storm Medium Duffle Bag,2017-04-16,1,0.0,1165,237,C,1,P1|235|2017-04-16
P1,235,Under Armour Hustle Storm Medium Duffle Bag,2017-04-23,3,21.0,1165,108,C,1,P1|235|2017-04-23
P1,249,Under Armour Women's Micro G Skulpt Running S,2015-01-11,7,106.0,1165,196,C,1,P1|249|2015-01-11
P1,249,Under Armour Women's Micro G Skulpt Running S,2015-01-18,4,99.0,1165,177,C,1,P1|249|2015-01-18
P1,249,Under Armour Women's Micro G Skulpt Running S,2015-01-25,4,95.0,1165,156,C,1,P1|249|2015-01-25
P1,249,Under Armour Women's Micro G Skulpt Running S,2015-02-01,9,91.0,1165,202,C,1,P1|249|2015-02-01
P1,249,Under Armour Women's Micro G Skulpt Running S,2015-02-08,4,82.0,1165,249,C,1,P1|249|2015-02-08
P1,249,Under Armour Women's Micro G Skulpt Running S,2015-02-15,5,78.0,1165,239,C,1,P1|249|2015-02-15
P1,249,Under Armour Women's Micro G Skulpt Running S,2015-02-22,0,73.0,1165,183,C,1,P1|249|2015-02-22
P1,249,Under Armour Women's Micro G Skulpt Running S,2015-03-01,0,73.0,1165,181,C,1,P1|249|2015-03-01
P1,249,Under Armour Women's Micro G Skulpt Running S,2015-03-08,12,73.0,1165,161,C,1,P1|249|2015-03-08
P1,249,Under Armour Women's Micro G Skulpt Running S,2015-03-15,7,61.0,1165,121,C,1,P1|249|2015-03-15
P1,249,Under Armour Women's Micro G Skulpt Running S,2015-03-22,11,54.0,1165,256,C,1,P1|249|2015-03-22
P1,249,Under Armour Women's Micro G Skulpt Running S,2015-03-29,6,43.0,1165,304,C,1,P1|249|2015-03-29
P1,249,Under Armour Women's Micro G Skulpt Running S,2015-04-05,15,37.0,1165,143,C,1,P1|249|2015-04-05
P1,249,Under Armour Women's Micro G Skulpt Running S,2015-04-12,17,22.0,1165,237,C,1,P1|249|2015-04-12
P1,249,Under Armour Women's Micro G Skulpt Running S,2015-04-19,7,5.0,1165,131,C,1,P1|249|2015-04-19
P1,249,Under Armour Women's Micro G Skulpt Running S,2015-04-26,0,0.0,1165,218,C,1,P1|249|2015-04-26
P1,249,Under Armour Women's Micro G Skulpt Running S,2015-05-03,3,21.0,1165,196,C,1,P1|249|2015-05-03
P1,249,Under Armour Women's Micro G Skulpt Running S,2015-05-10,11,18.0,1165,192,C,1,P1|249|2015-05-10
P1,249,Under Armour Women's Micro G Skulpt Running S,2015-05-17,6,7.0,1165,137,C,1,P1|249|2015-05-17
P1,249,Under Armour Women's Micro G Skulpt Running S,2015-05-24,7,1.0,1165,152,C,1,P1|249|2015-05-24
P1,249,Under Armour Women's Micro G Skulpt Running S,2015-05-31,8,21.0,1165,167,C,1,P1|249|2015-05-31
P1,249,Under Armour Women's Micro G Skulpt Running S,2015-06-07,4,13.0,1165,131,C,1,P1|249|2015-06-07
P1,249,Under Armour Women's Micro G Skulpt Running S,2015-06-14,0,9.0,1165,228,C,1,P1|249|2015-06-14
P1,249,Under Armour Women's Micro G Skulpt Running S,2015-06-21,9,9.0,1165,119,C,1,P1|249|2015-06-21
P1,249,Under Armour Women's Micro G Skulpt Running S,2015-06-28,9,21.0,1165,198,C,1,P1|249|2015-06-28
P1,249,Under Armour Women's Micro G Skulpt Running S,2015-07-05,0,12.0,1165,139,C,1,P1|249|2015-07-05
P1,249,Under Armour Women's Micro G Skulpt Running S,2015-07-12,5,12.0,1165,257,C,1,P1|249|2015-07-12
P1,249,Under Armour Women's Micro G Skulpt Running S,2015-07-19,0,7.0,1165,115,C,1,P1|249|2015-07-19
P1,249,Under Armour Women's Micro G Skulpt Running S,2015-07-26,8,21.0,1165,299,C,1,P1|249|2015-07-26
P1,249,Under Armour Women's Micro G Skulpt Running S,2015-08-02,0,13.0,1165,225,C,1,P1|249|2015-08-02
P1,249,Under Armour Women's Micro G Skulpt Running S,2015-08-09,7,13.0,1165,174,C,1,P1|249|2015-08-09
P1,249,Under Armour Women's Micro G Skulpt Running S,2015-08-16,11,6.0,1165,142,C,1,P1|249|2015-08-16
P1,249,Under Armour Women's Micro G Skulpt Running S,2015-08-23,0,21.0,1165,200,C,1,P1|249|2015-08-23
P1,249,Under Armour Women's Micro G Skulpt Running S,2015-08-30,4,21.0,1165,141,C,1,P1|249|2015-08-30
P1,249,Under Armour Women's Micro G Skulpt Running S,2015-09-06,2,17.0,1165,148,C,1,P1|249|2015-09-06
P1,249,Under Armour Women's Micro G Skulpt Running S,2015-09-13,9,15.0,1165,127,C,1,P1|249|2015-09-13
P1,249,Under Armour Women's Micro G Skulpt Running S,2015-09-20,10,21.0,1165,331,C,1,P1|249|2015-09-20
P1,249,Under Armour Women's Micro G Skulpt Running S,2015-09-27,5,11.0,1165,107,C,1,P1|249|2015-09-27
P1,249,Under Armour Women's Micro G Skulpt Running S,2015-10-04,21,6.0,1165,157,C,1,P1|249|2015-10-04
P1,249,Under Armour Women's Micro G Skulpt Running S,2015-10-11,2,0.0,1165,191,C,1,P1|249|2015-10-11
P1,249,Under Armour Women's Micro G Skulpt Running S,2015-10-18,9,21.0,1165,250,C,1,P1|249|2015-10-18
P1,249,Under Armour Women's Micro G Skulpt Running S,2015-10-25,3,12.0,1165,229,C,1,P1|249|2015-10-25
P1,249,Under Armour Women's Micro G Skulpt Running S,2015-11-01,4,9.0,1165,145,C,1,P1|249|2015-11-01
P1,249,Under Armour Women's Micro G Skulpt Running S,2015-11-08,1,5.0,1165,185,C,1,P1|249|2015-11-08
P1,249,Under Armour Women's Micro G Skulpt Running S,2015-11-15,8,21.0,1165,233,C,1,P1|249|2015-11-15
P1,249,Under Armour Women's Micro G Skulpt Running S,2015-11-22,12,13.0,1165,166,C,1,P1|249|2015-11-22
P1,249,Under Armour Women's Micro G Skulpt Running S,2015-11-29,3,1.0,1165,175,C,1,P1|249|2015-11-29
P1,249,Under Armour Women's Micro G Skulpt Running S,2015-12-06,14,0.0,1165,198,C,1,P1|249|2015-12-06
P1,249,Under Armour Women's Micro G Skulpt Running S,2015-12-13,16,21.0,1165,168,C,1,P1|249|2015-12-13
P1,249,Under Armour Women's Micro G Skulpt Running S,2015-12-20,7,5.0,1165,258,C,1,P1|249|2015-12-20
P1,249,Under Armour Women's Micro G Skulpt Running S,2015-12-27,1,0.0,1165,89,C,1,P1|249|2015-12-27
P1,249,Under Armour Women's Micro G Skulpt Running S,2016-01-03,2,0.0,1165,229,C,1,P1|249|2016-01-03
P1,249,Under Armour Women's Micro G Skulpt Running S,2016-01-10,0,21.0,1165,245,C,1,P1|249|2016-01-10
P1,249,Under Armour Women's Micro G Skulpt Running S,2016-01-17,7,21.0,1165,233,C,1,P1|249|2016-01-17
P1,249,Under Armour Women's Micro G Skulpt Running S,2016-01-24,9,14.0,1165,116,C,1,P1|249|2016-01-24
P1,249,Under Armour Women's Micro G Skulpt Running S,2016-01-31,12,5.0,1165,225,C,1,P1|249|2016-01-31
P1,249,Under Armour Women's Micro G Skulpt Running S,2016-02-07,2,21.0,1165,226,C,1,P1|249|2016-02-07
P1,249,Under Armour Women's Micro G Skulpt Running S,2016-02-14,15,19.0,1165,303,C,1,P1|249|2016-02-14
P1,249,Under Armour Women's Micro G Skulpt Running S,2016-02-21,6,4.0,1165,172,C,1,P1|249|2016-02-21
P1,249,Under Armour Women's Micro G Skulpt Running S,2016-02-28,7,0.0,1165,264,C,1,P1|249|2016-02-28
P1,249,Under Armour Women's Micro G Skulpt Running S,2016-03-06,1,21.0,1165,117,C,1,P1|249|2016-03-06
P1,249,Under Armour Women's Micro G Skulpt Running S,2016-03-13,9,20.0,1165,261,C,1,P1|249|2016-03-13
P1,249,Under Armour Women's Micro G Skulpt Running S,2016-03-20,4,11.0,1165,144,C,1,P1|249|2016-03-20
P1,249,Under Armour Women's Micro G Skulpt Running S,2016-03-27,2,7.0,1165,223,C,1,P1|249|2016-03-27
P1,249,Under Armour Women's Micro G Skulpt Running S,2016-04-03,5,21.0,1165,175,C,1,P1|249|2016-04-03
P1,249,Under Armour Women's Micro G Skulpt Running S,2016-04-10,5,16.0,1165,124,C,1,P1|249|2016-04-10
P1,249,Under Armour Women's Micro G Skulpt Running S,2016-04-17,0,11.0,1165,213,C,1,P1|249|2016-04-17
P1,249,Under Armour Women's Micro G Skulpt Running S,2016-04-24,8,11.0,1165,134,C,1,P1|249|2016-04-24
P1,249,Under Armour Women's Micro G Skulpt Running S,2016-05-01,0,21.0,1165,273,C,1,P1|249|2016-05-01
P1,249,Under Armour Women's Micro G Skulpt Running S,2016-05-08,15,21.0,1165,220,C,1,P1|249|2016-05-08
P1,249,Under Armour Women's Micro G Skulpt Running S,2016-05-15,5,6.0,1165,195,C,1,P1|249|2016-05-15
P1,249,Under Armour Women's Micro G Skulpt Running S,2016-05-22,11,1.0,1165,184,C,1,P1|249|2016-05-22
P1,249,Under Armour Women's Micro G Skulpt Running S,2016-05-29,6,21.0,1165,194,C,1,P1|249|2016-05-29
P1,249,Under Armour Women's Micro G Skulpt Running S,2016-06-05,10,15.0,1165,215,C,1,P1|249|2016-06-05
P1,249,Under Armour Women's Micro G Skulpt Running S,2016-06-12,8,5.0,1165,210,C,1,P1|249|2016-06-12
P1,249,Under Armour Women's Micro G Skulpt Running S,2016-06-19,1,0.0,1165,214,C,1,P1|249|2016-06-19
P1,249,Under Armour Women's Micro G Skulpt Running S,2016-06-26,8,21.0,1165,201,C,1,P1|249|2016-06-26
P1,249,Under Armour Women's Micro G Skulpt Running S,2016-07-03,5,13.0,1165,203,C,1,P1|249|2016-07-03
P1,249,Under Armour Women's Micro G Skulpt Running S,2016-07-10,9,8.0,1165,140,C,1,P1|249|2016-07-10
P1,249,Under Armour Women's Micro G Skulpt Running S,2016-07-17,17,0.0,1165,176,C,1,P1|249|2016-07-17
P1,249,Under Armour Women's Micro G Skulpt Running S,2016-07-24,6,21.0,1165,258,C,1,P1|249|2016-07-24
P1,249,Under Armour Women's Micro G Skulpt Running S,2016-07-31,4,15.0,1165,243,C,1,P1|249|2016-07-31
P1,249,Under Armour Women's Micro G Skulpt Running S,2016-08-07,2,11.0,1165,205,C,1,P1|249|2016-08-07
P1,249,Under Armour Women's Micro G Skulpt Running S,2016-08-14,6,9.0,1165,170,C,1,P1|249|2016-08-14
P1,249,Under Armour Women's Micro G Skulpt Running S,2016-08-21,8,21.0,1165,190,C,1,P1|249|2016-08-21
P1,249,Under Armour Women's Micro G Skulpt Running S,2016-08-28,10,13.0,1165,169,C,1,P1|249|2016-08-28
P1,249,Under Armour Women's Micro G Skulpt Running S,2016-09-04,31,3.0,1165,138,C,1,P1|249|2016-09-04
P1,249,Under Armour Women's Micro G Skulpt Running S,2016-09-11,2,0.0,1165,153,C,1,P1|249|2016-09-11
P1,249,Under Armour Women's Micro G Skulpt Running S,2016-09-18,5,21.0,1165,193,C,1,P1|249|2016-09-18
P1,249,Under Armour Women's Micro G Skulpt Running S,2016-09-25,6,16.0,1165,205,C,1,P1|249|2016-09-25
P1,249,Under Armour Women's Micro G Skulpt Running S,2016-10-02,7,10.0,1165,169,C,1,P1|249|2016-10-02
P1,249,Under Armour Women's Micro G Skulpt Running S,2016-10-09,9,3.0,1165,313,C,1,P1|249|2016-10-09
P1,249,Under Armour Women's Micro G Skulpt Running S,2016-10-16,8,21.0,1165,198,C,1,P1|249|2016-10-16
P1,249,Under Armour Women's Micro G Skulpt Running S,2016-10-23,0,13.0,1165,237,C,1,P1|249|2016-10-23
P1,249,Under Armour Women's Micro G Skulpt Running S,2016-10-30,12,13.0,1165,90,C,1,P1|249|2016-10-30
P1,249,Under Armour Women's Micro G Skulpt Running S,2016-11-06,6,1.0,1165,212,C,1,P1|249|2016-11-06
P1,249,Under Armour Women's Micro G Skulpt Running S,2016-11-13,24,21.0,1165,130,C,1,P1|249|2016-11-13
P1,249,Under Armour Women's Micro G Skulpt Running S,2016-11-20,17,0.0,1165,157,C,1,P1|249|2016-11-20
P1,249,Under Armour Women's Micro G Skulpt Running S,2016-11-27,14,0.0,1165,177,C,1,P1|249|2016-11-27
P1,249,Under Armour Women's Micro G Skulpt Running S,2016-12-04,3,0.0,1165,124,C,1,P1|249|2016-12-04
P1,249,Under Armour Women's Micro G Skulpt Running S,2016-12-11,4,21.0,1165,125,C,1,P1|249|2016-12-11
P1,249,Under Armour Women's Micro G Skulpt Running S,2016-12-18,14,17.0,1165,118,C,1,P1|249|2016-12-18
P1,249,Under Armour Women's Micro G Skulpt Running S,2016-12-25,6,3.0,1165,184,C,1,P1|249|2016-12-25
P1,249,Under Armour Women's Micro G Skulpt Running S,2017-01-01,4,0.0,1165,263,C,1,P1|249|2017-01-01
P1,249,Under Armour Women's Micro G Skulpt Running S,2017-01-08,3,21.0,1165,150,C,1,P1|249|2017-01-08
P1,249,Under Armour Women's Micro G Skulpt Running S,2017-01-15,22,18.0,1165,223,C,1,P1|249|2017-01-15
P1,249,Under Armour Women's Micro G Skulpt Running S,2017-01-22,11,0.0,1165,96,C,1,P1|249|2017-01-22
P1,249,Under Armour Women's Micro G Skulpt Running S,2017-01-29,0,0.0,1165,225,C,1,P1|249|2017-01-29
P1,249,Under Armour Women's Micro G Skulpt Running S,2017-02-05,5,21.0,1165,169,C,1,P1|249|2017-02-05
P1,249,Under Armour Women's Micro G Skulpt Running S,2017-02-12,5,16.0,1165,250,C,1,P1|249|2017-02-12
P1,249,Under Armour Women's Micro G Skulpt Running S,2017-02-19,6,11.0,1165,166,C,1,P1|249|2017-02-19
P1,249,Under Armour Women's Micro G Skulpt Running S,2017-02-26,12,5.0,1165,14,C,1,P1|249|2017-02-26
P1,249,Under Armour Women's Micro G Skulpt Running S,2017-03-05,6,21.0,1165,215,C,1,P1|249|2017-03-05
P1,249,Under Armour Women's Micro G Skulpt Running S,2017-03-12,12,15.0,1165,212,C,1,P1|249|2017-03-12
P1,249,Under Armour Women's Micro G Skulpt Running S,2017-03-19,0,3.0,1165,122,C,1,P1|249|2017-03-19
P1,249,Under Armour Women's Micro G Skulpt Running S,2017-03-26,12,3.0,1165,235,C,1,P1|249|2017-03-26
P1,249,Under Armour Women's Micro G Skulpt Running S,2017-04-02,3,21.0,1165,253,C,1,P1|249|2017-04-02
P1,249,Under Armour Women's Micro G Skulpt Running S,2017-04-09,9,18.0,1165,224,C,1,P1|249|2017-04-09
P1,249,Under Armour Women's Micro G Skulpt Running S,2017-04-16,5,9.0,1165,237,C,1,P1|249|2017-04-16
P1,249,Under Armour Women's Micro G Skulpt Running S,2017-04-23,12,4.0,1165,108,C,1,P1|249|2017-04-23
P1,251,Brooks Women's Ghost 6 Running Shoe,2017-04-30,13,159.0,1165,226,C,1,P1|251|2017-04-30
P1,251,Brooks Women's Ghost 6 Running Shoe,2017-05-07,8,146.0,1165,210,C,1,P1|251|2017-05-07
P1,251,Brooks Women's Ghost 6 Running Shoe,2017-05-14,11,138.0,1165,268,C,1,P1|251|2017-05-14
P1,251,Brooks Women's Ghost 6 Running Shoe,2017-05-21,11,127.0,1165,226,C,1,P1|251|2017-05-21
P1,251,Brooks Women's Ghost 6 Running Shoe,2017-05-28,4,116.0,1165,213,C,1,P1|251|2017-05-28
P1,251,Brooks Women's Ghost 6 Running Shoe,2017-06-04,17,112.0,1165,194,C,1,P1|251|2017-06-04
P1,251,Brooks Women's Ghost 6 Running Shoe,2017-06-11,6,95.0,1165,318,C,1,P1|251|2017-06-11
P1,251,Brooks Women's Ghost 6 Running Shoe,2017-06-18,27,89.0,1165,374,C,1,P1|251|2017-06-18
P1,251,Brooks Women's Ghost 6 Running Shoe,2017-06-25,5,62.0,1165,191,C,1,P1|251|2017-06-25
P1,251,Brooks Women's Ghost 6 Running Shoe,2017-07-02,10,57.0,1165,262,C,1,P1|251|2017-07-02
P1,251,Brooks Women's Ghost 6 Running Shoe,2017-07-09,6,47.0,1165,186,C,1,P1|251|2017-07-09
P1,251,Brooks Women's Ghost 6 Running Shoe,2017-07-16,4,41.0,1165,225,C,1,P1|251|2017-07-16
P1,251,Brooks Women's Ghost 6 Running Shoe,2017-07-23,8,37.0,1165,174,C,1,P1|251|2017-07-23
P1,251,Brooks Women's Ghost 6 Running Shoe,2017-07-30,19,29.0,1165,180,C,1,P1|251|2017-07-30
P1,251,Brooks Women's Ghost 6 Running Shoe,2017-08-06,7,10.0,1165,258,C,1,P1|251|2017-08-06
P1,251,Brooks Women's Ghost 6 Running Shoe,2017-08-13,4,3.0,1165,205,C,1,P1|251|2017-08-13
P1,251,Brooks Women's Ghost 6 Running Shoe,2017-08-20,14,32.0,1165,230,C,1,P1|251|2017-08-20
P1,251,Brooks Women's Ghost 6 Running Shoe,2017-08-27,12,18.0,1165,173,C,1,P1|251|2017-08-27
P1,251,Brooks Women's Ghost 6 Running Shoe,2017-09-03,19,6.0,1165,124,C,1,P1|251|2017-09-03
P1,251,Brooks Women's Ghost 6 Running Shoe,2017-09-10,7,0.0,1165,199,C,1,P1|251|2017-09-10
P1,258,Nike Women's Free 5.0 TR FIT PRT 4 Training S,2017-04-30,10,154.0,1165,226,C,1,P1|258|2017-04-30
P1,258,Nike Women's Free 5.0 TR FIT PRT 4 Training S,2017-05-07,5,144.0,1165,210,C,1,P1|258|2017-05-07
P1,258,Nike Women's Free 5.0 TR FIT PRT 4 Training S,2017-05-14,10,139.0,1165,268,C,1,P1|258|2017-05-14
P1,258,Nike Women's Free 5.0 TR FIT PRT 4 Training S,2017-05-21,3,129.0,1165,226,C,1,P1|258|2017-05-21
P1,258,Nike Women's Free 5.0 TR FIT PRT 4 Training S,2017-05-28,8,126.0,1165,213,C,1,P1|258|2017-05-28
P1,258,Nike Women's Free 5.0 TR FIT PRT 4 Training S,2017-06-04,6,118.0,1165,194,C,1,P1|258|2017-06-04
P1,258,Nike Women's Free 5.0 TR FIT PRT 4 Training S,2017-06-11,14,112.0,1165,318,C,1,P1|258|2017-06-11
P1,258,Nike Women's Free 5.0 TR FIT PRT 4 Training S,2017-06-18,13,98.0,1165,374,C,1,P1|258|2017-06-18
P1,258,Nike Women's Free 5.0 TR FIT PRT 4 Training S,2017-06-25,4,85.0,1165,191,C,1,P1|258|2017-06-25
P1,258,Nike Women's Free 5.0 TR FIT PRT 4 Training S,2017-07-02,8,81.0,1165,262,C,1,P1|258|2017-07-02
P1,258,Nike Women's Free 5.0 TR FIT PRT 4 Training S,2017-07-09,9,73.0,1165,186,C,1,P1|258|2017-07-09
P1,258,Nike Women's Free 5.0 TR FIT PRT 4 Training S,2017-07-16,7,64.0,1165,225,C,1,P1|258|2017-07-16
P1,258,Nike Women's Free 5.0 TR FIT PRT 4 Training S,2017-07-23,10,57.0,1165,174,C,1,P1|258|2017-07-23
P1,258,Nike Women's Free 5.0 TR FIT PRT 4 Training S,2017-07-30,13,47.0,1165,180,C,1,P1|258|2017-07-30
P1,258,Nike Women's Free 5.0 TR FIT PRT 4 Training S,2017-08-06,7,34.0,1165,258,C,1,P1|258|2017-08-06
P1,258,Nike Women's Free 5.0 TR FIT PRT 4 Training S,2017-08-13,17,27.0,1165,205,C,1,P1|258|2017-08-13
P1,258,Nike Women's Free 5.0 TR FIT PRT 4 Training S,2017-08-20,17,31.0,1165,230,C,1,P1|258|2017-08-20
P1,258,Nike Women's Free 5.0 TR FIT PRT 4 Training S,2017-08-27,13,14.0,1165,173,C,1,P1|258|2017-08-27
P1,258,Nike Women's Free 5.0 TR FIT PRT 4 Training S,2017-09-03,8,1.0,1165,124,C,1,P1|258|2017-09-03
P1,258,Nike Women's Free 5.0 TR FIT PRT 4 Training S,2017-09-10,24,0.0,1165,199,C,1,P1|258|2017-09-10
P1,273,Under Armour Kids' Mercenary Slide,2015-01-11,6,99.0,1165,196,C,1,P1|273|2015-01-11
P1,273,Under Armour Kids' Mercenary Slide,2015-01-18,6,93.0,1165,177,C,1,P1|273|2015-01-18
P1,273,Under Armour Kids' Mercenary Slide,2015-01-25,8,87.0,1165,156,C,1,P1|273|2015-01-25
P1,273,Under Armour Kids' Mercenary Slide,2015-02-01,5,79.0,1165,202,C,1,P1|273|2015-02-01
P1,273,Under Armour Kids' Mercenary Slide,2015-02-08,9,74.0,1165,249,C,1,P1|273|2015-02-08
P1,273,Under Armour Kids' Mercenary Slide,2015-02-15,9,65.0,1165,239,C,1,P1|273|2015-02-15
P1,273,Under Armour Kids' Mercenary Slide,2015-02-22,0,56.0,1165,183,C,1,P1|273|2015-02-22
P1,273,Under Armour Kids' Mercenary Slide,2015-03-01,10,56.0,1165,181,C,1,P1|273|2015-03-01
P1,273,Under Armour Kids' Mercenary Slide,2015-03-08,8,46.0,1165,161,C,1,P1|273|2015-03-08
P1,273,Under Armour Kids' Mercenary Slide,2015-03-15,10,38.0,1165,121,C,1,P1|273|2015-03-15
P1,273,Under Armour Kids' Mercenary Slide,2015-03-22,8,28.0,1165,256,C,1,P1|273|2015-03-22
P1,273,Under Armour Kids' Mercenary Slide,2015-03-29,16,20.0,1165,304,C,1,P1|273|2015-03-29
P1,273,Under Armour Kids' Mercenary Slide,2015-04-05,8,20.0,1165,143,C,1,P1|273|2015-04-05
P1,273,Under Armour Kids' Mercenary Slide,2015-04-12,0,12.0,1165,237,C,1,P1|273|2015-04-12
P1,273,Under Armour Kids' Mercenary Slide,2015-04-19,0,12.0,1165,131,C,1,P1|273|2015-04-19
P1,273,Under Armour Kids' Mercenary Slide,2015-04-26,8,12.0,1165,218,C,1,P1|273|2015-04-26
P1,273,Under Armour Kids' Mercenary Slide,2015-05-03,11,20.0,1165,196,C,1,P1|273|2015-05-03
P1,273,Under Armour Kids' Mercenary Slide,2015-05-10,15,9.0,1165,192,C,1,P1|273|2015-05-10
P1,273,Under Armour Kids' Mercenary Slide,2015-05-17,16,0.0,1165,137,C,1,P1|273|2015-05-17
P1,273,Under Armour Kids' Mercenary Slide,2015-05-24,8,0.0,1165,152,C,1,P1|273|2015-05-24
P1,273,Under Armour Kids' Mercenary Slide,2015-05-31,6,20.0,1165,167,C,1,P1|273|2015-05-31
P1,273,Under Armour Kids' Mercenary Slide,2015-06-07,10,14.0,1165,131,C,1,P1|273|2015-06-07
P1,273,Under Armour Kids' Mercenary Slide,2015-06-14,6,4.0,1165,228,C,1,P1|273|2015-06-14
P1,273,Under Armour Kids' Mercenary Slide,2015-06-21,2,0.0,1165,119,C,1,P1|273|2015-06-21
P1,273,Under Armour Kids' Mercenary Slide,2015-06-28,7,20.0,1165,198,C,1,P1|273|2015-06-28
P1,273,Under Armour Kids' Mercenary Slide,2015-07-05,5,13.0,1165,139,C,1,P1|273|2015-07-05
P1,273,Under Armour Kids' Mercenary Slide,2015-07-12,9,8.0,1165,257,C,1,P1|273|2015-07-12
P1,273,Under Armour Kids' Mercenary Slide,2015-07-19,4,0.0,1165,115,C,1,P1|273|2015-07-19
P1,273,Under Armour Kids' Mercenary Slide,2015-07-26,9,20.0,1165,299,C,1,P1|273|2015-07-26
P1,273,Under Armour Kids' Mercenary Slide,2015-08-02,11,11.0,1165,225,C,1,P1|273|2015-08-02
P1,273,Under Armour Kids' Mercenary Slide,2015-08-09,0,0.0,1165,174,C,1,P1|273|2015-08-09
P1,273,Under Armour Kids' Mercenary Slide,2015-08-16,12,0.0,1165,142,C,1,P1|273|2015-08-16
P1,273,Under Armour Kids' Mercenary Slide,2015-08-23,5,20.0,1165,200,C,1,P1|273|2015-08-23
P1,273,Under Armour Kids' Mercenary Slide,2015-08-30,3,15.0,1165,141,C,1,P1|273|2015-08-30
P1,273,Under Armour Kids' Mercenary Slide,2015-09-06,17,12.0,1165,148,C,1,P1|273|2015-09-06
P1,273,Under Armour Kids' Mercenary Slide,2015-09-13,10,0.0,1165,127,C,1,P1|273|2015-09-13
P1,273,Under Armour Kids' Mercenary Slide,2015-09-20,0,20.0,1165,331,C,1,P1|273|2015-09-20
P1,273,Under Armour Kids' Mercenary Slide,2015-09-27,1,20.0,1165,107,C,1,P1|273|2015-09-27
P1,273,Under Armour Kids' Mercenary Slide,2015-10-04,7,19.0,1165,157,C,1,P1|273|2015-10-04
P1,273,Under Armour Kids' Mercenary Slide,2015-10-11,5,12.0,1165,191,C,1,P1|273|2015-10-11
P1,273,Under Armour Kids' Mercenary Slide,2015-10-18,1,20.0,1165,250,C,1,P1|273|2015-10-18
P1,273,Under Armour Kids' Mercenary Slide,2015-10-25,14,19.0,1165,229,C,1,P1|273|2015-10-25
P1,273,Under Armour Kids' Mercenary Slide,2015-11-01,11,5.0,1165,145,C,1,P1|273|2015-11-01
P1,273,Under Armour Kids' Mercenary Slide,2015-11-08,0,0.0,1165,185,C,1,P1|273|2015-11-08
P1,273,Under Armour Kids' Mercenary Slide,2015-11-15,6,20.0,1165,233,C,1,P1|273|2015-11-15
P1,273,Under Armour Kids' Mercenary Slide,2015-11-22,4,14.0,1165,166,C,1,P1|273|2015-11-22
P1,273,Under Armour Kids' Mercenary Slide,2015-11-29,9,10.0,1165,175,C,1,P1|273|2015-11-29
P1,273,Under Armour Kids' Mercenary Slide,2015-12-06,3,1.0,1165,198,C,1,P1|273|2015-12-06
P1,273,Under Armour Kids' Mercenary Slide,2015-12-13,3,20.0,1165,168,C,1,P1|273|2015-12-13
P1,273,Under Armour Kids' Mercenary Slide,2015-12-20,5,17.0,1165,258,C,1,P1|273|2015-12-20
P1,273,Under Armour Kids' Mercenary Slide,2015-12-27,13,12.0,1165,89,C,1,P1|273|2015-12-27
P1,273,Under Armour Kids' Mercenary Slide,2016-01-03,14,0.0,1165,229,C,1,P1|273|2016-01-03
P1,273,Under Armour Kids' Mercenary Slide,2016-01-10,8,20.0,1165,245,C,1,P1|273|2016-01-10
P1,273,Under Armour Kids' Mercenary Slide,2016-01-17,0,12.0,1165,233,C,1,P1|273|2016-01-17
P1,273,Under Armour Kids' Mercenary Slide,2016-01-24,7,12.0,1165,116,C,1,P1|273|2016-01-24
P1,273,Under Armour Kids' Mercenary Slide,2016-01-31,1,5.0,1165,225,C,1,P1|273|2016-01-31
P1,273,Under Armour Kids' Mercenary Slide,2016-02-07,3,20.0,1165,226,C,1,P1|273|2016-02-07
P1,273,Under Armour Kids' Mercenary Slide,2016-02-14,14,17.0,1165,303,C,1,P1|273|2016-02-14
P1,273,Under Armour Kids' Mercenary Slide,2016-02-21,6,3.0,1165,172,C,1,P1|273|2016-02-21
P1,273,Under Armour Kids' Mercenary Slide,2016-02-28,7,0.0,1165,264,C,1,P1|273|2016-02-28
P1,273,Under Armour Kids' Mercenary Slide,2016-03-06,18,20.0,1165,117,C,1,P1|273|2016-03-06
P1,273,Under Armour Kids' Mercenary Slide,2016-03-13,6,2.0,1165,261,C,1,P1|273|2016-03-13
P1,273,Under Armour Kids' Mercenary Slide,2016-03-20,9,0.0,1165,144,C,1,P1|273|2016-03-20
P1,273,Under Armour Kids' Mercenary Slide,2016-03-27,5,0.0,1165,223,C,1,P1|273|2016-03-27
P1,273,Under Armour Kids' Mercenary Slide,2016-04-03,7,20.0,1165,175,C,1,P1|273|2016-04-03
P1,273,Under Armour Kids' Mercenary Slide,2016-04-10,6,13.0,1165,124,C,1,P1|273|2016-04-10
P1,273,Under Armour Kids' Mercenary Slide,2016-04-17,6,7.0,1165,213,C,1,P1|273|2016-04-17
P1,273,Under Armour Kids' Mercenary Slide,2016-04-24,11,1.0,1165,134,C,1,P1|273|2016-04-24
P1,273,Under Armour Kids' Mercenary Slide,2016-05-01,3,20.0,1165,273,C,1,P1|273|2016-05-01
P1,273,Under Armour Kids' Mercenary Slide,2016-05-08,17,17.0,1165,220,C,1,P1|273|2016-05-08
P1,273,Under Armour Kids' Mercenary Slide,2016-05-15,13,0.0,1165,195,C,1,P1|273|2016-05-15
P1,273,Under Armour Kids' Mercenary Slide,2016-05-22,4,0.0,1165,184,C,1,P1|273|2016-05-22
P1,273,Under Armour Kids' Mercenary Slide,2016-05-29,9,20.0,1165,194,C,1,P1|273|2016-05-29
P1,273,Under Armour Kids' Mercenary Slide,2016-06-05,13,11.0,1165,215,C,1,P1|273|2016-06-05
P1,273,Under Armour Kids' Mercenary Slide,2016-06-12,2,0.0,1165,210,C,1,P1|273|2016-06-12
P1,273,Under Armour Kids' Mercenary Slide,2016-06-19,6,0.0,1165,214,C,1,P1|273|2016-06-19
P1,273,Under Armour Kids' Mercenary Slide,2016-06-26,0,20.0,1165,201,C,1,P1|273|2016-06-26
P1,273,Under Armour Kids' Mercenary Slide,2016-07-03,8,20.0,1165,203,C,1,P1|273|2016-07-03
P1,273,Under Armour Kids' Mercenary Slide,2016-07-10,0,12.0,1165,140,C,1,P1|273|2016-07-10
P1,273,Under Armour Kids' Mercenary Slide,2016-07-17,2,12.0,1165,176,C,1,P1|273|2016-07-17
P1,273,Under Armour Kids' Mercenary Slide,2016-07-24,5,20.0,1165,258,C,1,P1|273|2016-07-24
P1,273,Under Armour Kids' Mercenary Slide,2016-07-31,4,15.0,1165,243,C,1,P1|273|2016-07-31
P1,273,Under Armour Kids' Mercenary Slide,2016-08-07,1,11.0,1165,205,C,1,P1|273|2016-08-07
P1,273,Under Armour Kids' Mercenary Slide,2016-08-14,4,10.0,1165,170,C,1,P1|273|2016-08-14
P1,273,Under Armour Kids' Mercenary Slide,2016-08-21,0,20.0,1165,190,C,1,P1|273|2016-08-21
P1,273,Under Armour Kids' Mercenary Slide,2016-08-28,1,20.0,1165,169,C,1,P1|273|2016-08-28
P1,273,Under Armour Kids' Mercenary Slide,2016-09-04,8,19.0,1165,138,C,1,P1|273|2016-09-04
P1,273,Under Armour Kids' Mercenary Slide,2016-09-11,5,11.0,1165,153,C,1,P1|273|2016-09-11
P1,273,Under Armour Kids' Mercenary Slide,2016-09-18,10,20.0,1165,193,C,1,P1|273|2016-09-18
P1,273,Under Armour Kids' Mercenary Slide,2016-09-25,9,10.0,1165,205,C,1,P1|273|2016-09-25
P1,273,Under Armour Kids' Mercenary Slide,2016-10-02,4,1.0,1165,169,C,1,P1|273|2016-10-02
P1,273,Under Armour Kids' Mercenary Slide,2016-10-09,2,0.0,1165,313,C,1,P1|273|2016-10-09
P1,273,Under Armour Kids' Mercenary Slide,2016-10-16,8,20.0,1165,198,C,1,P1|273|2016-10-16
P1,273,Under Armour Kids' Mercenary Slide,2016-10-23,9,12.0,1165,237,C,1,P1|273|2016-10-23
P1,273,Under Armour Kids' Mercenary Slide,2016-10-30,0,3.0,1165,90,C,1,P1|273|2016-10-30
P1,273,Under Armour Kids' Mercenary Slide,2016-11-06,1,3.0,1165,212,C,1,P1|273|2016-11-06
P1,273,Under Armour Kids' Mercenary Slide,2016-11-13,21,20.0,1165,130,C,1,P1|273|2016-11-13
P1,273,Under Armour Kids' Mercenary Slide,2016-11-20,2,0.0,1165,157,C,1,P1|273|2016-11-20
P1,273,Under Armour Kids' Mercenary Slide,2016-11-27,10,0.0,1165,177,C,1,P1|273|2016-11-27
P1,273,Under Armour Kids' Mercenary Slide,2016-12-04,0,0.0,1165,124,C,1,P1|273|2016-12-04
P1,273,Under Armour Kids' Mercenary Slide,2016-12-11,8,20.0,1165,125,C,1,P1|273|2016-12-11
P1,273,Under Armour Kids' Mercenary Slide,2016-12-18,7,12.0,1165,118,C,1,P1|273|2016-12-18
P1,273,Under Armour Kids' Mercenary Slide,2016-12-25,13,5.0,1165,184,C,1,P1|273|2016-12-25
P1,273,Under Armour Kids' Mercenary Slide,2017-01-01,7,0.0,1165,263,C,1,P1|273|2017-01-01
P1,273,Under Armour Kids' Mercenary Slide,2017-01-08,10,20.0,1165,150,C,1,P1|273|2017-01-08
P1,273,Under Armour Kids' Mercenary Slide,2017-01-15,5,10.0,1165,223,C,1,P1|273|2017-01-15
P1,273,Under Armour Kids' Mercenary Slide,2017-01-22,3,5.0,1165,96,C,1,P1|273|2017-01-22
P1,273,Under Armour Kids' Mercenary Slide,2017-01-29,6,2.0,1165,225,C,1,P1|273|2017-01-29
P1,273,Under Armour Kids' Mercenary Slide,2017-02-05,4,20.0,1165,169,C,1,P1|273|2017-02-05
P1,273,Under Armour Kids' Mercenary Slide,2017-02-12,2,16.0,1165,250,C,1,P1|273|2017-02-12
P1,273,Under Armour Kids' Mercenary Slide,2017-02-19,4,14.0,1165,166,C,1,P1|273|2017-02-19
P1,273,Under Armour Kids' Mercenary Slide,2017-02-26,9,10.0,1165,14,C,1,P1|273|2017-02-26
P1,273,Under Armour Kids' Mercenary Slide,2017-03-05,11,20.0,1165,215,C,1,P1|273|2017-03-05
P1,273,Under Armour Kids' Mercenary Slide,2017-03-12,2,9.0,1165,212,C,1,P1|273|2017-03-12
P1,273,Under Armour Kids' Mercenary Slide,2017-03-19,0,7.0,1165,122,C,1,P1|273|2017-03-19
P1,273,Under Armour Kids' Mercenary Slide,2017-03-26,7,7.0,1165,235,C,1,P1|273|2017-03-26
P1,273,Under Armour Kids' Mercenary Slide,2017-04-02,5,20.0,1165,253,C,1,P1|273|2017-04-02
P1,273,Under Armour Kids' Mercenary Slide,2017-04-09,8,15.0,1165,224,C,1,P1|273|2017-04-09
P1,273,Under Armour Kids' Mercenary Slide,2017-04-16,6,7.0,1165,237,C,1,P1|273|2017-04-16
P1,273,Under Armour Kids' Mercenary Slide,2017-04-23,10,1.0,1165,108,C,1,P1|273|2017-04-23
P1,276,Under Armour Women's Ignite Slide,2015-01-04,10,98.0,1165,598,B,2,P1|276|2015-01-04
P1,276,Under Armour Women's Ignite Slide,2015-01-11,8,88.0,1165,196,B,2,P1|276|2015-01-11
P1,276,Under Armour Women's Ignite Slide,2015-01-18,9,80.0,1165,177,B,2,P1|276|2015-01-18
P1,276,Under Armour Women's Ignite Slide,2015-01-25,7,71.0,1165,156,B,2,P1|276|2015-01-25
P1,276,Under Armour Women's Ignite Slide,2015-02-01,7,64.0,1165,202,B,2,P1|276|2015-02-01
P1,276,Under Armour Women's Ignite Slide,2015-02-08,8,57.0,1165,249,B,2,P1|276|2015-02-08
P1,276,Under Armour Women's Ignite Slide,2015-02-15,0,49.0,1165,239,B,2,P1|276|2015-02-15
P1,276,Under Armour Women's Ignite Slide,2015-02-22,7,49.0,1165,183,B,2,P1|276|2015-02-22
P1,276,Under Armour Women's Ignite Slide,2015-03-01,6,42.0,1165,181,B,2,P1|276|2015-03-01
P1,276,Under Armour Women's Ignite Slide,2015-03-08,19,36.0,1165,161,B,2,P1|276|2015-03-08
P1,276,Under Armour Women's Ignite Slide,2015-03-15,5,17.0,1165,121,B,2,P1|276|2015-03-15
P1,276,Under Armour Women's Ignite Slide,2015-03-22,12,12.0,1165,256,B,2,P1|276|2015-03-22
P1,276,Under Armour Women's Ignite Slide,2015-03-29,0,33.0,1165,304,B,2,P1|276|2015-03-29
P1,276,Under Armour Women's Ignite Slide,2015-04-05,11,33.0,1165,143,B,2,P1|276|2015-04-05
P1,276,Under Armour Women's Ignite Slide,2015-04-12,10,22.0,1165,237,B,2,P1|276|2015-04-12
P1,276,Under Armour Women's Ignite Slide,2015-04-19,3,12.0,1165,131,B,2,P1|276|2015-04-19
P1,276,Under Armour Women's Ignite Slide,2015-04-26,0,33.0,1165,218,B,2,P1|276|2015-04-26
P1,276,Under Armour Women's Ignite Slide,2015-05-03,5,33.0,1165,196,B,2,P1|276|2015-05-03
P1,276,Under Armour Women's Ignite Slide,2015-05-10,2,28.0,1165,192,B,2,P1|276|2015-05-10
P1,276,Under Armour Women's Ignite Slide,2015-05-17,11,26.0,1165,137,B,2,P1|276|2015-05-17
P1,276,Under Armour Women's Ignite Slide,2015-05-24,6,33.0,1165,152,B,2,P1|276|2015-05-24
P1,276,Under Armour Women's Ignite Slide,2015-05-31,9,27.0,1165,167,B,2,P1|276|2015-05-31
P1,276,Under Armour Women's Ignite Slide,2015-06-07,1,18.0,1165,131,B,2,P1|276|2015-06-07
P1,276,Under Armour Women's Ignite Slide,2015-06-14,7,17.0,1165,228,B,2,P1|276|2015-06-14
P1,276,Under Armour Women's Ignite Slide,2015-06-21,6,33.0,1165,119,B,2,P1|276|2015-06-21
P1,276,Under Armour Women's Ignite Slide,2015-06-28,4,27.0,1165,198,B,2,P1|276|2015-06-28
P1,276,Under Armour Women's Ignite Slide,2015-07-05,6,23.0,1165,139,B,2,P1|276|2015-07-05
P1,276,Under Armour Women's Ignite Slide,2015-07-12,6,17.0,1165,257,B,2,P1|276|2015-07-12
P1,276,Under Armour Women's Ignite Slide,2015-07-19,5,33.0,1165,115,B,2,P1|276|2015-07-19
P1,276,Under Armour Women's Ignite Slide,2015-07-26,8,28.0,1165,299,B,2,P1|276|2015-07-26
P1,276,Under Armour Women's Ignite Slide,2015-08-02,10,20.0,1165,225,B,2,P1|276|2015-08-02
P1,276,Under Armour Women's Ignite Slide,2015-08-09,26,10.0,1165,174,B,2,P1|276|2015-08-09
P1,276,Under Armour Women's Ignite Slide,2015-08-16,6,33.0,1165,142,B,2,P1|276|2015-08-16
P1,276,Under Armour Women's Ignite Slide,2015-08-23,17,27.0,1165,200,B,2,P1|276|2015-08-23
P1,276,Under Armour Women's Ignite Slide,2015-08-30,5,10.0,1165,141,B,2,P1|276|2015-08-30
P1,276,Under Armour Women's Ignite Slide,2015-09-06,3,5.0,1165,148,B,2,P1|276|2015-09-06
P1,276,Under Armour Women's Ignite Slide,2015-09-13,10,33.0,1165,127,B,2,P1|276|2015-09-13
P1,276,Under Armour Women's Ignite Slide,2015-09-20,4,23.0,1165,331,B,2,P1|276|2015-09-20
P1,276,Under Armour Women's Ignite Slide,2015-09-27,5,19.0,1165,107,B,2,P1|276|2015-09-27
P1,276,Under Armour Women's Ignite Slide,2015-10-04,0,14.0,1165,157,B,2,P1|276|2015-10-04
P1,276,Under Armour Women's Ignite Slide,2015-10-11,1,33.0,1165,191,B,2,P1|276|2015-10-11
P1,276,Under Armour Women's Ignite Slide,2015-10-18,8,32.0,1165,250,B,2,P1|276|2015-10-18
P1,276,Under Armour Women's Ignite Slide,2015-10-25,0,24.0,1165,229,B,2,P1|276|2015-10-25
P1,276,Under Armour Women's Ignite Slide,2015-11-01,7,24.0,1165,145,B,2,P1|276|2015-11-01
P1,276,Under Armour Women's Ignite Slide,2015-11-08,5,33.0,1165,185,B,2,P1|276|2015-11-08
P1,276,Under Armour Women's Ignite Slide,2015-11-15,20,28.0,1165,233,B,2,P1|276|2015-11-15
P1,276,Under Armour Women's Ignite Slide,2015-11-22,14,8.0,1165,166,B,2,P1|276|2015-11-22
P1,276,Under Armour Women's Ignite Slide,2015-11-29,11,0.0,1165,175,B,2,P1|276|2015-11-29
P1,276,Under Armour Women's Ignite Slide,2015-12-06,30,33.0,1165,198,B,2,P1|276|2015-12-06
P1,276,Under Armour Women's Ignite Slide,2015-12-13,8,3.0,1165,168,B,2,P1|276|2015-12-13
P1,276,Under Armour Women's Ignite Slide,2015-12-20,13,0.0,1165,258,B,2,P1|276|2015-12-20
P1,276,Under Armour Women's Ignite Slide,2015-12-27,14,0.0,1165,89,B,2,P1|276|2015-12-27
P1,276,Under Armour Women's Ignite Slide,2016-01-03,10,33.0,1165,229,B,2,P1|276|2016-01-03
P1,276,Under Armour Women's Ignite Slide,2016-01-10,6,23.0,1165,245,B,2,P1|276|2016-01-10
P1,276,Under Armour Women's Ignite Slide,2016-01-17,15,17.0,1165,233,B,2,P1|276|2016-01-17
P1,276,Under Armour Women's Ignite Slide,2016-01-24,9,2.0,1165,116,B,2,P1|276|2016-01-24
P1,276,Under Armour Women's Ignite Slide,2016-01-31,0,33.0,1165,225,B,2,P1|276|2016-01-31
P1,276,Under Armour Women's Ignite Slide,2016-02-07,6,33.0,1165,226,B,2,P1|276|2016-02-07
P1,276,Under Armour Women's Ignite Slide,2016-02-14,9,27.0,1165,303,B,2,P1|276|2016-02-14
P1,276,Under Armour Women's Ignite Slide,2016-02-21,11,18.0,1165,172,B,2,P1|276|2016-02-21
P1,276,Under Armour Women's Ignite Slide,2016-02-28,5,33.0,1165,264,B,2,P1|276|2016-02-28
P1,276,Under Armour Women's Ignite Slide,2016-03-06,9,28.0,1165,117,B,2,P1|276|2016-03-06
P1,276,Under Armour Women's Ignite Slide,2016-03-13,0,19.0,1165,261,B,2,P1|276|2016-03-13
P1,276,Under Armour Women's Ignite Slide,2016-03-20,14,19.0,1165,144,B,2,P1|276|2016-03-20
P1,276,Under Armour Women's Ignite Slide,2016-03-27,18,33.0,1165,223,B,2,P1|276|2016-03-27
P1,276,Under Armour Women's Ignite Slide,2016-04-03,7,15.0,1165,175,B,2,P1|276|2016-04-03
P1,276,Under Armour Women's Ignite Slide,2016-04-10,7,8.0,1165,124,B,2,P1|276|2016-04-10
P1,276,Under Armour Women's Ignite Slide,2016-04-17,5,1.0,1165,213,B,2,P1|276|2016-04-17
P1,276,Under Armour Women's Ignite Slide,2016-04-24,3,33.0,1165,134,B,2,P1|276|2016-04-24
P1,276,Under Armour Women's Ignite Slide,2016-05-01,12,30.0,1165,273,B,2,P1|276|2016-05-01
P1,276,Under Armour Women's Ignite Slide,2016-05-08,7,18.0,1165,220,B,2,P1|276|2016-05-08
P1,276,Under Armour Women's Ignite Slide,2016-05-15,9,11.0,1165,195,B,2,P1|276|2016-05-15
P1,276,Under Armour Women's Ignite Slide,2016-05-22,0,33.0,1165,184,B,2,P1|276|2016-05-22
P1,276,Under Armour Women's Ignite Slide,2016-05-29,5,33.0,1165,194,B,2,P1|276|2016-05-29
P1,276,Under Armour Women's Ignite Slide,2016-06-05,2,28.0,1165,215,B,2,P1|276|2016-06-05
P1,276,Under Armour Women's Ignite Slide,2016-06-12,0,26.0,1165,210,B,2,P1|276|2016-06-12
P1,276,Under Armour Women's Ignite Slide,2016-06-19,3,33.0,1165,214,B,2,P1|276|2016-06-19
P1,276,Under Armour Women's Ignite Slide,2016-06-26,0,30.0,1165,201,B,2,P1|276|2016-06-26
P1,276,Under Armour Women's Ignite Slide,2016-07-03,8,30.0,1165,203,B,2,P1|276|2016-07-03
P1,276,Under Armour Women's Ignite Slide,2016-07-10,14,22.0,1165,140,B,2,P1|276|2016-07-10
P1,276,Under Armour Women's Ignite Slide,2016-07-17,2,33.0,1165,176,B,2,P1|276|2016-07-17
P1,276,Under Armour Women's Ignite Slide,2016-07-24,9,31.0,1165,258,B,2,P1|276|2016-07-24
P1,276,Under Armour Women's Ignite Slide,2016-07-31,11,22.0,1165,243,B,2,P1|276|2016-07-31
P1,276,Under Armour Women's Ignite Slide,2016-08-07,8,11.0,1165,205,B,2,P1|276|2016-08-07
P1,276,Under Armour Women's Ignite Slide,2016-08-14,5,33.0,1165,170,B,2,P1|276|2016-08-14
P1,276,Under Armour Women's Ignite Slide,2016-08-21,15,28.0,1165,190,B,2,P1|276|2016-08-21
P1,276,Under Armour Women's Ignite Slide,2016-08-28,11,13.0,1165,169,B,2,P1|276|2016-08-28
P1,276,Under Armour Women's Ignite Slide,2016-09-04,13,2.0,1165,138,B,2,P1|276|2016-09-04
P1,276,Under Armour Women's Ignite Slide,2016-09-11,9,33.0,1165,153,B,2,P1|276|2016-09-11
P1,276,Under Armour Women's Ignite Slide,2016-09-18,8,24.0,1165,193,B,2,P1|276|2016-09-18
P1,276,Under Armour Women's Ignite Slide,2016-09-25,8,16.0,1165,205,B,2,P1|276|2016-09-25
P1,276,Under Armour Women's Ignite Slide,2016-10-02,11,8.0,1165,169,B,2,P1|276|2016-10-02
P1,276,Under Armour Women's Ignite Slide,2016-10-09,10,33.0,1165,313,B,2,P1|276|2016-10-09
P1,276,Under Armour Women's Ignite Slide,2016-10-16,13,23.0,1165,198,B,2,P1|276|2016-10-16
P1,276,Under Armour Women's Ignite Slide,2016-10-23,17,10.0,1165,237,B,2,P1|276|2016-10-23
P1,276,Under Armour Women's Ignite Slide,2016-10-30,17,0.0,1165,90,B,2,P1|276|2016-10-30
P1,276,Under Armour Women's Ignite Slide,2016-11-06,2,33.0,1165,212,B,2,P1|276|2016-11-06
P1,276,Under Armour Women's Ignite Slide,2016-11-13,17,31.0,1165,130,B,2,P1|276|2016-11-13
P1,276,Under Armour Women's Ignite Slide,2016-11-20,2,14.0,1165,157,B,2,P1|276|2016-11-20
P1,276,Under Armour Women's Ignite Slide,2016-11-27,7,12.0,1165,177,B,2,P1|276|2016-11-27
P1,276,Under Armour Women's Ignite Slide,2016-12-04,12,33.0,1165,124,B,2,P1|276|2016-12-04
P1,276,Under Armour Women's Ignite Slide,2016-12-11,5,21.0,1165,125,B,2,P1|276|2016-12-11
P1,276,Under Armour Women's Ignite Slide,2016-12-18,7,16.0,1165,118,B,2,P1|276|2016-12-18
P1,276,Under Armour Women's Ignite Slide,2016-12-25,5,9.0,1165,184,B,2,P1|276|2016-12-25
P1,276,Under Armour Women's Ignite Slide,2017-01-01,0,33.0,1165,263,B,2,P1|276|2017-01-01
P1,276,Under Armour Women's Ignite Slide,2017-01-08,3,33.0,1165,150,B,2,P1|276|2017-01-08
P1,276,Under Armour Women's Ignite Slide,2017-01-15,3,30.0,1165,223,B,2,P1|276|2017-01-15
P1,276,Under Armour Women's Ignite Slide,2017-01-22,3,27.0,1165,96,B,2,P1|276|2017-01-22
P1,276,Under Armour Women's Ignite Slide,2017-01-29,0,33.0,1165,225,B,2,P1|276|2017-01-29
P1,276,Under Armour Women's Ignite Slide,2017-02-05,0,33.0,1165,169,B,2,P1|276|2017-02-05
P1,276,Under Armour Women's Ignite Slide,2017-02-12,0,33.0,1165,250,B,2,P1|276|2017-02-12
P1,276,Under Armour Women's Ignite Slide,2017-02-19,11,33.0,1165,166,B,2,P1|276|2017-02-19
P1,276,Under Armour Women's Ignite Slide,2017-02-26,7,33.0,1165,14,B,2,P1|276|2017-02-26
P1,276,Under Armour Women's Ignite Slide,2017-03-05,8,26.0,1165,215,B,2,P1|276|2017-03-05
P1,276,Under Armour Women's Ignite Slide,2017-03-12,10,18.0,1165,212,B,2,P1|276|2017-03-12
P1,276,Under Armour Women's Ignite Slide,2017-03-19,9,8.0,1165,122,B,2,P1|276|2017-03-19
P1,276,Under Armour Women's Ignite Slide,2017-03-26,2,33.0,1165,235,B,2,P1|276|2017-03-26
P1,276,Under Armour Women's Ignite Slide,2017-04-02,12,31.0,1165,253,B,2,P1|276|2017-04-02
P1,276,Under Armour Women's Ignite Slide,2017-04-09,10,19.0,1165,224,B,2,P1|276|2017-04-09
P1,276,Under Armour Women's Ignite Slide,2017-04-16,6,9.0,1165,237,B,2,P1|276|2017-04-16
P1,276,Under Armour Women's Ignite Slide,2017-04-23,2,33.0,1165,108,B,2,P1|276|2017-04-23
P1,278,Under Armour Men's Compression EV SL Slide,2015-01-04,4,101.0,1165,598,C,1,P1|278|2015-01-04
P1,278,Under Armour Men's Compression EV SL Slide,2015-01-11,7,97.0,1165,196,C,1,P1|278|2015-01-11
P1,278,Under Armour Men's Compression EV SL Slide,2015-01-18,6,90.0,1165,177,C,1,P1|278|2015-01-18
P1,278,Under Armour Men's Compression EV SL Slide,2015-01-25,4,84.0,1165,156,C,1,P1|278|2015-01-25
P1,278,Under Armour Men's Compression EV SL Slide,2015-02-01,8,80.0,1165,202,C,1,P1|278|2015-02-01
P1,278,Under Armour Men's Compression EV SL Slide,2015-02-08,4,72.0,1165,249,C,1,P1|278|2015-02-08
P1,278,Under Armour Men's Compression EV SL Slide,2015-02-15,5,68.0,1165,239,C,1,P1|278|2015-02-15
P1,278,Under Armour Men's Compression EV SL Slide,2015-02-22,9,63.0,1165,183,C,1,P1|278|2015-02-22
P1,278,Under Armour Men's Compression EV SL Slide,2015-03-01,9,54.0,1165,181,C,1,P1|278|2015-03-01
P1,278,Under Armour Men's Compression EV SL Slide,2015-03-08,9,45.0,1165,161,C,1,P1|278|2015-03-08
P1,278,Under Armour Men's Compression EV SL Slide,2015-03-15,10,36.0,1165,121,C,1,P1|278|2015-03-15
P1,278,Under Armour Men's Compression EV SL Slide,2015-03-22,5,26.0,1165,256,C,1,P1|278|2015-03-22
P1,278,Under Armour Men's Compression EV SL Slide,2015-03-29,9,21.0,1165,304,C,1,P1|278|2015-03-29
P1,278,Under Armour Men's Compression EV SL Slide,2015-04-05,3,12.0,1165,143,C,1,P1|278|2015-04-05
P1,278,Under Armour Men's Compression EV SL Slide,2015-04-12,4,9.0,1165,237,C,1,P1|278|2015-04-12
P1,278,Under Armour Men's Compression EV SL Slide,2015-04-19,13,5.0,1165,131,C,1,P1|278|2015-04-19
P1,278,Under Armour Men's Compression EV SL Slide,2015-04-26,10,20.0,1165,218,C,1,P1|278|2015-04-26
P1,278,Under Armour Men's Compression EV SL Slide,2015-05-03,1,10.0,1165,196,C,1,P1|278|2015-05-03
P1,278,Under Armour Men's Compression EV SL Slide,2015-05-10,5,9.0,1165,192,C,1,P1|278|2015-05-10
P1,278,Under Armour Men's Compression EV SL Slide,2015-05-17,11,4.0,1165,137,C,1,P1|278|2015-05-17
P1,278,Under Armour Men's Compression EV SL Slide,2015-05-24,9,20.0,1165,152,C,1,P1|278|2015-05-24
P1,278,Under Armour Men's Compression EV SL Slide,2015-05-31,9,11.0,1165,167,C,1,P1|278|2015-05-31
P1,278,Under Armour Men's Compression EV SL Slide,2015-06-07,5,2.0,1165,131,C,1,P1|278|2015-06-07
P1,278,Under Armour Men's Compression EV SL Slide,2015-06-14,6,0.0,1165,228,C,1,P1|278|2015-06-14
P1,278,Under Armour Men's Compression EV SL Slide,2015-06-21,26,20.0,1165,119,C,1,P1|278|2015-06-21
P1,278,Under Armour Men's Compression EV SL Slide,2015-06-28,14,0.0,1165,198,C,1,P1|278|2015-06-28
P1,278,Under Armour Men's Compression EV SL Slide,2015-07-05,11,0.0,1165,139,C,1,P1|278|2015-07-05
P1,278,Under Armour Men's Compression EV SL Slide,2015-07-12,5,0.0,1165,257,C,1,P1|278|2015-07-12
P1,278,Under Armour Men's Compression EV SL Slide,2015-07-19,17,20.0,1165,115,C,1,P1|278|2015-07-19
P1,278,Under Armour Men's Compression EV SL Slide,2015-07-26,3,3.0,1165,299,C,1,P1|278|2015-07-26
P1,278,Under Armour Men's Compression EV SL Slide,2015-08-02,10,0.0,1165,225,C,1,P1|278|2015-08-02
P1,278,Under Armour Men's Compression EV SL Slide,2015-08-09,0,0.0,1165,174,C,1,P1|278|2015-08-09
P1,278,Under Armour Men's Compression EV SL Slide,2015-08-16,6,20.0,1165,142,C,1,P1|278|2015-08-16
P1,278,Under Armour Men's Compression EV SL Slide,2015-08-23,7,14.0,1165,200,C,1,P1|278|2015-08-23
P1,278,Under Armour Men's Compression EV SL Slide,2015-08-30,14,7.0,1165,141,C,1,P1|278|2015-08-30
P1,278,Under Armour Men's Compression EV SL Slide,2015-09-06,10,0.0,1165,148,C,1,P1|278|2015-09-06
P1,278,Under Armour Men's Compression EV SL Slide,2015-09-13,0,20.0,1165,127,C,1,P1|278|2015-09-13
P1,278,Under Armour Men's Compression EV SL Slide,2015-09-20,6,20.0,1165,331,C,1,P1|278|2015-09-20
P1,278,Under Armour Men's Compression EV SL Slide,2015-09-27,10,14.0,1165,107,C,1,P1|278|2015-09-27
P1,278,Under Armour Men's Compression EV SL Slide,2015-10-04,7,4.0,1165,157,C,1,P1|278|2015-10-04
P1,278,Under Armour Men's Compression EV SL Slide,2015-10-11,2,20.0,1165,191,C,1,P1|278|2015-10-11
P1,278,Under Armour Men's Compression EV SL Slide,2015-10-18,0,18.0,1165,250,C,1,P1|278|2015-10-18
P1,278,Under Armour Men's Compression EV SL Slide,2015-10-25,5,18.0,1165,229,C,1,P1|278|2015-10-25
P1,278,Under Armour Men's Compression EV SL Slide,2015-11-01,11,13.0,1165,145,C,1,P1|278|2015-11-01
P1,278,Under Armour Men's Compression EV SL Slide,2015-11-08,7,20.0,1165,185,C,1,P1|278|2015-11-08
P1,278,Under Armour Men's Compression EV SL Slide,2015-11-15,4,13.0,1165,233,C,1,P1|278|2015-11-15
P1,278,Under Armour Men's Compression EV SL Slide,2015-11-22,6,9.0,1165,166,C,1,P1|278|2015-11-22
P1,278,Under Armour Men's Compression EV SL Slide,2015-11-29,2,3.0,1165,175,C,1,P1|278|2015-11-29
P1,278,Under Armour Men's Compression EV SL Slide,2015-12-06,12,20.0,1165,198,C,1,P1|278|2015-12-06
P1,278,Under Armour Men's Compression EV SL Slide,2015-12-13,11,8.0,1165,168,C,1,P1|278|2015-12-13
P1,278,Under Armour Men's Compression EV SL Slide,2015-12-20,9,0.0,1165,258,C,1,P1|278|2015-12-20
P1,278,Under Armour Men's Compression EV SL Slide,2015-12-27,22,0.0,1165,89,C,1,P1|278|2015-12-27
P1,278,Under Armour Men's Compression EV SL Slide,2016-01-03,15,20.0,1165,229,C,1,P1|278|2016-01-03
P1,278,Under Armour Men's Compression EV SL Slide,2016-01-10,0,5.0,1165,245,C,1,P1|278|2016-01-10
P1,278,Under Armour Men's Compression EV SL Slide,2016-01-17,5,5.0,1165,233,C,1,P1|278|2016-01-17
P1,278,Under Armour Men's Compression EV SL Slide,2016-01-24,7,0.0,1165,116,C,1,P1|278|2016-01-24
P1,278,Under Armour Men's Compression EV SL Slide,2016-01-31,16,20.0,1165,225,C,1,P1|278|2016-01-31
P1,278,Under Armour Men's Compression EV SL Slide,2016-02-07,8,4.0,1165,226,C,1,P1|278|2016-02-07
P1,278,Under Armour Men's Compression EV SL Slide,2016-02-14,5,0.0,1165,303,C,1,P1|278|2016-02-14
P1,278,Under Armour Men's Compression EV SL Slide,2016-02-21,1,0.0,1165,172,C,1,P1|278|2016-02-21
P1,278,Under Armour Men's Compression EV SL Slide,2016-02-28,4,20.0,1165,264,C,1,P1|278|2016-02-28
P1,278,Under Armour Men's Compression EV SL Slide,2016-03-06,13,16.0,1165,117,C,1,P1|278|2016-03-06
P1,278,Under Armour Men's Compression EV SL Slide,2016-03-13,5,3.0,1165,261,C,1,P1|278|2016-03-13
P1,278,Under Armour Men's Compression EV SL Slide,2016-03-20,5,0.0,1165,144,C,1,P1|278|2016-03-20
P1,278,Under Armour Men's Compression EV SL Slide,2016-03-27,0,20.0,1165,223,C,1,P1|278|2016-03-27
P1,278,Under Armour Men's Compression EV SL Slide,2016-04-03,4,20.0,1165,175,C,1,P1|278|2016-04-03
P1,278,Under Armour Men's Compression EV SL Slide,2016-04-10,2,16.0,1165,124,C,1,P1|278|2016-04-10
P1,278,Under Armour Men's Compression EV SL Slide,2016-04-17,0,14.0,1165,213,C,1,P1|278|2016-04-17
P1,278,Under Armour Men's Compression EV SL Slide,2016-04-24,9,20.0,1165,134,C,1,P1|278|2016-04-24
P1,278,Under Armour Men's Compression EV SL Slide,2016-05-01,12,11.0,1165,273,C,1,P1|278|2016-05-01
P1,278,Under Armour Men's Compression EV SL Slide,2016-05-08,7,0.0,1165,220,C,1,P1|278|2016-05-08
P1,278,Under Armour Men's Compression EV SL Slide,2016-05-15,7,0.0,1165,195,C,1,P1|278|2016-05-15
P1,278,Under Armour Men's Compression EV SL Slide,2016-05-22,5,20.0,1165,184,C,1,P1|278|2016-05-22
P1,278,Under Armour Men's Compression EV SL Slide,2016-05-29,3,15.0,1165,194,C,1,P1|278|2016-05-29
P1,278,Under Armour Men's Compression EV SL Slide,2016-06-05,16,12.0,1165,215,C,1,P1|278|2016-06-05
P1,278,Under Armour Men's Compression EV SL Slide,2016-06-12,3,0.0,1165,210,C,1,P1|278|2016-06-12
P1,278,Under Armour Men's Compression EV SL Slide,2016-06-19,5,20.0,1165,214,C,1,P1|278|2016-06-19
P1,278,Under Armour Men's Compression EV SL Slide,2016-06-26,10,15.0,1165,201,C,1,P1|278|2016-06-26
P1,278,Under Armour Men's Compression EV SL Slide,2016-07-03,0,5.0,1165,203,C,1,P1|278|2016-07-03
P1,278,Under Armour Men's Compression EV SL Slide,2016-07-10,1,5.0,1165,140,C,1,P1|278|2016-07-10
P1,278,Under Armour Men's Compression EV SL Slide,2016-07-17,5,20.0,1165,176,C,1,P1|278|2016-07-17
P1,278,Under Armour Men's Compression EV SL Slide,2016-07-24,0,15.0,1165,258,C,1,P1|278|2016-07-24
P1,278,Under Armour Men's Compression EV SL Slide,2016-07-31,7,15.0,1165,243,C,1,P1|278|2016-07-31
P1,278,Under Armour Men's Compression EV SL Slide,2016-08-07,3,8.0,1165,205,C,1,P1|278|2016-08-07
P1,278,Under Armour Men's Compression EV SL Slide,2016-08-14,10,20.0,1165,170,C,1,P1|278|2016-08-14
P1,278,Under Armour Men's Compression EV SL Slide,2016-08-21,5,10.0,1165,190,C,1,P1|278|2016-08-21
P1,278,Under Armour Men's Compression EV SL Slide,2016-08-28,2,5.0,1165,169,C,1,P1|278|2016-08-28
P1,278,Under Armour Men's Compression EV SL Slide,2016-09-04,5,3.0,1165,138,C,1,P1|278|2016-09-04
P1,278,Under Armour Men's Compression EV SL Slide,2016-09-11,3,20.0,1165,153,C,1,P1|278|2016-09-11
P1,278,Under Armour Men's Compression EV SL Slide,2016-09-18,4,17.0,1165,193,C,1,P1|278|2016-09-18
P1,278,Under Armour Men's Compression EV SL Slide,2016-09-25,7,13.0,1165,205,C,1,P1|278|2016-09-25
P1,278,Under Armour Men's Compression EV SL Slide,2016-10-02,19,6.0,1165,169,C,1,P1|278|2016-10-02
P1,278,Under Armour Men's Compression EV SL Slide,2016-10-09,2,20.0,1165,313,C,1,P1|278|2016-10-09
P1,278,Under Armour Men's Compression EV SL Slide,2016-10-16,5,18.0,1165,198,C,1,P1|278|2016-10-16
P1,278,Under Armour Men's Compression EV SL Slide,2016-10-23,0,13.0,1165,237,C,1,P1|278|2016-10-23
P1,278,Under Armour Men's Compression EV SL Slide,2016-10-30,13,13.0,1165,90,C,1,P1|278|2016-10-30
P1,278,Under Armour Men's Compression EV SL Slide,2016-11-06,16,20.0,1165,212,C,1,P1|278|2016-11-06
P1,278,Under Armour Men's Compression EV SL Slide,2016-11-13,6,4.0,1165,130,C,1,P1|278|2016-11-13
P1,278,Under Armour Men's Compression EV SL Slide,2016-11-20,3,0.0,1165,157,C,1,P1|278|2016-11-20
P1,278,Under Armour Men's Compression EV SL Slide,2016-11-27,4,0.0,1165,177,C,1,P1|278|2016-11-27
P1,278,Under Armour Men's Compression EV SL Slide,2016-12-04,5,20.0,1165,124,C,1,P1|278|2016-12-04
P1,278,Under Armour Men's Compression EV SL Slide,2016-12-11,8,15.0,1165,125,C,1,P1|278|2016-12-11
P1,278,Under Armour Men's Compression EV SL Slide,2016-12-18,7,7.0,1165,118,C,1,P1|278|2016-12-18
P1,278,Under Armour Men's Compression EV SL Slide,2016-12-25,13,0.0,1165,184,C,1,P1|278|2016-12-25
P1,278,Under Armour Men's Compression EV SL Slide,2017-01-01,4,20.0,1165,263,C,1,P1|278|2017-01-01
P1,278,Under Armour Men's Compression EV SL Slide,2017-01-08,7,16.0,1165,150,C,1,P1|278|2017-01-08
P1,278,Under Armour Men's Compression EV SL Slide,2017-01-15,0,9.0,1165,223,C,1,P1|278|2017-01-15
P1,278,Under Armour Men's Compression EV SL Slide,2017-01-22,7,9.0,1165,96,C,1,P1|278|2017-01-22
P1,278,Under Armour Men's Compression EV SL Slide,2017-01-29,8,20.0,1165,225,C,1,P1|278|2017-01-29
P1,278,Under Armour Men's Compression EV SL Slide,2017-02-05,0,12.0,1165,169,C,1,P1|278|2017-02-05
P1,278,Under Armour Men's Compression EV SL Slide,2017-02-12,3,12.0,1165,250,C,1,P1|278|2017-02-12
P1,278,Under Armour Men's Compression EV SL Slide,2017-02-19,1,9.0,1165,166,C,1,P1|278|2017-02-19
P1,278,Under Armour Men's Compression EV SL Slide,2017-02-26,11,20.0,1165,14,C,1,P1|278|2017-02-26
P1,278,Under Armour Men's Compression EV SL Slide,2017-03-05,3,9.0,1165,215,C,1,P1|278|2017-03-05
P1,278,Under Armour Men's Compression EV SL Slide,2017-03-12,5,6.0,1165,212,C,1,P1|278|2017-03-12
P1,278,Under Armour Men's Compression EV SL Slide,2017-03-19,12,1.0,1165,122,C,1,P1|278|2017-03-19
P1,278,Under Armour Men's Compression EV SL Slide,2017-03-26,2,20.0,1165,235,C,1,P1|278|2017-03-26
P1,278,Under Armour Men's Compression EV SL Slide,2017-04-02,11,18.0,1165,253,C,1,P1|278|2017-04-02
P1,278,Under Armour Men's Compression EV SL Slide,2017-04-09,8,7.0,1165,224,C,1,P1|278|2017-04-09
P1,278,Under Armour Men's Compression EV SL Slide,2017-04-16,6,0.0,1165,237,C,1,P1|278|2017-04-16
P1,278,Under Armour Men's Compression EV SL Slide,2017-04-23,3,20.0,1165,108,C,1,P1|278|2017-04-23
P1,282,Under Armour Women's Ignite PIP VI Slide,2015-01-11,9,106.0,1165,196,C,1,P1|282|2015-01-11
P1,282,Under Armour Women's Ignite PIP VI Slide,2015-01-18,5,97.0,1165,177,C,1,P1|282|2015-01-18
P1,282,Under Armour Women's Ignite PIP VI Slide,2015-01-25,16,92.0,1165,156,C,1,P1|282|2015-01-25
P1,282,Under Armour Women's Ignite PIP VI Slide,2015-02-01,4,76.0,1165,202,C,1,P1|282|2015-02-01
P1,282,Under Armour Women's Ignite PIP VI Slide,2015-02-08,1,72.0,1165,249,C,1,P1|282|2015-02-08
P1,282,Under Armour Women's Ignite PIP VI Slide,2015-02-15,11,71.0,1165,239,C,1,P1|282|2015-02-15
P1,282,Under Armour Women's Ignite PIP VI Slide,2015-02-22,15,60.0,1165,183,C,1,P1|282|2015-02-22
P1,282,Under Armour Women's Ignite PIP VI Slide,2015-03-01,5,45.0,1165,181,C,1,P1|282|2015-03-01
P1,282,Under Armour Women's Ignite PIP VI Slide,2015-03-08,15,40.0,1165,161,C,1,P1|282|2015-03-08
P1,282,Under Armour Women's Ignite PIP VI Slide,2015-03-15,10,25.0,1165,121,C,1,P1|282|2015-03-15
P1,282,Under Armour Women's Ignite PIP VI Slide,2015-03-22,3,15.0,1165,256,C,1,P1|282|2015-03-22
P1,282,Under Armour Women's Ignite PIP VI Slide,2015-03-29,0,12.0,1165,304,C,1,P1|282|2015-03-29
P1,282,Under Armour Women's Ignite PIP VI Slide,2015-04-05,10,21.0,1165,143,C,1,P1|282|2015-04-05
P1,282,Under Armour Women's Ignite PIP VI Slide,2015-04-12,0,11.0,1165,237,C,1,P1|282|2015-04-12
P1,282,Under Armour Women's Ignite PIP VI Slide,2015-04-19,3,11.0,1165,131,C,1,P1|282|2015-04-19
P1,282,Under Armour Women's Ignite PIP VI Slide,2015-04-26,9,8.0,1165,218,C,1,P1|282|2015-04-26
P1,282,Under Armour Women's Ignite PIP VI Slide,2015-05-03,5,21.0,1165,196,C,1,P1|282|2015-05-03
P1,282,Under Armour Women's Ignite PIP VI Slide,2015-05-10,0,16.0,1165,192,C,1,P1|282|2015-05-10
P1,282,Under Armour Women's Ignite PIP VI Slide,2015-05-17,4,16.0,1165,137,C,1,P1|282|2015-05-17
P1,282,Under Armour Women's Ignite PIP VI Slide,2015-05-24,5,12.0,1165,152,C,1,P1|282|2015-05-24
P1,282,Under Armour Women's Ignite PIP VI Slide,2015-05-31,3,21.0,1165,167,C,1,P1|282|2015-05-31
P1,282,Under Armour Women's Ignite PIP VI Slide,2015-06-07,10,18.0,1165,131,C,1,P1|282|2015-06-07
P1,282,Under Armour Women's Ignite PIP VI Slide,2015-06-14,5,8.0,1165,228,C,1,P1|282|2015-06-14
P1,282,Under Armour Women's Ignite PIP VI Slide,2015-06-21,11,3.0,1165,119,C,1,P1|282|2015-06-21
P1,282,Under Armour Women's Ignite PIP VI Slide,2015-06-28,4,21.0,1165,198,C,1,P1|282|2015-06-28
P1,282,Under Armour Women's Ignite PIP VI Slide,2015-07-05,5,17.0,1165,139,C,1,P1|282|2015-07-05
P1,282,Under Armour Women's Ignite PIP VI Slide,2015-07-12,13,12.0,1165,257,C,1,P1|282|2015-07-12
P1,282,Under Armour Women's Ignite PIP VI Slide,2015-07-19,13,0.0,1165,115,C,1,P1|282|2015-07-19
P1,282,Under Armour Women's Ignite PIP VI Slide,2015-07-26,5,21.0,1165,299,C,1,P1|282|2015-07-26
P1,282,Under Armour Women's Ignite PIP VI Slide,2015-08-02,10,16.0,1165,225,C,1,P1|282|2015-08-02
P1,282,Under Armour Women's Ignite PIP VI Slide,2015-08-09,3,6.0,1165,174,C,1,P1|282|2015-08-09
P1,282,Under Armour Women's Ignite PIP VI Slide,2015-08-16,8,3.0,1165,142,C,1,P1|282|2015-08-16
P1,282,Under Armour Women's Ignite PIP VI Slide,2015-08-23,12,21.0,1165,200,C,1,P1|282|2015-08-23
P1,282,Under Armour Women's Ignite PIP VI Slide,2015-08-30,16,9.0,1165,141,C,1,P1|282|2015-08-30
P1,282,Under Armour Women's Ignite PIP VI Slide,2015-09-06,13,0.0,1165,148,C,1,P1|282|2015-09-06
P1,282,Under Armour Women's Ignite PIP VI Slide,2015-09-13,16,0.0,1165,127,C,1,P1|282|2015-09-13
P1,282,Under Armour Women's Ignite PIP VI Slide,2015-09-20,4,21.0,1165,331,C,1,P1|282|2015-09-20
P1,282,Under Armour Women's Ignite PIP VI Slide,2015-09-27,3,17.0,1165,107,C,1,P1|282|2015-09-27
P1,282,Under Armour Women's Ignite PIP VI Slide,2015-10-04,12,14.0,1165,157,C,1,P1|282|2015-10-04
P1,282,Under Armour Women's Ignite PIP VI Slide,2015-10-11,5,2.0,1165,191,C,1,P1|282|2015-10-11
P1,282,Under Armour Women's Ignite PIP VI Slide,2015-10-18,7,21.0,1165,250,C,1,P1|282|2015-10-18
P1,282,Under Armour Women's Ignite PIP VI Slide,2015-10-25,15,14.0,1165,229,C,1,P1|282|2015-10-25
P1,282,Under Armour Women's Ignite PIP VI Slide,2015-11-01,9,0.0,1165,145,C,1,P1|282|2015-11-01
P1,282,Under Armour Women's Ignite PIP VI Slide,2015-11-08,14,0.0,1165,185,C,1,P1|282|2015-11-08
P1,282,Under Armour Women's Ignite PIP VI Slide,2015-11-15,0,21.0,1165,233,C,1,P1|282|2015-11-15
P1,282,Under Armour Women's Ignite PIP VI Slide,2015-11-22,9,21.0,1165,166,C,1,P1|282|2015-11-22
P1,282,Under Armour Women's Ignite PIP VI Slide,2015-11-29,9,12.0,1165,175,C,1,P1|282|2015-11-29
P1,282,Under Armour Women's Ignite PIP VI Slide,2015-12-06,8,3.0,1165,198,C,1,P1|282|2015-12-06
P1,282,Under Armour Women's Ignite PIP VI Slide,2015-12-13,6,21.0,1165,168,C,1,P1|282|2015-12-13
P1,282,Under Armour Women's Ignite PIP VI Slide,2015-12-20,2,15.0,1165,258,C,1,P1|282|2015-12-20
P1,282,Under Armour Women's Ignite PIP VI Slide,2015-12-27,10,13.0,1165,89,C,1,P1|282|2015-12-27
P1,282,Under Armour Women's Ignite PIP VI Slide,2016-01-03,1,3.0,1165,229,C,1,P1|282|2016-01-03
P1,282,Under Armour Women's Ignite PIP VI Slide,2016-01-10,5,21.0,1165,245,C,1,P1|282|2016-01-10
P1,282,Under Armour Women's Ignite PIP VI Slide,2016-01-17,14,16.0,1165,233,C,1,P1|282|2016-01-17
P1,282,Under Armour Women's Ignite PIP VI Slide,2016-01-24,10,2.0,1165,116,C,1,P1|282|2016-01-24
P1,282,Under Armour Women's Ignite PIP VI Slide,2016-01-31,3,0.0,1165,225,C,1,P1|282|2016-01-31
P1,282,Under Armour Women's Ignite PIP VI Slide,2016-02-07,0,21.0,1165,226,C,1,P1|282|2016-02-07
P1,282,Under Armour Women's Ignite PIP VI Slide,2016-02-14,10,21.0,1165,303,C,1,P1|282|2016-02-14
P1,282,Under Armour Women's Ignite PIP VI Slide,2016-02-21,13,11.0,1165,172,C,1,P1|282|2016-02-21
P1,282,Under Armour Women's Ignite PIP VI Slide,2016-02-28,3,0.0,1165,264,C,1,P1|282|2016-02-28
P1,282,Under Armour Women's Ignite PIP VI Slide,2016-03-06,0,21.0,1165,117,C,1,P1|282|2016-03-06
P1,282,Under Armour Women's Ignite PIP VI Slide,2016-03-13,4,21.0,1165,261,C,1,P1|282|2016-03-13
P1,282,Under Armour Women's Ignite PIP VI Slide,2016-03-20,11,17.0,1165,144,C,1,P1|282|2016-03-20
P1,282,Under Armour Women's Ignite PIP VI Slide,2016-03-27,4,6.0,1165,223,C,1,P1|282|2016-03-27
P1,282,Under Armour Women's Ignite PIP VI Slide,2016-04-03,0,21.0,1165,175,C,1,P1|282|2016-04-03
P1,282,Under Armour Women's Ignite PIP VI Slide,2016-04-10,9,21.0,1165,124,C,1,P1|282|2016-04-10
P1,282,Under Armour Women's Ignite PIP VI Slide,2016-04-17,4,12.0,1165,213,C,1,P1|282|2016-04-17
P1,282,Under Armour Women's Ignite PIP VI Slide,2016-04-24,0,8.0,1165,134,C,1,P1|282|2016-04-24
P1,282,Under Armour Women's Ignite PIP VI Slide,2016-05-01,5,21.0,1165,273,C,1,P1|282|2016-05-01
P1,282,Under Armour Women's Ignite PIP VI Slide,2016-05-08,7,16.0,1165,220,C,1,P1|282|2016-05-08
P1,282,Under Armour Women's Ignite PIP VI Slide,2016-05-15,9,9.0,1165,195,C,1,P1|282|2016-05-15
P1,282,Under Armour Women's Ignite PIP VI Slide,2016-05-22,5,0.0,1165,184,C,1,P1|282|2016-05-22
P1,282,Under Armour Women's Ignite PIP VI Slide,2016-05-29,5,21.0,1165,194,C,1,P1|282|2016-05-29
P1,282,Under Armour Women's Ignite PIP VI Slide,2016-06-05,7,16.0,1165,215,C,1,P1|282|2016-06-05
P1,282,Under Armour Women's Ignite PIP VI Slide,2016-06-12,12,9.0,1165,210,C,1,P1|282|2016-06-12
P1,282,Under Armour Women's Ignite PIP VI Slide,2016-06-19,17,0.0,1165,214,C,1,P1|282|2016-06-19
P1,282,Under Armour Women's Ignite PIP VI Slide,2016-06-26,12,21.0,1165,201,C,1,P1|282|2016-06-26
P1,282,Under Armour Women's Ignite PIP VI Slide,2016-07-03,14,9.0,1165,203,C,1,P1|282|2016-07-03
P1,282,Under Armour Women's Ignite PIP VI Slide,2016-07-10,28,0.0,1165,140,C,1,P1|282|2016-07-10
P1,282,Under Armour Women's Ignite PIP VI Slide,2016-07-17,4,0.0,1165,176,C,1,P1|282|2016-07-17
P1,282,Under Armour Women's Ignite PIP VI Slide,2016-07-24,4,21.0,1165,258,C,1,P1|282|2016-07-24
P1,282,Under Armour Women's Ignite PIP VI Slide,2016-07-31,2,17.0,1165,243,C,1,P1|282|2016-07-31
P1,282,Under Armour Women's Ignite PIP VI Slide,2016-08-07,18,15.0,1165,205,C,1,P1|282|2016-08-07
P1,282,Under Armour Women's Ignite PIP VI Slide,2016-08-14,9,0.0,1165,170,C,1,P1|282|2016-08-14
P1,282,Under Armour Women's Ignite PIP VI Slide,2016-08-21,6,21.0,1165,190,C,1,P1|282|2016-08-21
P1,282,Under Armour Women's Ignite PIP VI Slide,2016-08-28,6,15.0,1165,169,C,1,P1|282|2016-08-28
P1,282,Under Armour Women's Ignite PIP VI Slide,2016-09-04,4,9.0,1165,138,C,1,P1|282|2016-09-04
P1,282,Under Armour Women's Ignite PIP VI Slide,2016-09-11,11,5.0,1165,153,C,1,P1|282|2016-09-11
P1,282,Under Armour Women's Ignite PIP VI Slide,2016-09-18,10,21.0,1165,193,C,1,P1|282|2016-09-18
P1,282,Under Armour Women's Ignite PIP VI Slide,2016-09-25,10,11.0,1165,205,C,1,P1|282|2016-09-25
P1,282,Under Armour Women's Ignite PIP VI Slide,2016-10-02,0,1.0,1165,169,C,1,P1|282|2016-10-02
P1,282,Under Armour Women's Ignite PIP VI Slide,2016-10-09,4,1.0,1165,313,C,1,P1|282|2016-10-09
P1,282,Under Armour Women's Ignite PIP VI Slide,2016-10-16,3,21.0,1165,198,C,1,P1|282|2016-10-16
P1,282,Under Armour Women's Ignite PIP VI Slide,2016-10-23,3,18.0,1165,237,C,1,P1|282|2016-10-23
P1,282,Under Armour Women's Ignite PIP VI Slide,2016-10-30,11,15.0,1165,90,C,1,P1|282|2016-10-30
P1,282,Under Armour Women's Ignite PIP VI Slide,2016-11-06,11,4.0,1165,212,C,1,P1|282|2016-11-06
P1,282,Under Armour Women's Ignite PIP VI Slide,2016-11-13,0,21.0,1165,130,C,1,P1|282|2016-11-13
P1,282,Under Armour Women's Ignite PIP VI Slide,2016-11-20,3,21.0,1165,157,C,1,P1|282|2016-11-20
P1,282,Under Armour Women's Ignite PIP VI Slide,2016-11-27,3,18.0,1165,177,C,1,P1|282|2016-11-27
P1,282,Under Armour Women's Ignite PIP VI Slide,2016-12-04,6,15.0,1165,124,C,1,P1|282|2016-12-04
P1,282,Under Armour Women's Ignite PIP VI Slide,2016-12-11,8,21.0,1165,125,C,1,P1|282|2016-12-11
P1,282,Under Armour Women's Ignite PIP VI Slide,2016-12-18,7,13.0,1165,118,C,1,P1|282|2016-12-18
P1,282,Under Armour Women's Ignite PIP VI Slide,2016-12-25,8,6.0,1165,184,C,1,P1|282|2016-12-25
P1,282,Under Armour Women's Ignite PIP VI Slide,2017-01-01,3,0.0,1165,263,C,1,P1|282|2017-01-01
P1,282,Under Armour Women's Ignite PIP VI Slide,2017-01-08,6,21.0,1165,150,C,1,P1|282|2017-01-08
P1,282,Under Armour Women's Ignite PIP VI Slide,2017-01-15,5,15.0,1165,223,C,1,P1|282|2017-01-15
P1,282,Under Armour Women's Ignite PIP VI Slide,2017-01-22,0,10.0,1165,96,C,1,P1|282|2017-01-22
P1,282,Under Armour Women's Ignite PIP VI Slide,2017-01-29,9,10.0,1165,225,C,1,P1|282|2017-01-29
P1,282,Under Armour Women's Ignite PIP VI Slide,2017-02-05,7,21.0,1165,169,C,1,P1|282|2017-02-05
P1,282,Under Armour Women's Ignite PIP VI Slide,2017-02-12,12,14.0,1165,250,C,1,P1|282|2017-02-12
P1,282,Under Armour Women's Ignite PIP VI Slide,2017-02-19,6,2.0,1165,166,C,1,P1|282|2017-02-19
P1,282,Under Armour Women's Ignite PIP VI Slide,2017-02-26,8,0.0,1165,14,C,1,P1|282|2017-02-26
P1,282,Under Armour Women's Ignite PIP VI Slide,2017-03-05,0,21.0,1165,215,C,1,P1|282|2017-03-05
P1,282,Under Armour Women's Ignite PIP VI Slide,2017-03-12,4,21.0,1165,212,C,1,P1|282|2017-03-12
P1,282,Under Armour Women's Ignite PIP VI Slide,2017-03-19,4,17.0,1165,122,C,1,P1|282|2017-03-19
P1,282,Under Armour Women's Ignite PIP VI Slide,2017-03-26,7,13.0,1165,235,C,1,P1|282|2017-03-26
P1,282,Under Armour Women's Ignite PIP VI Slide,2017-04-02,1,21.0,1165,253,C,1,P1|282|2017-04-02
P1,282,Under Armour Women's Ignite PIP VI Slide,2017-04-09,4,20.0,1165,224,C,1,P1|282|2017-04-09
P1,282,Under Armour Women's Ignite PIP VI Slide,2017-04-16,9,16.0,1165,237,C,1,P1|282|2017-04-16
P1,282,Under Armour Women's Ignite PIP VI Slide,2017-04-23,10,7.0,1165,108,C,1,P1|282|2017-04-23
P1,359,Nike Men's Free TR 5.0 TB Training Shoe,2017-04-30,9,154.0,1165,226,C,1,P1|359|2017-04-30
P1,359,Nike Men's Free TR 5.0 TB Training Shoe,2017-05-07,17,145.0,1165,210,C,1,P1|359|2017-05-07
P1,359,Nike Men's Free TR 5.0 TB Training Shoe,2017-05-14,4,128.0,1165,268,C,1,P1|359|2017-05-14
P1,359,Nike Men's Free TR 5.0 TB Training Shoe,2017-05-21,14,124.0,1165,226,C,1,P1|359|2017-05-21
P1,359,Nike Men's Free TR 5.0 TB Training Shoe,2017-05-28,6,110.0,1165,213,C,1,P1|359|2017-05-28
P1,359,Nike Men's Free TR 5.0 TB Training Shoe,2017-06-04,12,104.0,1165,194,C,1,P1|359|2017-06-04
P1,359,Nike Men's Free TR 5.0 TB Training Shoe,2017-06-11,11,92.0,1165,318,C,1,P1|359|2017-06-11
P1,359,Nike Men's Free TR 5.0 TB Training Shoe,2017-06-18,3,81.0,1165,374,C,1,P1|359|2017-06-18
P1,359,Nike Men's Free TR 5.0 TB Training Shoe,2017-06-25,8,78.0,1165,191,C,1,P1|359|2017-06-25
P1,359,Nike Men's Free TR 5.0 TB Training Shoe,2017-07-02,16,70.0,1165,262,C,1,P1|359|2017-07-02
P1,359,Nike Men's Free TR 5.0 TB Training Shoe,2017-07-09,8,54.0,1165,186,C,1,P1|359|2017-07-09
P1,359,Nike Men's Free TR 5.0 TB Training Shoe,2017-07-16,16,46.0,1165,225,C,1,P1|359|2017-07-16
P1,359,Nike Men's Free TR 5.0 TB Training Shoe,2017-07-23,9,31.0,1165,174,C,1,P1|359|2017-07-23
P1,359,Nike Men's Free TR 5.0 TB Training Shoe,2017-07-30,15,22.0,1165,180,C,1,P1|359|2017-07-30
P1,359,Nike Men's Free TR 5.0 TB Training Shoe,2017-08-06,16,7.0,1165,258,C,1,P1|359|2017-08-06
P1,359,Nike Men's Free TR 5.0 TB Training Shoe,2017-08-13,3,0.0,1165,205,C,1,P1|359|2017-08-13
P1,359,Nike Men's Free TR 5.0 TB Training Shoe,2017-08-20,8,31.0,1165,230,C,1,P1|359|2017-08-20
P1,359,Nike Men's Free TR 5.0 TB Training Shoe,2017-08-27,14,23.0,1165,173,C,1,P1|359|2017-08-27
P1,359,Nike Men's Free TR 5.0 TB Training Shoe,2017-09-03,13,9.0,1165,124,C,1,P1|359|2017-09-03
P1,359,Nike Men's Free TR 5.0 TB Training Shoe,2017-09-10,4,0.0,1165,199,C,1,P1|359|2017-09-10
P1,364,Total Gym 1400,2017-09-17,18,180.0,1165,245,C,1,P1|364|2017-09-17
P1,364,Total Gym 1400,2017-09-24,11,162.0,1165,270,C,1,P1|364|2017-09-24
P1,364,Total Gym 1400,2017-10-01,7,151.0,1165,225,C,1,P1|364|2017-10-01
P1,365,Perfect Fitness Perfect Rip Deck,2015-01-04,306,6535.0,1165,598,A,3,P1|365|2015-01-04
P1,365,Perfect Fitness Perfect Rip Deck,2015-01-11,529,6229.0,1165,196,A,3,P1|365|2015-01-11
P1,365,Perfect Fitness Perfect Rip Deck,2015-01-18,560,5700.0,1165,177,A,3,P1|365|2015-01-18
P1,365,Perfect Fitness Perfect Rip Deck,2015-01-25,547,5140.0,1165,156,A,3,P1|365|2015-01-25
P1,365,Perfect Fitness Perfect Rip Deck,2015-02-01,522,4593.0,1165,202,A,3,P1|365|2015-02-01
P1,365,Perfect Fitness Perfect Rip Deck,2015-02-08,468,4071.0,1165,249,A,3,P1|365|2015-02-08
P1,365,Perfect Fitness Perfect Rip Deck,2015-02-15,509,3603.0,1165,239,A,3,P1|365|2015-02-15
P1,365,Perfect Fitness Perfect Rip Deck,2015-02-22,510,3094.0,1165,183,A,3,P1|365|2015-02-22
P1,365,Perfect Fitness Perfect Rip Deck,2015-03-01,544,3267.0,1165,181,A,3,P1|365|2015-03-01
P1,365,Perfect Fitness Perfect Rip Deck,2015-03-08,580,2723.0,1165,161,A,3,P1|365|2015-03-08
P1,365,Perfect Fitness Perfect Rip Deck,2015-03-15,537,2143.0,1165,121,A,3,P1|365|2015-03-15
P1,365,Perfect Fitness Perfect Rip Deck,2015-03-22,470,1606.0,1165,256,A,3,P1|365|2015-03-22
P1,365,Perfect Fitness Perfect Rip Deck,2015-03-29,461,3267.0,1165,304,A,3,P1|365|2015-03-29
P1,365,Perfect Fitness Perfect Rip Deck,2015-04-05,566,2806.0,1165,143,A,3,P1|365|2015-04-05
P1,365,Perfect Fitness Perfect Rip Deck,2015-04-12,464,2240.0,1165,237,A,3,P1|365|2015-04-12
P1,365,Perfect Fitness Perfect Rip Deck,2015-04-19,581,1776.0,1165,131,A,3,P1|365|2015-04-19
P1,365,Perfect Fitness Perfect Rip Deck,2015-04-26,489,3267.0,1165,218,A,3,P1|365|2015-04-26
P1,365,Perfect Fitness Perfect Rip Deck,2015-05-03,515,2778.0,1165,196,A,3,P1|365|2015-05-03
P1,365,Perfect Fitness Perfect Rip Deck,2015-05-10,466,2263.0,1165,192,A,3,P1|365|2015-05-10
P1,365,Perfect Fitness Perfect Rip Deck,2015-05-17,546,1797.0,1165,137,A,3,P1|365|2015-05-17
P1,365,Perfect Fitness Perfect Rip Deck,2015-05-24,489,3267.0,1165,152,A,3,P1|365|2015-05-24
P1,365,Perfect Fitness Perfect Rip Deck,2015-05-31,498,2778.0,1165,167,A,3,P1|365|2015-05-31
P1,365,Perfect Fitness Perfect Rip Deck,2015-06-07,497,2280.0,1165,131,A,3,P1|365|2015-06-07
P1,365,Perfect Fitness Perfect Rip Deck,2015-06-14,419,1783.0,1165,228,A,3,P1|365|2015-06-14
P1,365,Perfect Fitness Perfect Rip Deck,2015-06-21,579,3267.0,1165,119,A,3,P1|365|2015-06-21
P1,365,Perfect Fitness Perfect Rip Deck,2015-06-28,529,2688.0,1165,198,A,3,P1|365|2015-06-28
P1,365,Perfect Fitness Perfect Rip Deck,2015-07-05,526,2159.0,1165,139,A,3,P1|365|2015-07-05
P1,365,Perfect Fitness Perfect Rip Deck,2015-07-12,469,1633.0,1165,257,A,3,P1|365|2015-07-12
P1,365,Perfect Fitness Perfect Rip Deck,2015-07-19,567,3267.0,1165,115,A,3,P1|365|2015-07-19
P1,365,Perfect Fitness Perfect Rip Deck,2015-07-26,463,2700.0,1165,299,A,3,P1|365|2015-07-26
P1,365,Perfect Fitness Perfect Rip Deck,2015-08-02,503,2237.0,1165,225,A,3,P1|365|2015-08-02
P1,365,Perfect Fitness Perfect Rip Deck,2015-08-09,535,1734.0,1165,174,A,3,P1|365|2015-08-09
P1,365,Perfect Fitness Perfect Rip Deck,2015-08-16,575,3267.0,1165,142,A,3,P1|365|2015-08-16
P1,365,Perfect Fitness Perfect Rip Deck,2015-08-23,484,2692.0,1165,200,A,3,P1|365|2015-08-23
P1,365,Perfect Fitness Perfect Rip Deck,2015-08-30,587,2208.0,1165,141,A,3,P1|365|2015-08-30
P1,365,Perfect Fitness Perfect Rip Deck,2015-09-06,511,1621.0,1165,148,A,3,P1|365|2015-09-06
P1,365,Perfect Fitness Perfect Rip Deck,2015-09-13,571,3267.0,1165,127,A,3,P1|365|2015-09-13
P1,365,Perfect Fitness Perfect Rip Deck,2015-09-20,428,2696.0,1165,331,A,3,P1|365|2015-09-20
P1,365,Perfect Fitness Perfect Rip Deck,2015-09-27,571,2268.0,1165,107,A,3,P1|365|2015-09-27
P1,365,Perfect Fitness Perfect Rip Deck,2015-10-04,486,1697.0,1165,157,A,3,P1|365|2015-10-04
P1,365,Perfect Fitness Perfect Rip Deck,2015-10-11,545,3267.0,1165,191,A,3,P1|365|2015-10-11
P1,365,Perfect Fitness Perfect Rip Deck,2015-10-18,431,2722.0,1165,250,A,3,P1|365|2015-10-18
P1,365,Perfect Fitness Perfect Rip Deck,2015-10-25,485,2291.0,1165,229,A,3,P1|365|2015-10-25
P1,365,Perfect Fitness Perfect Rip Deck,2015-11-01,481,1806.0,1165,145,A,3,P1|365|2015-11-01
P1,365,Perfect Fitness Perfect Rip Deck,2015-11-08,523,3267.0,1165,185,A,3,P1|365|2015-11-08
P1,365,Perfect Fitness Perfect Rip Deck,2015-11-15,513,2744.0,1165,233,A,3,P1|365|2015-11-15
P1,365,Perfect Fitness Perfect Rip Deck,2015-11-22,506,2231.0,1165,166,A,3,P1|365|2015-11-22
P1,365,Perfect Fitness Perfect Rip Deck,2015-11-29,525,1725.0,1165,175,A,3,P1|365|2015-11-29
P1,365,Perfect Fitness Perfect Rip Deck,2015-12-06,493,3267.0,1165,198,A,3,P1|365|2015-12-06
P1,365,Perfect Fitness Perfect Rip Deck,2015-12-13,512,2774.0,1165,168,A,3,P1|365|2015-12-13
P1,365,Perfect Fitness Perfect Rip Deck,2015-12-20,464,2262.0,1165,258,A,3,P1|365|2015-12-20
P1,365,Perfect Fitness Perfect Rip Deck,2015-12-27,562,1798.0,1165,89,A,3,P1|365|2015-12-27
P1,365,Perfect Fitness Perfect Rip Deck,2016-01-03,451,3267.0,1165,229,A,3,P1|365|2016-01-03
P1,365,Perfect Fitness Perfect Rip Deck,2016-01-10,482,2816.0,1165,245,A,3,P1|365|2016-01-10
P1,365,Perfect Fitness Perfect Rip Deck,2016-01-17,446,2334.0,1165,233,A,3,P1|365|2016-01-17
P1,365,Perfect Fitness Perfect Rip Deck,2016-01-24,589,1888.0,1165,116,A,3,P1|365|2016-01-24
P1,365,Perfect Fitness Perfect Rip Deck,2016-01-31,478,3267.0,1165,225,A,3,P1|365|2016-01-31
P1,365,Perfect Fitness Perfect Rip Deck,2016-02-07,517,2789.0,1165,226,A,3,P1|365|2016-02-07
P1,365,Perfect Fitness Perfect Rip Deck,2016-02-14,451,2272.0,1165,303,A,3,P1|365|2016-02-14
P1,365,Perfect Fitness Perfect Rip Deck,2016-02-21,530,1821.0,1165,172,A,3,P1|365|2016-02-21
P1,365,Perfect Fitness Perfect Rip Deck,2016-02-28,472,3267.0,1165,264,A,3,P1|365|2016-02-28
P1,365,Perfect Fitness Perfect Rip Deck,2016-03-06,565,2795.0,1165,117,A,3,P1|365|2016-03-06
P1,365,Perfect Fitness Perfect Rip Deck,2016-03-13,523,2230.0,1165,261,A,3,P1|365|2016-03-13
P1,365,Perfect Fitness Perfect Rip Deck,2016-03-20,514,1707.0,1165,144,A,3,P1|365|2016-03-20
P1,365,Perfect Fitness Perfect Rip Deck,2016-03-27,527,3267.0,1165,223,A,3,P1|365|2016-03-27
P1,365,Perfect Fitness Perfect Rip Deck,2016-04-03,536,2740.0,1165,175,A,3,P1|365|2016-04-03
P1,365,Perfect Fitness Perfect Rip Deck,2016-04-10,542,2204.0,1165,124,A,3,P1|365|2016-04-10
P1,365,Perfect Fitness Perfect Rip Deck,2016-04-17,530,1662.0,1165,213,A,3,P1|365|2016-04-17
P1,365,Perfect Fitness Perfect Rip Deck,2016-04-24,560,3267.0,1165,134,A,3,P1|365|2016-04-24
P1,365,Perfect Fitness Perfect Rip Deck,2016-05-01,493,2707.0,1165,273,A,3,P1|365|2016-05-01
P1,365,Perfect Fitness Perfect Rip Deck,2016-05-08,549,2214.0,1165,220,A,3,P1|365|2016-05-08
P1,365,Perfect Fitness Perfect Rip Deck,2016-05-15,543,1665.0,1165,195,A,3,P1|365|2016-05-15
P1,365,Perfect Fitness Perfect Rip Deck,2016-05-22,529,3267.0,1165,184,A,3,P1|365|2016-05-22
P1,365,Perfect Fitness Perfect Rip Deck,2016-05-29,543,2738.0,1165,194,A,3,P1|365|2016-05-29
P1,365,Perfect Fitness Perfect Rip Deck,2016-06-05,529,2195.0,1165,215,A,3,P1|365|2016-06-05
P1,365,Perfect Fitness Perfect Rip Deck,2016-06-12,523,1666.0,1165,210,A,3,P1|365|2016-06-12
P1,365,Perfect Fitness Perfect Rip Deck,2016-06-19,489,3267.0,1165,214,A,3,P1|365|2016-06-19
P1,365,Perfect Fitness Perfect Rip Deck,2016-06-26,530,2778.0,1165,201,A,3,P1|365|2016-06-26
P1,365,Perfect Fitness Perfect Rip Deck,2016-07-03,482,2248.0,1165,203,A,3,P1|365|2016-07-03
P1,365,Perfect Fitness Perfect Rip Deck,2016-07-10,524,1766.0,1165,140,A,3,P1|365|2016-07-10
P1,365,Perfect Fitness Perfect Rip Deck,2016-07-17,557,3267.0,1165,176,A,3,P1|365|2016-07-17
P1,365,Perfect Fitness Perfect Rip Deck,2016-07-24,490,2710.0,1165,258,A,3,P1|365|2016-07-24
P1,365,Perfect Fitness Perfect Rip Deck,2016-07-31,466,2220.0,1165,243,A,3,P1|365|2016-07-31
P1,365,Perfect Fitness Perfect Rip Deck,2016-08-07,494,1754.0,1165,205,A,3,P1|365|2016-08-07
P1,365,Perfect Fitness Perfect Rip Deck,2016-08-14,542,3267.0,1165,170,A,3,P1|365|2016-08-14
P1,365,Perfect Fitness Perfect Rip Deck,2016-08-21,517,2725.0,1165,190,A,3,P1|365|2016-08-21
P1,365,Perfect Fitness Perfect Rip Deck,2016-08-28,542,2208.0,1165,169,A,3,P1|365|2016-08-28
P1,365,Perfect Fitness Perfect Rip Deck,2016-09-04,500,1666.0,1165,138,A,3,P1|365|2016-09-04
P1,365,Perfect Fitness Perfect Rip Deck,2016-09-11,558,3267.0,1165,153,A,3,P1|365|2016-09-11
P1,365,Perfect Fitness Perfect Rip Deck,2016-09-18,502,2709.0,1165,193,A,3,P1|365|2016-09-18
P1,365,Perfect Fitness Perfect Rip Deck,2016-09-25,528,2207.0,1165,205,A,3,P1|365|2016-09-25
P1,365,Perfect Fitness Perfect Rip Deck,2016-10-02,515,1679.0,1165,169,A,3,P1|365|2016-10-02
P1,365,Perfect Fitness Perfect Rip Deck,2016-10-09,448,3267.0,1165,313,A,3,P1|365|2016-10-09
P1,365,Perfect Fitness Perfect Rip Deck,2016-10-16,525,2819.0,1165,198,A,3,P1|365|2016-10-16
P1,365,Perfect Fitness Perfect Rip Deck,2016-10-23,489,2294.0,1165,237,A,3,P1|365|2016-10-23
P1,365,Perfect Fitness Perfect Rip Deck,2016-10-30,586,1805.0,1165,90,A,3,P1|365|2016-10-30
P1,365,Perfect Fitness Perfect Rip Deck,2016-11-06,515,3267.0,1165,212,A,3,P1|365|2016-11-06
P1,365,Perfect Fitness Perfect Rip Deck,2016-11-13,502,2752.0,1165,130,A,3,P1|365|2016-11-13
P1,365,Perfect Fitness Perfect Rip Deck,2016-11-20,529,2250.0,1165,157,A,3,P1|365|2016-11-20
P1,365,Perfect Fitness Perfect Rip Deck,2016-11-27,503,1721.0,1165,177,A,3,P1|365|2016-11-27
P1,365,Perfect Fitness Perfect Rip Deck,2016-12-04,582,3267.0,1165,124,A,3,P1|365|2016-12-04
P1,365,Perfect Fitness Perfect Rip Deck,2016-12-11,570,2685.0,1165,125,A,3,P1|365|2016-12-11
P1,365,Perfect Fitness Perfect Rip Deck,2016-12-18,562,2115.0,1165,118,A,3,P1|365|2016-12-18
P1,365,Perfect Fitness Perfect Rip Deck,2016-12-25,502,1553.0,1165,184,A,3,P1|365|2016-12-25
P1,365,Perfect Fitness Perfect Rip Deck,2017-01-01,480,3267.0,1165,263,A,3,P1|365|2017-01-01
P1,365,Perfect Fitness Perfect Rip Deck,2017-01-08,495,2787.0,1165,150,A,3,P1|365|2017-01-08
P1,365,Perfect Fitness Perfect Rip Deck,2017-01-15,506,2292.0,1165,223,A,3,P1|365|2017-01-15
P1,365,Perfect Fitness Perfect Rip Deck,2017-01-22,585,1786.0,1165,96,A,3,P1|365|2017-01-22
P1,365,Perfect Fitness Perfect Rip Deck,2017-01-29,489,3267.0,1165,225,A,3,P1|365|2017-01-29
P1,365,Perfect Fitness Perfect Rip Deck,2017-02-05,502,2778.0,1165,169,A,3,P1|365|2017-02-05
P1,365,Perfect Fitness Perfect Rip Deck,2017-02-12,487,2276.0,1165,250,A,3,P1|365|2017-02-12
P1,365,Perfect Fitness Perfect Rip Deck,2017-02-19,558,1789.0,1165,166,A,3,P1|365|2017-02-19
P1,365,Perfect Fitness Perfect Rip Deck,2017-02-26,587,3267.0,1165,14,A,3,P1|365|2017-02-26
P1,365,Perfect Fitness Perfect Rip Deck,2017-03-05,510,2680.0,1165,215,A,3,P1|365|2017-03-05
P1,365,Perfect Fitness Perfect Rip Deck,2017-03-12,527,2170.0,1165,212,A,3,P1|365|2017-03-12
P1,365,Perfect Fitness Perfect Rip Deck,2017-03-19,579,1643.0,1165,122,A,3,P1|365|2017-03-19
P1,365,Perfect Fitness Perfect Rip Deck,2017-03-26,442,3267.0,1165,235,A,3,P1|365|2017-03-26
P1,365,Perfect Fitness Perfect Rip Deck,2017-04-02,447,2825.0,1165,253,A,3,P1|365|2017-04-02
P1,365,Perfect Fitness Perfect Rip Deck,2017-04-09,514,2378.0,1165,224,A,3,P1|365|2017-04-09
P1,365,Perfect Fitness Perfect Rip Deck,2017-04-16,469,1864.0,1165,237,A,3,P1|365|2017-04-16
P1,365,Perfect Fitness Perfect Rip Deck,2017-04-23,565,3267.0,1165,108,A,3,P1|365|2017-04-23
P1,365,Perfect Fitness Perfect Rip Deck,2017-04-30,526,2702.0,1165,226,A,3,P1|365|2017-04-30
P1,365,Perfect Fitness Perfect Rip Deck,2017-05-07,500,2176.0,1165,210,A,3,P1|365|2017-05-07
P1,365,Perfect Fitness Perfect Rip Deck,2017-05-14,441,1676.0,1165,268,A,3,P1|365|2017-05-14
P1,365,Perfect Fitness Perfect Rip Deck,2017-05-21,514,3267.0,1165,226,A,3,P1|365|2017-05-21
P1,365,Perfect Fitness Perfect Rip Deck,2017-05-28,537,2753.0,1165,213,A,3,P1|365|2017-05-28
P1,365,Perfect Fitness Perfect Rip Deck,2017-06-04,490,2216.0,1165,194,A,3,P1|365|2017-06-04
P1,365,Perfect Fitness Perfect Rip Deck,2017-06-11,448,1726.0,1165,318,A,3,P1|365|2017-06-11
P1,365,Perfect Fitness Perfect Rip Deck,2017-06-18,393,3267.0,1165,374,A,3,P1|365|2017-06-18
P1,365,Perfect Fitness Perfect Rip Deck,2017-06-25,505,2874.0,1165,191,A,3,P1|365|2017-06-25
P1,365,Perfect Fitness Perfect Rip Deck,2017-07-02,493,2369.0,1165,262,A,3,P1|365|2017-07-02
P1,365,Perfect Fitness Perfect Rip Deck,2017-07-09,551,1876.0,1165,186,A,3,P1|365|2017-07-09
P1,365,Perfect Fitness Perfect Rip Deck,2017-07-16,524,3267.0,1165,225,A,3,P1|365|2017-07-16
P1,365,Perfect Fitness Perfect Rip Deck,2017-07-23,506,2743.0,1165,174,A,3,P1|365|2017-07-23
P1,365,Perfect Fitness Perfect Rip Deck,2017-07-30,508,2237.0,1165,180,A,3,P1|365|2017-07-30
P1,365,Perfect Fitness Perfect Rip Deck,2017-08-06,474,1729.0,1165,258,A,3,P1|365|2017-08-06
P1,365,Perfect Fitness Perfect Rip Deck,2017-08-13,516,3267.0,1165,205,A,3,P1|365|2017-08-13
P1,365,Perfect Fitness Perfect Rip Deck,2017-08-20,485,2751.0,1165,230,A,3,P1|365|2017-08-20
P1,365,Perfect Fitness Perfect Rip Deck,2017-08-27,547,2266.0,1165,173,A,3,P1|365|2017-08-27
P1,365,Perfect Fitness Perfect Rip Deck,2017-09-03,590,1719.0,1165,124,A,3,P1|365|2017-09-03
P1,365,Perfect Fitness Perfect Rip Deck,2017-09-10,491,3267.0,1165,199,A,3,P1|365|2017-09-10
P1,365,Perfect Fitness Perfect Rip Deck,2017-09-17,491,2776.0,1165,245,A,3,P1|365|2017-09-17
P1,365,Perfect Fitness Perfect Rip Deck,2017-09-24,446,2285.0,1165,270,A,3,P1|365|2017-09-24
P1,365,Perfect Fitness Perfect Rip Deck,2017-10-01,478,1839.0,1165,225,A,3,P1|365|2017-10-01
P1,365,Perfect Fitness Perfect Rip Deck,2017-10-08,34,3267.0,1165,1017,A,3,P1|365|2017-10-08
P1,403,Nike Men's CJ Elite 2 TD Football Cleat,2015-01-04,77,1973.0,1165,598,B,2,P1|403|2015-01-04
P1,403,Nike Men's CJ Elite 2 TD Football Cleat,2015-01-11,147,1896.0,1165,196,B,2,P1|403|2015-01-11
P1,403,Nike Men's CJ Elite 2 TD Football Cleat,2015-01-18,140,1749.0,1165,177,B,2,P1|403|2015-01-18
P1,403,Nike Men's CJ Elite 2 TD Football Cleat,2015-01-25,128,1609.0,1165,156,B,2,P1|403|2015-01-25
P1,403,Nike Men's CJ Elite 2 TD Football Cleat,2015-02-01,148,1481.0,1165,202,B,2,P1|403|2015-02-01
P1,403,Nike Men's CJ Elite 2 TD Football Cleat,2015-02-08,189,1333.0,1165,249,B,2,P1|403|2015-02-08
P1,403,Nike Men's CJ Elite 2 TD Football Cleat,2015-02-15,145,1144.0,1165,239,B,2,P1|403|2015-02-15
P1,403,Nike Men's CJ Elite 2 TD Football Cleat,2015-02-22,143,999.0,1165,183,B,2,P1|403|2015-02-22
P1,403,Nike Men's CJ Elite 2 TD Football Cleat,2015-03-01,170,856.0,1165,181,B,2,P1|403|2015-03-01
P1,403,Nike Men's CJ Elite 2 TD Football Cleat,2015-03-08,131,686.0,1165,161,B,2,P1|403|2015-03-08
P1,403,Nike Men's CJ Elite 2 TD Football Cleat,2015-03-15,150,555.0,1165,121,B,2,P1|403|2015-03-15
P1,403,Nike Men's CJ Elite 2 TD Football Cleat,2015-03-22,121,405.0,1165,256,B,2,P1|403|2015-03-22
P1,403,Nike Men's CJ Elite 2 TD Football Cleat,2015-03-29,136,658.0,1165,304,B,2,P1|403|2015-03-29
P1,403,Nike Men's CJ Elite 2 TD Football Cleat,2015-04-05,188,522.0,1165,143,B,2,P1|403|2015-04-05
P1,403,Nike Men's CJ Elite 2 TD Football Cleat,2015-04-12,159,334.0,1165,237,B,2,P1|403|2015-04-12
P1,403,Nike Men's CJ Elite 2 TD Football Cleat,2015-04-19,151,175.0,1165,131,B,2,P1|403|2015-04-19
P1,403,Nike Men's CJ Elite 2 TD Football Cleat,2015-04-26,124,658.0,1165,218,B,2,P1|403|2015-04-26
P1,403,Nike Men's CJ Elite 2 TD Football Cleat,2015-05-03,137,534.0,1165,196,B,2,P1|403|2015-05-03
P1,403,Nike Men's CJ Elite 2 TD Football Cleat,2015-05-10,132,397.0,1165,192,B,2,P1|403|2015-05-10
P1,403,Nike Men's CJ Elite 2 TD Football Cleat,2015-05-17,141,265.0,1165,137,B,2,P1|403|2015-05-17
P1,403,Nike Men's CJ Elite 2 TD Football Cleat,2015-05-24,166,658.0,1165,152,B,2,P1|403|2015-05-24
P1,403,Nike Men's CJ Elite 2 TD Football Cleat,2015-05-31,154,492.0,1165,167,B,2,P1|403|2015-05-31
P1,403,Nike Men's CJ Elite 2 TD Football Cleat,2015-06-07,163,338.0,1165,131,B,2,P1|403|2015-06-07
P1,403,Nike Men's CJ Elite 2 TD Football Cleat,2015-06-14,174,175.0,1165,228,B,2,P1|403|2015-06-14
P1,403,Nike Men's CJ Elite 2 TD Football Cleat,2015-06-21,133,658.0,1165,119,B,2,P1|403|2015-06-21
P1,403,Nike Men's CJ Elite 2 TD Football Cleat,2015-06-28,135,525.0,1165,198,B,2,P1|403|2015-06-28
P1,403,Nike Men's CJ Elite 2 TD Football Cleat,2015-07-05,159,390.0,1165,139,B,2,P1|403|2015-07-05
P1,403,Nike Men's CJ Elite 2 TD Football Cleat,2015-07-12,156,231.0,1165,257,B,2,P1|403|2015-07-12
P1,403,Nike Men's CJ Elite 2 TD Football Cleat,2015-07-19,169,658.0,1165,115,B,2,P1|403|2015-07-19
P1,403,Nike Men's CJ Elite 2 TD Football Cleat,2015-07-26,149,489.0,1165,299,B,2,P1|403|2015-07-26
P1,403,Nike Men's CJ Elite 2 TD Football Cleat,2015-08-02,139,340.0,1165,225,B,2,P1|403|2015-08-02
P1,403,Nike Men's CJ Elite 2 TD Football Cleat,2015-08-09,164,201.0,1165,174,B,2,P1|403|2015-08-09
P1,403,Nike Men's CJ Elite 2 TD Football Cleat,2015-08-16,148,658.0,1165,142,B,2,P1|403|2015-08-16
P1,403,Nike Men's CJ Elite 2 TD Football Cleat,2015-08-23,146,510.0,1165,200,B,2,P1|403|2015-08-23
P1,403,Nike Men's CJ Elite 2 TD Football Cleat,2015-08-30,157,364.0,1165,141,B,2,P1|403|2015-08-30
P1,403,Nike Men's CJ Elite 2 TD Football Cleat,2015-09-06,168,207.0,1165,148,B,2,P1|403|2015-09-06
P1,403,Nike Men's CJ Elite 2 TD Football Cleat,2015-09-13,153,658.0,1165,127,B,2,P1|403|2015-09-13
P1,403,Nike Men's CJ Elite 2 TD Football Cleat,2015-09-20,143,505.0,1165,331,B,2,P1|403|2015-09-20
P1,403,Nike Men's CJ Elite 2 TD Football Cleat,2015-09-27,171,362.0,1165,107,B,2,P1|403|2015-09-27
P1,403,Nike Men's CJ Elite 2 TD Football Cleat,2015-10-04,175,191.0,1165,157,B,2,P1|403|2015-10-04
P1,403,Nike Men's CJ Elite 2 TD Football Cleat,2015-10-11,150,658.0,1165,191,B,2,P1|403|2015-10-11
P1,403,Nike Men's CJ Elite 2 TD Football Cleat,2015-10-18,146,508.0,1165,250,B,2,P1|403|2015-10-18
P1,403,Nike Men's CJ Elite 2 TD Football Cleat,2015-10-25,134,362.0,1165,229,B,2,P1|403|2015-10-25
P1,403,Nike Men's CJ Elite 2 TD Football Cleat,2015-11-01,165,228.0,1165,145,B,2,P1|403|2015-11-01
P1,403,Nike Men's CJ Elite 2 TD Football Cleat,2015-11-08,169,658.0,1165,185,B,2,P1|403|2015-11-08
P1,403,Nike Men's CJ Elite 2 TD Football Cleat,2015-11-15,154,489.0,1165,233,B,2,P1|403|2015-11-15
P1,403,Nike Men's CJ Elite 2 TD Football Cleat,2015-11-22,160,335.0,1165,166,B,2,P1|403|2015-11-22
P1,403,Nike Men's CJ Elite 2 TD Football Cleat,2015-11-29,136,175.0,1165,175,B,2,P1|403|2015-11-29
P1,403,Nike Men's CJ Elite 2 TD Football Cleat,2015-12-06,163,658.0,1165,198,B,2,P1|403|2015-12-06
P1,403,Nike Men's CJ Elite 2 TD Football Cleat,2015-12-13,140,495.0,1165,168,B,2,P1|403|2015-12-13
P1,403,Nike Men's CJ Elite 2 TD Football Cleat,2015-12-20,151,355.0,1165,258,B,2,P1|403|2015-12-20
P1,403,Nike Men's CJ Elite 2 TD Football Cleat,2015-12-27,194,204.0,1165,89,B,2,P1|403|2015-12-27
P1,403,Nike Men's CJ Elite 2 TD Football Cleat,2016-01-03,161,658.0,1165,229,B,2,P1|403|2016-01-03
P1,403,Nike Men's CJ Elite 2 TD Football Cleat,2016-01-10,146,497.0,1165,245,B,2,P1|403|2016-01-10
P1,403,Nike Men's CJ Elite 2 TD Football Cleat,2016-01-17,148,351.0,1165,233,B,2,P1|403|2016-01-17
P1,403,Nike Men's CJ Elite 2 TD Football Cleat,2016-01-24,164,203.0,1165,116,B,2,P1|403|2016-01-24
P1,403,Nike Men's CJ Elite 2 TD Football Cleat,2016-01-31,155,658.0,1165,225,B,2,P1|403|2016-01-31
P1,403,Nike Men's CJ Elite 2 TD Football Cleat,2016-02-07,153,503.0,1165,226,B,2,P1|403|2016-02-07
P1,403,Nike Men's CJ Elite 2 TD Football Cleat,2016-02-14,151,350.0,1165,303,B,2,P1|403|2016-02-14
P1,403,Nike Men's CJ Elite 2 TD Football Cleat,2016-02-21,163,199.0,1165,172,B,2,P1|403|2016-02-21
P1,403,Nike Men's CJ Elite 2 TD Football Cleat,2016-02-28,143,658.0,1165,264,B,2,P1|403|2016-02-28
P1,403,Nike Men's CJ Elite 2 TD Football Cleat,2016-03-06,153,515.0,1165,117,B,2,P1|403|2016-03-06
P1,403,Nike Men's CJ Elite 2 TD Football Cleat,2016-03-13,151,362.0,1165,261,B,2,P1|403|2016-03-13
P1,403,Nike Men's CJ Elite 2 TD Football Cleat,2016-03-20,165,211.0,1165,144,B,2,P1|403|2016-03-20
P1,403,Nike Men's CJ Elite 2 TD Football Cleat,2016-03-27,142,658.0,1165,223,B,2,P1|403|2016-03-27
P1,403,Nike Men's CJ Elite 2 TD Football Cleat,2016-04-03,151,516.0,1165,175,B,2,P1|403|2016-04-03
P1,403,Nike Men's CJ Elite 2 TD Football Cleat,2016-04-10,163,365.0,1165,124,B,2,P1|403|2016-04-10
P1,403,Nike Men's CJ Elite 2 TD Football Cleat,2016-04-17,182,202.0,1165,213,B,2,P1|403|2016-04-17
P1,403,Nike Men's CJ Elite 2 TD Football Cleat,2016-04-24,152,658.0,1165,134,B,2,P1|403|2016-04-24
P1,403,Nike Men's CJ Elite 2 TD Football Cleat,2016-05-01,141,506.0,1165,273,B,2,P1|403|2016-05-01
P1,403,Nike Men's CJ Elite 2 TD Football Cleat,2016-05-08,129,365.0,1165,220,B,2,P1|403|2016-05-08
P1,403,Nike Men's CJ Elite 2 TD Football Cleat,2016-05-15,152,236.0,1165,195,B,2,P1|403|2016-05-15
P1,403,Nike Men's CJ Elite 2 TD Football Cleat,2016-05-22,161,658.0,1165,184,B,2,P1|403|2016-05-22
P1,403,Nike Men's CJ Elite 2 TD Football Cleat,2016-05-29,168,497.0,1165,194,B,2,P1|403|2016-05-29
P1,403,Nike Men's CJ Elite 2 TD Football Cleat,2016-06-05,160,329.0,1165,215,B,2,P1|403|2016-06-05
P1,403,Nike Men's CJ Elite 2 TD Football Cleat,2016-06-12,155,169.0,1165,210,B,2,P1|403|2016-06-12
P1,403,Nike Men's CJ Elite 2 TD Football Cleat,2016-06-19,151,658.0,1165,214,B,2,P1|403|2016-06-19
P1,403,Nike Men's CJ Elite 2 TD Football Cleat,2016-06-26,155,507.0,1165,201,B,2,P1|403|2016-06-26
P1,403,Nike Men's CJ Elite 2 TD Football Cleat,2016-07-03,167,352.0,1165,203,B,2,P1|403|2016-07-03
P1,403,Nike Men's CJ Elite 2 TD Football Cleat,2016-07-10,152,185.0,1165,140,B,2,P1|403|2016-07-10
P1,403,Nike Men's CJ Elite 2 TD Football Cleat,2016-07-17,159,658.0,1165,176,B,2,P1|403|2016-07-17
P1,403,Nike Men's CJ Elite 2 TD Football Cleat,2016-07-24,138,499.0,1165,258,B,2,P1|403|2016-07-24
P1,403,Nike Men's CJ Elite 2 TD Football Cleat,2016-07-31,172,361.0,1165,243,B,2,P1|403|2016-07-31
P1,403,Nike Men's CJ Elite 2 TD Football Cleat,2016-08-07,140,189.0,1165,205,B,2,P1|403|2016-08-07
P1,403,Nike Men's CJ Elite 2 TD Football Cleat,2016-08-14,153,658.0,1165,170,B,2,P1|403|2016-08-14
P1,403,Nike Men's CJ Elite 2 TD Football Cleat,2016-08-21,176,505.0,1165,190,B,2,P1|403|2016-08-21
P1,403,Nike Men's CJ Elite 2 TD Football Cleat,2016-08-28,180,329.0,1165,169,B,2,P1|403|2016-08-28
P1,403,Nike Men's CJ Elite 2 TD Football Cleat,2016-09-04,170,149.0,1165,138,B,2,P1|403|2016-09-04
P1,403,Nike Men's CJ Elite 2 TD Football Cleat,2016-09-11,167,658.0,1165,153,B,2,P1|403|2016-09-11
P1,403,Nike Men's CJ Elite 2 TD Football Cleat,2016-09-18,167,491.0,1165,193,B,2,P1|403|2016-09-18
P1,403,Nike Men's CJ Elite 2 TD Football Cleat,2016-09-25,147,324.0,1165,205,B,2,P1|403|2016-09-25
P1,403,Nike Men's CJ Elite 2 TD Football Cleat,2016-10-02,152,177.0,1165,169,B,2,P1|403|2016-10-02
P1,403,Nike Men's CJ Elite 2 TD Football Cleat,2016-10-09,153,658.0,1165,313,B,2,P1|403|2016-10-09
P1,403,Nike Men's CJ Elite 2 TD Football Cleat,2016-10-16,166,505.0,1165,198,B,2,P1|403|2016-10-16
P1,403,Nike Men's CJ Elite 2 TD Football Cleat,2016-10-23,176,339.0,1165,237,B,2,P1|403|2016-10-23
P1,403,Nike Men's CJ Elite 2 TD Football Cleat,2016-10-30,168,163.0,1165,90,B,2,P1|403|2016-10-30
P1,403,Nike Men's CJ Elite 2 TD Football Cleat,2016-11-06,150,658.0,1165,212,B,2,P1|403|2016-11-06
P1,403,Nike Men's CJ Elite 2 TD Football Cleat,2016-11-13,179,508.0,1165,130,B,2,P1|403|2016-11-13
P1,403,Nike Men's CJ Elite 2 TD Football Cleat,2016-11-20,144,329.0,1165,157,B,2,P1|403|2016-11-20
P1,403,Nike Men's CJ Elite 2 TD Football Cleat,2016-11-27,143,185.0,1165,177,B,2,P1|403|2016-11-27
P1,403,Nike Men's CJ Elite 2 TD Football Cleat,2016-12-04,152,658.0,1165,124,B,2,P1|403|2016-12-04
P1,403,Nike Men's CJ Elite 2 TD Football Cleat,2016-12-11,157,506.0,1165,125,B,2,P1|403|2016-12-11
P1,403,Nike Men's CJ Elite 2 TD Football Cleat,2016-12-18,148,349.0,1165,118,B,2,P1|403|2016-12-18
P1,403,Nike Men's CJ Elite 2 TD Football Cleat,2016-12-25,136,201.0,1165,184,B,2,P1|403|2016-12-25
P1,403,Nike Men's CJ Elite 2 TD Football Cleat,2017-01-01,173,658.0,1165,263,B,2,P1|403|2017-01-01
P1,403,Nike Men's CJ Elite 2 TD Football Cleat,2017-01-08,172,485.0,1165,150,B,2,P1|403|2017-01-08
P1,403,Nike Men's CJ Elite 2 TD Football Cleat,2017-01-15,141,313.0,1165,223,B,2,P1|403|2017-01-15
P1,403,Nike Men's CJ Elite 2 TD Football Cleat,2017-01-22,141,172.0,1165,96,B,2,P1|403|2017-01-22
P1,403,Nike Men's CJ Elite 2 TD Football Cleat,2017-01-29,150,658.0,1165,225,B,2,P1|403|2017-01-29
P1,403,Nike Men's CJ Elite 2 TD Football Cleat,2017-02-05,153,508.0,1165,169,B,2,P1|403|2017-02-05
P1,403,Nike Men's CJ Elite 2 TD Football Cleat,2017-02-12,129,355.0,1165,250,B,2,P1|403|2017-02-12
P1,403,Nike Men's CJ Elite 2 TD Football Cleat,2017-02-19,124,226.0,1165,166,B,2,P1|403|2017-02-19
P1,403,Nike Men's CJ Elite 2 TD Football Cleat,2017-02-26,169,658.0,1165,14,B,2,P1|403|2017-02-26
P1,403,Nike Men's CJ Elite 2 TD Football Cleat,2017-03-05,147,489.0,1165,215,B,2,P1|403|2017-03-05
P1,403,Nike Men's CJ Elite 2 TD Football Cleat,2017-03-12,163,342.0,1165,212,B,2,P1|403|2017-03-12
P1,403,Nike Men's CJ Elite 2 TD Football Cleat,2017-03-19,153,179.0,1165,122,B,2,P1|403|2017-03-19
P1,403,Nike Men's CJ Elite 2 TD Football Cleat,2017-03-26,175,658.0,1165,235,B,2,P1|403|2017-03-26
P1,403,Nike Men's CJ Elite 2 TD Football Cleat,2017-04-02,172,483.0,1165,253,B,2,P1|403|2017-04-02
P1,403,Nike Men's CJ Elite 2 TD Football Cleat,2017-04-09,157,311.0,1165,224,B,2,P1|403|2017-04-09
P1,403,Nike Men's CJ Elite 2 TD Football Cleat,2017-04-16,157,154.0,1165,237,B,2,P1|403|2017-04-16
P1,403,Nike Men's CJ Elite 2 TD Football Cleat,2017-04-23,160,658.0,1165,108,B,2,P1|403|2017-04-23
P1,403,Nike Men's CJ Elite 2 TD Football Cleat,2017-04-30,148,498.0,1165,226,B,2,P1|403|2017-04-30
P1,403,Nike Men's CJ Elite 2 TD Football Cleat,2017-05-07,176,350.0,1165,210,B,2,P1|403|2017-05-07
P1,403,Nike Men's CJ Elite 2 TD Football Cleat,2017-05-14,178,174.0,1165,268,B,2,P1|403|2017-05-14
P1,403,Nike Men's CJ Elite 2 TD Football Cleat,2017-05-21,151,658.0,1165,226,B,2,P1|403|2017-05-21
P1,403,Nike Men's CJ Elite 2 TD Football Cleat,2017-05-28,157,507.0,1165,213,B,2,P1|403|2017-05-28
P1,403,Nike Men's CJ Elite 2 TD Football Cleat,2017-06-04,197,350.0,1165,194,B,2,P1|403|2017-06-04
P1,403,Nike Men's CJ Elite 2 TD Football Cleat,2017-06-11,159,153.0,1165,318,B,2,P1|403|2017-06-11
P1,403,Nike Men's CJ Elite 2 TD Football Cleat,2017-06-18,145,658.0,1165,374,B,2,P1|403|2017-06-18
P1,403,Nike Men's CJ Elite 2 TD Football Cleat,2017-06-25,170,513.0,1165,191,B,2,P1|403|2017-06-25
P1,403,Nike Men's CJ Elite 2 TD Football Cleat,2017-07-02,130,343.0,1165,262,B,2,P1|403|2017-07-02
P1,403,Nike Men's CJ Elite 2 TD Football Cleat,2017-07-09,166,213.0,1165,186,B,2,P1|403|2017-07-09
P1,403,Nike Men's CJ Elite 2 TD Football Cleat,2017-07-16,154,658.0,1165,225,B,2,P1|403|2017-07-16
P1,403,Nike Men's CJ Elite 2 TD Football Cleat,2017-07-23,162,504.0,1165,174,B,2,P1|403|2017-07-23
P1,403,Nike Men's CJ Elite 2 TD Football Cleat,2017-07-30,147,342.0,1165,180,B,2,P1|403|2017-07-30
P1,403,Nike Men's CJ Elite 2 TD Football Cleat,2017-08-06,167,195.0,1165,258,B,2,P1|403|2017-08-06
P1,403,Nike Men's CJ Elite 2 TD Football Cleat,2017-08-13,165,658.0,1165,205,B,2,P1|403|2017-08-13
P1,403,Nike Men's CJ Elite 2 TD Football Cleat,2017-08-20,153,493.0,1165,230,B,2,P1|403|2017-08-20
P1,403,Nike Men's CJ Elite 2 TD Football Cleat,2017-08-27,156,340.0,1165,173,B,2,P1|403|2017-08-27
P1,403,Nike Men's CJ Elite 2 TD Football Cleat,2017-09-03,133,184.0,1165,124,B,2,P1|403|2017-09-03
P1,403,Nike Men's CJ Elite 2 TD Football Cleat,2017-09-10,149,658.0,1165,199,B,2,P1|403|2017-09-10
P1,403,Nike Men's CJ Elite 2 TD Football Cleat,2017-09-17,177,509.0,1165,245,B,2,P1|403|2017-09-17
P1,403,Nike Men's CJ Elite 2 TD Football Cleat,2017-09-24,145,332.0,1165,270,B,2,P1|403|2017-09-24
P1,403,Nike Men's CJ Elite 2 TD Football Cleat,2017-10-01,148,187.0,1165,225,B,2,P1|403|2017-10-01
P1,403,Nike Men's CJ Elite 2 TD Football Cleat,2017-10-08,9,658.0,1165,1017,B,2,P1|403|2017-10-08
P1,1347,Baby sweater,2017-10-08,82,259.0,1165,1017,C,1,P1|1347|2017-10-08
P1,1347,Baby sweater,2017-10-15,0,177.0,1165,1165,C,1,P1|1347|2017-10-15
P1,1347,Baby sweater,2017-10-22,0,177.0,1165,860,C,1,P1|1347|2017-10-22
P1,1347,Baby sweater,2017-10-29,0,177.0,1165,948,C,1,P1|1347|2017-10-29
P1,1347,Baby sweater,2017-11-05,0,177.0,1165,1058,C,1,P1|1347|2017-11-05
P1,1347,Baby sweater,2017-11-12,0,177.0,1165,1041,C,1,P1|1347|2017-11-12
P1,1347,Baby sweater,2017-11-19,0,177.0,1165,1165,C,1,P1|1347|2017-11-19
P1,1347,Baby sweater,2017-11-26,0,177.0,1165,988,C,1,P1|1347|2017-11-26
P1,1347,Baby sweater,2017-12-03,0,177.0,1165,1165,C,1,P1|1347|2017-12-03
P1,1347,Baby sweater,2017-12-10,0,177.0,1165,1165,C,1,P1|1347|2017-12-10
P1,1347,Baby sweater,2017-12-17,51,177.0,1165,842,C,1,P1|1347|2017-12-17
P1,1347,Baby sweater,2017-12-24,74,126.0,1165,961,C,1,P1|1347|2017-12-24
P1,1350,Children's heaters,2017-10-22,305,978.0,1165,860,C,1,P1|1350|2017-10-22
P1,1350,Children's heaters,2017-10-29,217,673.0,1165,948,C,1,P1|1350|2017-10-29
P1,1350,Children's heaters,2017-11-05,0,456.0,1165,1058,C,1,P1|1350|2017-11-05
P1,1350,Children's heaters,2017-11-12,0,456.0,1165,1041,C,1,P1|1350|2017-11-12
P1,1350,Children's heaters,2017-11-19,0,456.0,1165,1165,C,1,P1|1350|2017-11-19
P1,1350,Children's heaters,2017-11-26,0,456.0,1165,988,C,1,P1|1350|2017-11-26
P1,1350,Children's heaters,2017-12-03,0,456.0,1165,1165,C,1,P1|1350|2017-12-03
P1,1350,Children's heaters,2017-12-10,0,456.0,1165,1165,C,1,P1|1350|2017-12-10
P1,1350,Children's heaters,2017-12-17,0,456.0,1165,842,C,1,P1|1350|2017-12-17
P1,1350,Children's heaters,2017-12-24,130,456.0,1165,961,C,1,P1|1350|2017-12-24
P1,1353,Porcelain crafts,2017-11-05,107,807.0,1165,1058,C,1,P1|1353|2017-11-05
P1,1353,Porcelain crafts,2017-11-12,124,700.0,1165,1041,C,1,P1|1353|2017-11-12
P1,1353,Porcelain crafts,2017-11-19,0,576.0,1165,1165,C,1,P1|1353|2017-11-19
P1,1353,Porcelain crafts,2017-11-26,0,576.0,1165,988,C,1,P1|1353|2017-11-26
P1,1353,Porcelain crafts,2017-12-03,0,576.0,1165,1165,C,1,P1|1353|2017-12-03
P1,1353,Porcelain crafts,2017-12-10,0,576.0,1165,1165,C,1,P1|1353|2017-12-10
P1,1353,Porcelain crafts,2017-12-17,0,576.0,1165,842,C,1,P1|1353|2017-12-17
P1,1353,Porcelain crafts,2017-12-24,0,576.0,1165,961,C,1,P1|1353|2017-12-24
P1,1353,Porcelain crafts,2017-12-31,253,576.0,1165,912,C,1,P1|1353|2017-12-31
P1,1357,Men's gala suit,2017-11-26,177,446.0,1165,988,C,1,P1|1357|2017-11-26
P1,1357,Men's gala suit,2017-12-03,0,269.0,1165,1165,C,1,P1|1357|2017-12-03
P1,1357,Men's gala suit,2017-12-10,0,269.0,1165,1165,C,1,P1|1357|2017-12-10
P1,1357,Men's gala suit,2017-12-17,0,269.0,1165,842,C,1,P1|1357|2017-12-17
P1,1357,Men's gala suit,2017-12-24,0,269.0,1165,961,C,1,P1|1357|2017-12-24
P1,1357,Men's gala suit,2017-12-31,0,269.0,1165,912,C,1,P1|1357|2017-12-31
P1,1357,Men's gala suit,2018-01-07,31,269.0,1165,1134,C,1,P1|1357|2018-01-07
P1,1363,Summer dresses,2017-12-17,272,1219.0,1165,842,C,1,P1|1363|2017-12-17
P1,1363,Summer dresses,2017-12-24,0,947.0,1165,961,C,1,P1|1363|2017-12-24
P1,1363,Summer dresses,2017-12-31,0,947.0,1165,912,C,1,P1|1363|2017-12-31
P1,1363,Summer dresses,2018-01-07,0,947.0,1165,1134,C,1,P1|1363|2018-01-07
P1,1363,Summer dresses,2018-01-14,0,947.0,1165,1165,C,1,P1|1363|2018-01-14
P1,1363,Summer dresses,2018-01-21,0,947.0,1165,1165,C,1,P1|1363|2018-01-21
P1,1363,Summer dresses,2018-01-28,176,947.0,1165,989,C,1,P1|1363|2018-01-28
P1,1363,Summer dresses,2018-02-04,202,771.0,1165,963,C,1,P1|1363|2018-02-04
P2,19,Nike Men's Fingertrap Max Training Shoe,2017-04-30,2,48.0,1083,285,C,1,P2|19|2017-04-30
P2,19,Nike Men's Fingertrap Max Training Shoe,2017-05-07,3,46.0,1083,287,C,1,P2|19|2017-05-07
P2,19,Nike Men's Fingertrap Max Training Shoe,2017-05-14,1,43.0,1083,277,C,1,P2|19|2017-05-14
P2,19,Nike Men's Fingertrap Max Training Shoe,2017-05-21,3,42.0,1083,262,C,1,P2|19|2017-05-21
P2,19,Nike Men's Fingertrap Max Training Shoe,2017-05-28,6,39.0,1083,329,C,1,P2|19|2017-05-28
P2,19,Nike Men's Fingertrap Max Training Shoe,2017-06-04,3,33.0,1083,237,C,1,P2|19|2017-06-04
P2,19,Nike Men's Fingertrap Max Training Shoe,2017-06-11,2,30.0,1083,307,C,1,P2|19|2017-06-11
P2,19,Nike Men's Fingertrap Max Training Shoe,2017-06-18,2,28.0,1083,317,C,1,P2|19|2017-06-18
P2,19,Nike Men's Fingertrap Max Training Shoe,2017-06-25,2,26.0,1083,224,C,1,P2|19|2017-06-25
P2,19,Nike Men's Fingertrap Max Training Shoe,2017-07-02,7,24.0,1083,207,C,1,P2|19|2017-07-02
P2,19,Nike Men's Fingertrap Max Training Shoe,2017-07-09,2,17.0,1083,290,C,1,P2|19|2017-07-09
P2,19,Nike Men's Fingertrap Max Training Shoe,2017-07-16,3,15.0,1083,359,C,1,P2|19|2017-07-16
P2,19,Nike Men's Fingertrap Max Training Shoe,2017-07-23,4,12.0,1083,226,C,1,P2|19|2017-07-23
P2,19,Nike Men's Fingertrap Max Training Shoe,2017-07-30,3,8.0,1083,322,C,1,P2|19|2017-07-30
P2,19,Nike Men's Fingertrap Max Training Shoe,2017-08-06,2,5.0,1083,212,C,1,P2|19|2017-08-06
P2,19,Nike Men's Fingertrap Max Training Shoe,2017-08-13,1,3.0,1083,309,C,1,P2|19|2017-08-13
P2,19,Nike Men's Fingertrap Max Training Shoe,2017-08-20,6,10.0,1083,291,C,1,P2|19|2017-08-20
P2,19,Nike Men's Fingertrap Max Training Shoe,2017-08-27,4,4.0,1083,270,C,1,P2|19|2017-08-27
P2,19,Nike Men's Fingertrap Max Training Shoe,2017-09-03,5,0.0,1083,226,C,1,P2|19|2017-09-03
P2,19,Nike Men's Fingertrap Max Training Shoe,2017-09-10,3,0.0,1083,233,C,1,P2|19|2017-09-10
P2,24,Elevation Training Mask 2.0,2017-04-23,4,165.0,1083,180,C,1,P2|24|2017-04-23
P2,24,Elevation Training Mask 2.0,2017-04-30,8,161.0,1083,285,C,1,P2|24|2017-04-30
P2,24,Elevation Training Mask 2.0,2017-05-07,22,153.0,1083,287,C,1,P2|24|2017-05-07
P2,24,Elevation Training Mask 2.0,2017-05-14,6,131.0,1083,277,C,1,P2|24|2017-05-14
P2,24,Elevation Training Mask 2.0,2017-05-21,13,125.0,1083,262,C,1,P2|24|2017-05-21
P2,24,Elevation Training Mask 2.0,2017-05-28,16,112.0,1083,329,C,1,P2|24|2017-05-28
P2,24,Elevation Training Mask 2.0,2017-06-04,15,96.0,1083,237,C,1,P2|24|2017-06-04
P2,24,Elevation Training Mask 2.0,2017-06-11,16,81.0,1083,307,C,1,P2|24|2017-06-11
P2,24,Elevation Training Mask 2.0,2017-06-18,13,65.0,1083,317,C,1,P2|24|2017-06-18
P2,24,Elevation Training Mask 2.0,2017-06-25,18,52.0,1083,224,C,1,P2|24|2017-06-25
P2,24,Elevation Training Mask 2.0,2017-07-02,9,34.0,1083,207,C,1,P2|24|2017-07-02
P2,24,Elevation Training Mask 2.0,2017-07-09,14,25.0,1083,290,C,1,P2|24|2017-07-09
P2,24,Elevation Training Mask 2.0,2017-07-16,5,33.0,1083,359,C,1,P2|24|2017-07-16
P2,24,Elevation Training Mask 2.0,2017-07-23,8,28.0,1083,226,C,1,P2|24|2017-07-23
P2,24,Elevation Training Mask 2.0,2017-07-30,13,20.0,1083,322,C,1,P2|24|2017-07-30
P2,24,Elevation Training Mask 2.0,2017-08-06,7,7.0,1083,212,C,1,P2|24|2017-08-06
P2,24,Elevation Training Mask 2.0,2017-08-13,14,33.0,1083,309,C,1,P2|24|2017-08-13
P2,24,Elevation Training Mask 2.0,2017-08-20,7,19.0,1083,291,C,1,P2|24|2017-08-20
P2,24,Elevation Training Mask 2.0,2017-08-27,8,12.0,1083,270,C,1,P2|24|2017-08-27
P2,24,Elevation Training Mask 2.0,2017-09-03,6,4.0,1083,226,C,1,P2|24|2017-09-03
P2,24,Elevation Training Mask 2.0,2017-09-10,9,33.0,1083,233,C,1,P2|24|2017-09-10
P2,35,adidas Brazuca 2014 Official Match Ball,2017-04-30,5,46.0,1083,285,C,1,P2|35|2017-04-30
P2,35,adidas Brazuca 2014 Official Match Ball,2017-05-07,4,41.0,1083,287,C,1,P2|35|2017-05-07
P2,35,adidas Brazuca 2014 Official Match Ball,2017-05-14,2,37.0,1083,277,C,1,P2|35|2017-05-14
P2,35,adidas Brazuca 2014 Official Match Ball,2017-05-21,1,35.0,1083,262,C,1,P2|35|2017-05-21
P2,35,adidas Brazuca 2014 Official Match Ball,2017-05-28,5,34.0,1083,329,C,1,P2|35|2017-05-28
P2,35,adidas Brazuca 2014 Official Match Ball,2017-06-04,4,29.0,1083,237,C,1,P2|35|2017-06-04
P2,35,adidas Brazuca 2014 Official Match Ball,2017-06-11,2,25.0,1083,307,C,1,P2|35|2017-06-11
P2,35,adidas Brazuca 2014 Official Match Ball,2017-06-18,4,23.0,1083,317,C,1,P2|35|2017-06-18
P2,35,adidas Brazuca 2014 Official Match Ball,2017-06-25,4,19.0,1083,224,C,1,P2|35|2017-06-25
P2,35,adidas Brazuca 2014 Official Match Ball,2017-07-02,1,15.0,1083,207,C,1,P2|35|2017-07-02
P2,35,adidas Brazuca 2014 Official Match Ball,2017-07-09,2,14.0,1083,290,C,1,P2|35|2017-07-09
P2,35,adidas Brazuca 2014 Official Match Ball,2017-07-16,5,12.0,1083,359,C,1,P2|35|2017-07-16
P2,35,adidas Brazuca 2014 Official Match Ball,2017-07-23,3,9.0,1083,226,C,1,P2|35|2017-07-23
P2,35,adidas Brazuca 2014 Official Match Ball,2017-07-30,3,6.0,1083,322,C,1,P2|35|2017-07-30
P2,35,adidas Brazuca 2014 Official Match Ball,2017-08-06,3,3.0,1083,212,C,1,P2|35|2017-08-06
P2,35,adidas Brazuca 2014 Official Match Ball,2017-08-13,2,0.0,1083,309,C,1,P2|35|2017-08-13
P2,35,adidas Brazuca 2014 Official Match Ball,2017-08-20,4,9.0,1083,291,C,1,P2|35|2017-08-20
P2,35,adidas Brazuca 2014 Official Match Ball,2017-08-27,5,5.0,1083,270,C,1,P2|35|2017-08-27
P2,35,adidas Brazuca 2014 Official Match Ball,2017-09-03,3,0.0,1083,226,C,1,P2|35|2017-09-03
P2,35,adidas Brazuca 2014 Official Match Ball,2017-09-10,2,0.0,1083,233,C,1,P2|35|2017-09-10
P2,35,adidas Brazuca 2014 Official Match Ball,2017-09-17,1,9.0,1083,344,C,1,P2|35|2017-09-17
P2,37,adidas Kids' F5 Messi FG Soccer Cleat,2015-01-04,2,97.0,1083,548,C,1,P2|37|2015-01-04
P2,37,adidas Kids' F5 Messi FG Soccer Cleat,2015-01-11,0,95.0,1083,249,C,1,P2|37|2015-01-11
P2,37,adidas Kids' F5 Messi FG Soccer Cleat,2015-01-18,9,95.0,1083,64,C,1,P2|37|2015-01-18
P2,37,adidas Kids' F5 Messi FG Soccer Cleat,2015-01-25,7,86.0,1083,167,C,1,P2|37|2015-01-25
P2,37,adidas Kids' F5 Messi FG Soccer Cleat,2015-02-01,0,79.0,1083,93,C,1,P2|37|2015-02-01
P2,37,adidas Kids' F5 Messi FG Soccer Cleat,2015-02-08,7,79.0,1083,203,C,1,P2|37|2015-02-08
P2,37,adidas Kids' F5 Messi FG Soccer Cleat,2015-02-15,5,72.0,1083,178,C,1,P2|37|2015-02-15
P2,37,adidas Kids' F5 Messi FG Soccer Cleat,2015-02-22,1,67.0,1083,95,C,1,P2|37|2015-02-22
P2,37,adidas Kids' F5 Messi FG Soccer Cleat,2015-03-01,7,66.0,1083,93,C,1,P2|37|2015-03-01
P2,37,adidas Kids' F5 Messi FG Soccer Cleat,2015-03-08,6,59.0,1083,47,C,1,P2|37|2015-03-08
P2,37,adidas Kids' F5 Messi FG Soccer Cleat,2015-03-15,0,53.0,1083,224,C,1,P2|37|2015-03-15
P2,37,adidas Kids' F5 Messi FG Soccer Cleat,2015-03-22,4,53.0,1083,110,C,1,P2|37|2015-03-22
P2,37,adidas Kids' F5 Messi FG Soccer Cleat,2015-03-29,1,49.0,1083,63,C,1,P2|37|2015-03-29
P2,37,adidas Kids' F5 Messi FG Soccer Cleat,2015-04-05,11,48.0,1083,124,C,1,P2|37|2015-04-05
P2,37,adidas Kids' F5 Messi FG Soccer Cleat,2015-04-12,8,37.0,1083,64,C,1,P2|37|2015-04-12
P2,37,adidas Kids' F5 Messi FG Soccer Cleat,2015-04-19,8,29.0,1083,125,C,1,P2|37|2015-04-19
P2,37,adidas Kids' F5 Messi FG Soccer Cleat,2015-04-26,3,21.0,1083,288,C,1,P2|37|2015-04-26
P2,37,adidas Kids' F5 Messi FG Soccer Cleat,2015-05-03,4,18.0,1083,119,C,1,P2|37|2015-05-03
P2,37,adidas Kids' F5 Messi FG Soccer Cleat,2015-05-10,9,14.0,1083,143,C,1,P2|37|2015-05-10
P2,37,adidas Kids' F5 Messi FG Soccer Cleat,2015-05-17,6,5.0,1083,145,C,1,P2|37|2015-05-17
P2,37,adidas Kids' F5 Messi FG Soccer Cleat,2015-05-24,7,19.0,1083,121,C,1,P2|37|2015-05-24
P2,37,adidas Kids' F5 Messi FG Soccer Cleat,2015-05-31,3,12.0,1083,48,C,1,P2|37|2015-05-31
P2,37,adidas Kids' F5 Messi FG Soccer Cleat,2015-06-07,4,9.0,1083,184,C,1,P2|37|2015-06-07
P2,37,adidas Kids' F5 Messi FG Soccer Cleat,2015-06-14,2,5.0,1083,256,C,1,P2|37|2015-06-14
P2,37,adidas Kids' F5 Messi FG Soccer Cleat,2015-06-21,3,19.0,1083,196,C,1,P2|37|2015-06-21
P2,37,adidas Kids' F5 Messi FG Soccer Cleat,2015-06-28,2,16.0,1083,183,C,1,P2|37|2015-06-28
P2,37,adidas Kids' F5 Messi FG Soccer Cleat,2015-07-05,9,14.0,1083,139,C,1,P2|37|2015-07-05
P2,37,adidas Kids' F5 Messi FG Soccer Cleat,2015-07-12,12,5.0,1083,89,C,1,P2|37|2015-07-12
P2,37,adidas Kids' F5 Messi FG Soccer Cleat,2015-07-19,3,19.0,1083,87,C,1,P2|37|2015-07-19
P2,37,adidas Kids' F5 Messi FG Soccer Cleat,2015-07-26,11,16.0,1083,132,C,1,P2|37|2015-07-26
P2,37,adidas Kids' F5 Messi FG Soccer Cleat,2015-08-02,0,5.0,1083,148,C,1,P2|37|2015-08-02
P2,37,adidas Kids' F5 Messi FG Soccer Cleat,2015-08-09,6,5.0,1083,184,C,1,P2|37|2015-08-09
P2,37,adidas Kids' F5 Messi FG Soccer Cleat,2015-08-16,4,19.0,1083,113,C,1,P2|37|2015-08-16
P2,37,adidas Kids' F5 Messi FG Soccer Cleat,2015-08-23,10,15.0,1083,168,C,1,P2|37|2015-08-23
P2,37,adidas Kids' F5 Messi FG Soccer Cleat,2015-08-30,0,5.0,1083,125,C,1,P2|37|2015-08-30
P2,37,adidas Kids' F5 Messi FG Soccer Cleat,2015-09-06,7,5.0,1083,181,C,1,P2|37|2015-09-06
P2,37,adidas Kids' F5 Messi FG Soccer Cleat,2015-09-13,13,19.0,1083,240,C,1,P2|37|2015-09-13
P2,37,adidas Kids' F5 Messi FG Soccer Cleat,2015-09-20,9,6.0,1083,116,C,1,P2|37|2015-09-20
P2,37,adidas Kids' F5 Messi FG Soccer Cleat,2015-09-27,6,0.0,1083,35,C,1,P2|37|2015-09-27
P2,37,adidas Kids' F5 Messi FG Soccer Cleat,2015-10-04,0,0.0,1083,240,C,1,P2|37|2015-10-04
P2,37,adidas Kids' F5 Messi FG Soccer Cleat,2015-10-11,1,19.0,1083,116,C,1,P2|37|2015-10-11
P2,37,adidas Kids' F5 Messi FG Soccer Cleat,2015-10-18,0,18.0,1083,53,C,1,P2|37|2015-10-18
P2,37,adidas Kids' F5 Messi FG Soccer Cleat,2015-10-25,0,18.0,1083,220,C,1,P2|37|2015-10-25
P2,37,adidas Kids' F5 Messi FG Soccer Cleat,2015-11-01,12,18.0,1083,186,C,1,P2|37|2015-11-01
P2,37,adidas Kids' F5 Messi FG Soccer Cleat,2015-11-08,7,19.0,1083,125,C,1,P2|37|2015-11-08
P2,37,adidas Kids' F5 Messi FG Soccer Cleat,2015-11-15,11,12.0,1083,113,C,1,P2|37|2015-11-15
P2,37,adidas Kids' F5 Messi FG Soccer Cleat,2015-11-22,16,1.0,1083,124,C,1,P2|37|2015-11-22
P2,37,adidas Kids' F5 Messi FG Soccer Cleat,2015-11-29,6,0.0,1083,225,C,1,P2|37|2015-11-29
P2,37,adidas Kids' F5 Messi FG Soccer Cleat,2015-12-06,5,19.0,1083,124,C,1,P2|37|2015-12-06
P2,37,adidas Kids' F5 Messi FG Soccer Cleat,2015-12-13,12,14.0,1083,232,C,1,P2|37|2015-12-13
P2,37,adidas Kids' F5 Messi FG Soccer Cleat,2015-12-20,9,2.0,1083,141,C,1,P2|37|2015-12-20
P2,37,adidas Kids' F5 Messi FG Soccer Cleat,2015-12-27,13,0.0,1083,83,C,1,P2|37|2015-12-27
P2,37,adidas Kids' F5 Messi FG Soccer Cleat,2016-01-03,4,19.0,1083,127,C,1,P2|37|2016-01-03
P2,37,adidas Kids' F5 Messi FG Soccer Cleat,2016-01-10,6,15.0,1083,150,C,1,P2|37|2016-01-10
P2,37,adidas Kids' F5 Messi FG Soccer Cleat,2016-01-17,7,9.0,1083,245,C,1,P2|37|2016-01-17
P2,37,adidas Kids' F5 Messi FG Soccer Cleat,2016-01-24,4,2.0,1083,156,C,1,P2|37|2016-01-24
P2,37,adidas Kids' F5 Messi FG Soccer Cleat,2016-01-31,7,19.0,1083,129,C,1,P2|37|2016-01-31
P2,37,adidas Kids' F5 Messi FG Soccer Cleat,2016-02-07,6,12.0,1083,290,C,1,P2|37|2016-02-07
P2,37,adidas Kids' F5 Messi FG Soccer Cleat,2016-02-14,3,6.0,1083,111,C,1,P2|37|2016-02-14
P2,37,adidas Kids' F5 Messi FG Soccer Cleat,2016-02-21,9,3.0,1083,205,C,1,P2|37|2016-02-21
P2,37,adidas Kids' F5 Messi FG Soccer Cleat,2016-02-28,14,19.0,1083,165,C,1,P2|37|2016-02-28
P2,37,adidas Kids' F5 Messi FG Soccer Cleat,2016-03-06,1,5.0,1083,112,C,1,P2|37|2016-03-06
P2,37,adidas Kids' F5 Messi FG Soccer Cleat,2016-03-13,3,4.0,1083,255,C,1,P2|37|2016-03-13
P2,37,adidas Kids' F5 Messi FG Soccer Cleat,2016-03-20,0,1.0,1083,244,C,1,P2|37|2016-03-20
P2,37,adidas Kids' F5 Messi FG Soccer Cleat,2016-03-27,12,19.0,1083,199,C,1,P2|37|2016-03-27
P2,37,adidas Kids' F5 Messi FG Soccer Cleat,2016-04-03,12,7.0,1083,70,C,1,P2|37|2016-04-03
P2,37,adidas Kids' F5 Messi FG Soccer Cleat,2016-04-10,12,0.0,1083,227,C,1,P2|37|2016-04-10
P2,37,adidas Kids' F5 Messi FG Soccer Cleat,2016-04-17,14,0.0,1083,93,C,1,P2|37|2016-04-17
P2,37,adidas Kids' F5 Messi FG Soccer Cleat,2016-04-24,4,19.0,1083,114,C,1,P2|37|2016-04-24
P2,37,adidas Kids' F5 Messi FG Soccer Cleat,2016-05-01,4,15.0,1083,210,C,1,P2|37|2016-05-01
P2,37,adidas Kids' F5 Messi FG Soccer Cleat,2016-05-08,0,11.0,1083,200,C,1,P2|37|2016-05-08
P2,37,adidas Kids' F5 Messi FG Soccer Cleat,2016-05-15,8,11.0,1083,123,C,1,P2|37|2016-05-15
P2,37,adidas Kids' F5 Messi FG Soccer Cleat,2016-05-22,0,19.0,1083,151,C,1,P2|37|2016-05-22
P2,37,adidas Kids' F5 Messi FG Soccer Cleat,2016-05-29,16,19.0,1083,243,C,1,P2|37|2016-05-29
P2,37,adidas Kids' F5 Messi FG Soccer Cleat,2016-06-05,1,3.0,1083,136,C,1,P2|37|2016-06-05
P2,37,adidas Kids' F5 Messi FG Soccer Cleat,2016-06-12,5,2.0,1083,196,C,1,P2|37|2016-06-12
P2,37,adidas Kids' F5 Messi FG Soccer Cleat,2016-06-19,1,19.0,1083,201,C,1,P2|37|2016-06-19
P2,37,adidas Kids' F5 Messi FG Soccer Cleat,2016-06-26,4,18.0,1083,48,C,1,P2|37|2016-06-26
P2,37,adidas Kids' F5 Messi FG Soccer Cleat,2016-07-03,15,14.0,1083,192,C,1,P2|37|2016-07-03
P2,37,adidas Kids' F5 Messi FG Soccer Cleat,2016-07-10,15,0.0,1083,193,C,1,P2|37|2016-07-10
P2,37,adidas Kids' F5 Messi FG Soccer Cleat,2016-07-17,14,19.0,1083,117,C,1,P2|37|2016-07-17
P2,37,adidas Kids' F5 Messi FG Soccer Cleat,2016-07-24,18,5.0,1083,149,C,1,P2|37|2016-07-24
P2,37,adidas Kids' F5 Messi FG Soccer Cleat,2016-07-31,5,0.0,1083,154,C,1,P2|37|2016-07-31
P2,37,adidas Kids' F5 Messi FG Soccer Cleat,2016-08-07,5,0.0,1083,117,C,1,P2|37|2016-08-07
P2,37,adidas Kids' F5 Messi FG Soccer Cleat,2016-08-14,0,19.0,1083,92,C,1,P2|37|2016-08-14
P2,37,adidas Kids' F5 Messi FG Soccer Cleat,2016-08-21,0,19.0,1083,141,C,1,P2|37|2016-08-21
P2,37,adidas Kids' F5 Messi FG Soccer Cleat,2016-08-28,9,19.0,1083,160,C,1,P2|37|2016-08-28
P2,37,adidas Kids' F5 Messi FG Soccer Cleat,2016-09-04,7,10.0,1083,180,C,1,P2|37|2016-09-04
P2,37,adidas Kids' F5 Messi FG Soccer Cleat,2016-09-11,3,19.0,1083,163,C,1,P2|37|2016-09-11
P2,37,adidas Kids' F5 Messi FG Soccer Cleat,2016-09-18,1,16.0,1083,87,C,1,P2|37|2016-09-18
P2,37,adidas Kids' F5 Messi FG Soccer Cleat,2016-09-25,6,15.0,1083,133,C,1,P2|37|2016-09-25
P2,37,adidas Kids' F5 Messi FG Soccer Cleat,2016-10-02,9,9.0,1083,157,C,1,P2|37|2016-10-02
P2,37,adidas Kids' F5 Messi FG Soccer Cleat,2016-10-09,8,19.0,1083,168,C,1,P2|37|2016-10-09
P2,37,adidas Kids' F5 Messi FG Soccer Cleat,2016-10-16,7,11.0,1083,104,C,1,P2|37|2016-10-16
P2,37,adidas Kids' F5 Messi FG Soccer Cleat,2016-10-23,5,4.0,1083,98,C,1,P2|37|2016-10-23
P2,37,adidas Kids' F5 Messi FG Soccer Cleat,2016-10-30,2,0.0,1083,197,C,1,P2|37|2016-10-30
P2,37,adidas Kids' F5 Messi FG Soccer Cleat,2016-11-06,4,19.0,1083,186,C,1,P2|37|2016-11-06
P2,37,adidas Kids' F5 Messi FG Soccer Cleat,2016-11-13,11,15.0,1083,232,C,1,P2|37|2016-11-13
P2,37,adidas Kids' F5 Messi FG Soccer Cleat,2016-11-20,14,4.0,1083,176,C,1,P2|37|2016-11-20
P2,37,adidas Kids' F5 Messi FG Soccer Cleat,2016-11-27,12,0.0,1083,135,C,1,P2|37|2016-11-27
P2,37,adidas Kids' F5 Messi FG Soccer Cleat,2016-12-04,4,19.0,1083,118,C,1,P2|37|2016-12-04
P2,37,adidas Kids' F5 Messi FG Soccer Cleat,2016-12-11,4,15.0,1083,145,C,1,P2|37|2016-12-11
P2,37,adidas Kids' F5 Messi FG Soccer Cleat,2016-12-18,12,11.0,1083,213,C,1,P2|37|2016-12-18
P2,37,adidas Kids' F5 Messi FG Soccer Cleat,2016-12-25,0,0.0,1083,124,C,1,P2|37|2016-12-25
P2,37,adidas Kids' F5 Messi FG Soccer Cleat,2017-01-01,9,19.0,1083,161,C,1,P2|37|2017-01-01
P2,37,adidas Kids' F5 Messi FG Soccer Cleat,2017-01-08,6,10.0,1083,252,C,1,P2|37|2017-01-08
P2,37,adidas Kids' F5 Messi FG Soccer Cleat,2017-01-15,4,4.0,1083,105,C,1,P2|37|2017-01-15
P2,37,adidas Kids' F5 Messi FG Soccer Cleat,2017-01-22,4,0.0,1083,119,C,1,P2|37|2017-01-22
P2,37,adidas Kids' F5 Messi FG Soccer Cleat,2017-01-29,11,19.0,1083,153,C,1,P2|37|2017-01-29
P2,37,adidas Kids' F5 Messi FG Soccer Cleat,2017-02-05,12,8.0,1083,96,C,1,P2|37|2017-02-05
P2,37,adidas Kids' F5 Messi FG Soccer Cleat,2017-02-12,4,0.0,1083,122,C,1,P2|37|2017-02-12
P2,37,adidas Kids' F5 Messi FG Soccer Cleat,2017-02-19,8,0.0,1083,186,C,1,P2|37|2017-02-19
P2,37,adidas Kids' F5 Messi FG Soccer Cleat,2017-02-26,13,19.0,1083,103,C,1,P2|37|2017-02-26
P2,37,adidas Kids' F5 Messi FG Soccer Cleat,2017-03-05,17,6.0,1083,38,C,1,P2|37|2017-03-05
P2,37,adidas Kids' F5 Messi FG Soccer Cleat,2017-03-12,7,0.0,1083,93,C,1,P2|37|2017-03-12
P2,37,adidas Kids' F5 Messi FG Soccer Cleat,2017-03-19,8,0.0,1083,208,C,1,P2|37|2017-03-19
P2,37,adidas Kids' F5 Messi FG Soccer Cleat,2017-03-26,13,19.0,1083,181,C,1,P2|37|2017-03-26
P2,37,adidas Kids' F5 Messi FG Soccer Cleat,2017-04-02,3,6.0,1083,147,C,1,P2|37|2017-04-02
P2,37,adidas Kids' F5 Messi FG Soccer Cleat,2017-04-09,4,3.0,1083,160,C,1,P2|37|2017-04-09
P2,37,adidas Kids' F5 Messi FG Soccer Cleat,2017-04-16,4,0.0,1083,244,C,1,P2|37|2017-04-16
P2,37,adidas Kids' F5 Messi FG Soccer Cleat,2017-04-23,6,19.0,1083,180,C,1,P2|37|2017-04-23
P2,44,adidas Men's F10 Messi TRX FG Soccer Cleat,2015-01-11,1,101.0,1083,249,B,2,P2|44|2015-01-11
P2,44,adidas Men's F10 Messi TRX FG Soccer Cleat,2015-01-18,6,100.0,1083,64,B,2,P2|44|2015-01-18
P2,44,adidas Men's F10 Messi TRX FG Soccer Cleat,2015-01-25,33,94.0,1083,167,B,2,P2|44|2015-01-25
P2,44,adidas Men's F10 Messi TRX FG Soccer Cleat,2015-02-01,15,61.0,1083,93,B,2,P2|44|2015-02-01
P2,44,adidas Men's F10 Messi TRX FG Soccer Cleat,2015-02-08,2,46.0,1083,203,B,2,P2|44|2015-02-08
P2,44,adidas Men's F10 Messi TRX FG Soccer Cleat,2015-02-15,16,44.0,1083,178,B,2,P2|44|2015-02-15
P2,44,adidas Men's F10 Messi TRX FG Soccer Cleat,2015-02-22,3,28.0,1083,95,B,2,P2|44|2015-02-22
P2,44,adidas Men's F10 Messi TRX FG Soccer Cleat,2015-03-01,1,25.0,1083,93,B,2,P2|44|2015-03-01
P2,44,adidas Men's F10 Messi TRX FG Soccer Cleat,2015-03-08,0,34.0,1083,47,B,2,P2|44|2015-03-08
P2,44,adidas Men's F10 Messi TRX FG Soccer Cleat,2015-03-15,8,34.0,1083,224,B,2,P2|44|2015-03-15
P2,44,adidas Men's F10 Messi TRX FG Soccer Cleat,2015-03-22,26,26.0,1083,110,B,2,P2|44|2015-03-22
P2,44,adidas Men's F10 Messi TRX FG Soccer Cleat,2015-03-29,6,0.0,1083,63,B,2,P2|44|2015-03-29
P2,44,adidas Men's F10 Messi TRX FG Soccer Cleat,2015-04-05,14,34.0,1083,124,B,2,P2|44|2015-04-05
P2,44,adidas Men's F10 Messi TRX FG Soccer Cleat,2015-04-12,7,20.0,1083,64,B,2,P2|44|2015-04-12
P2,44,adidas Men's F10 Messi TRX FG Soccer Cleat,2015-04-19,15,13.0,1083,125,B,2,P2|44|2015-04-19
P2,44,adidas Men's F10 Messi TRX FG Soccer Cleat,2015-04-26,4,0.0,1083,288,B,2,P2|44|2015-04-26
P2,44,adidas Men's F10 Messi TRX FG Soccer Cleat,2015-05-03,7,34.0,1083,119,B,2,P2|44|2015-05-03
P2,44,adidas Men's F10 Messi TRX FG Soccer Cleat,2015-05-10,6,27.0,1083,143,B,2,P2|44|2015-05-10
P2,44,adidas Men's F10 Messi TRX FG Soccer Cleat,2015-05-17,4,21.0,1083,145,B,2,P2|44|2015-05-17
P2,44,adidas Men's F10 Messi TRX FG Soccer Cleat,2015-05-24,14,17.0,1083,121,B,2,P2|44|2015-05-24
P2,44,adidas Men's F10 Messi TRX FG Soccer Cleat,2015-05-31,8,34.0,1083,48,B,2,P2|44|2015-05-31
P2,44,adidas Men's F10 Messi TRX FG Soccer Cleat,2015-06-07,15,26.0,1083,184,B,2,P2|44|2015-06-07
P2,44,adidas Men's F10 Messi TRX FG Soccer Cleat,2015-06-14,0,11.0,1083,256,B,2,P2|44|2015-06-14
P2,44,adidas Men's F10 Messi TRX FG Soccer Cleat,2015-06-21,1,11.0,1083,196,B,2,P2|44|2015-06-21
P2,44,adidas Men's F10 Messi TRX FG Soccer Cleat,2015-06-28,12,34.0,1083,183,B,2,P2|44|2015-06-28
P2,44,adidas Men's F10 Messi TRX FG Soccer Cleat,2015-07-05,10,22.0,1083,139,B,2,P2|44|2015-07-05
P2,44,adidas Men's F10 Messi TRX FG Soccer Cleat,2015-07-12,19,12.0,1083,89,B,2,P2|44|2015-07-12
P2,44,adidas Men's F10 Messi TRX FG Soccer Cleat,2015-07-19,3,0.0,1083,87,B,2,P2|44|2015-07-19
P2,44,adidas Men's F10 Messi TRX FG Soccer Cleat,2015-07-26,4,34.0,1083,132,B,2,P2|44|2015-07-26
P2,44,adidas Men's F10 Messi TRX FG Soccer Cleat,2015-08-02,9,30.0,1083,148,B,2,P2|44|2015-08-02
P2,44,adidas Men's F10 Messi TRX FG Soccer Cleat,2015-08-09,5,21.0,1083,184,B,2,P2|44|2015-08-09
P2,44,adidas Men's F10 Messi TRX FG Soccer Cleat,2015-08-16,7,16.0,1083,113,B,2,P2|44|2015-08-16
P2,44,adidas Men's F10 Messi TRX FG Soccer Cleat,2015-08-23,6,34.0,1083,168,B,2,P2|44|2015-08-23
P2,44,adidas Men's F10 Messi TRX FG Soccer Cleat,2015-08-30,3,28.0,1083,125,B,2,P2|44|2015-08-30
P2,44,adidas Men's F10 Messi TRX FG Soccer Cleat,2015-09-06,8,25.0,1083,181,B,2,P2|44|2015-09-06
P2,44,adidas Men's F10 Messi TRX FG Soccer Cleat,2015-09-13,10,17.0,1083,240,B,2,P2|44|2015-09-13
P2,44,adidas Men's F10 Messi TRX FG Soccer Cleat,2015-09-20,10,34.0,1083,116,B,2,P2|44|2015-09-20
P2,44,adidas Men's F10 Messi TRX FG Soccer Cleat,2015-09-27,12,24.0,1083,35,B,2,P2|44|2015-09-27
P2,44,adidas Men's F10 Messi TRX FG Soccer Cleat,2015-10-04,0,12.0,1083,240,B,2,P2|44|2015-10-04
P2,44,adidas Men's F10 Messi TRX FG Soccer Cleat,2015-10-11,8,12.0,1083,116,B,2,P2|44|2015-10-11
P2,44,adidas Men's F10 Messi TRX FG Soccer Cleat,2015-10-18,18,34.0,1083,53,B,2,P2|44|2015-10-18
P2,44,adidas Men's F10 Messi TRX FG Soccer Cleat,2015-10-25,0,16.0,1083,220,B,2,P2|44|2015-10-25
P2,44,adidas Men's F10 Messi TRX FG Soccer Cleat,2015-11-01,5,16.0,1083,186,B,2,P2|44|2015-11-01
P2,44,adidas Men's F10 Messi TRX FG Soccer Cleat,2015-11-08,8,11.0,1083,125,B,2,P2|44|2015-11-08
P2,44,adidas Men's F10 Messi TRX FG Soccer Cleat,2015-11-15,0,34.0,1083,113,B,2,P2|44|2015-11-15
P2,44,adidas Men's F10 Messi TRX FG Soccer Cleat,2015-11-22,0,34.0,1083,124,B,2,P2|44|2015-11-22
P2,44,adidas Men's F10 Messi TRX FG Soccer Cleat,2015-11-29,0,34.0,1083,225,B,2,P2|44|2015-11-29
P2,44,adidas Men's F10 Messi TRX FG Soccer Cleat,2015-12-06,8,34.0,1083,124,B,2,P2|44|2015-12-06
P2,44,adidas Men's F10 Messi TRX FG Soccer Cleat,2015-12-13,18,34.0,1083,232,B,2,P2|44|2015-12-13
P2,44,adidas Men's F10 Messi TRX FG Soccer Cleat,2015-12-20,5,16.0,1083,141,B,2,P2|44|2015-12-20
P2,44,adidas Men's F10 Messi TRX FG Soccer Cleat,2015-12-27,4,11.0,1083,83,B,2,P2|44|2015-12-27
P2,44,adidas Men's F10 Messi TRX FG Soccer Cleat,2016-01-03,2,7.0,1083,127,B,2,P2|44|2016-01-03
P2,44,adidas Men's F10 Messi TRX FG Soccer Cleat,2016-01-10,2,34.0,1083,150,B,2,P2|44|2016-01-10
P2,44,adidas Men's F10 Messi TRX FG Soccer Cleat,2016-01-17,0,32.0,1083,245,B,2,P2|44|2016-01-17
P2,44,adidas Men's F10 Messi TRX FG Soccer Cleat,2016-01-24,15,32.0,1083,156,B,2,P2|44|2016-01-24
P2,44,adidas Men's F10 Messi TRX FG Soccer Cleat,2016-01-31,2,17.0,1083,129,B,2,P2|44|2016-01-31
P2,44,adidas Men's F10 Messi TRX FG Soccer Cleat,2016-02-07,0,34.0,1083,290,B,2,P2|44|2016-02-07
P2,44,adidas Men's F10 Messi TRX FG Soccer Cleat,2016-02-14,15,34.0,1083,111,B,2,P2|44|2016-02-14
P2,44,adidas Men's F10 Messi TRX FG Soccer Cleat,2016-02-21,13,19.0,1083,205,B,2,P2|44|2016-02-21
P2,44,adidas Men's F10 Messi TRX FG Soccer Cleat,2016-02-28,8,6.0,1083,165,B,2,P2|44|2016-02-28
P2,44,adidas Men's F10 Messi TRX FG Soccer Cleat,2016-03-06,8,34.0,1083,112,B,2,P2|44|2016-03-06
P2,44,adidas Men's F10 Messi TRX FG Soccer Cleat,2016-03-13,11,26.0,1083,255,B,2,P2|44|2016-03-13
P2,44,adidas Men's F10 Messi TRX FG Soccer Cleat,2016-03-20,10,15.0,1083,244,B,2,P2|44|2016-03-20
P2,44,adidas Men's F10 Messi TRX FG Soccer Cleat,2016-03-27,8,5.0,1083,199,B,2,P2|44|2016-03-27
P2,44,adidas Men's F10 Messi TRX FG Soccer Cleat,2016-04-03,13,34.0,1083,70,B,2,P2|44|2016-04-03
P2,44,adidas Men's F10 Messi TRX FG Soccer Cleat,2016-04-10,6,21.0,1083,227,B,2,P2|44|2016-04-10
P2,44,adidas Men's F10 Messi TRX FG Soccer Cleat,2016-04-17,10,15.0,1083,93,B,2,P2|44|2016-04-17
P2,44,adidas Men's F10 Messi TRX FG Soccer Cleat,2016-04-24,8,5.0,1083,114,B,2,P2|44|2016-04-24
P2,44,adidas Men's F10 Messi TRX FG Soccer Cleat,2016-05-01,6,34.0,1083,210,B,2,P2|44|2016-05-01
P2,44,adidas Men's F10 Messi TRX FG Soccer Cleat,2016-05-08,12,28.0,1083,200,B,2,P2|44|2016-05-08
P2,44,adidas Men's F10 Messi TRX FG Soccer Cleat,2016-05-15,3,16.0,1083,123,B,2,P2|44|2016-05-15
P2,44,adidas Men's F10 Messi TRX FG Soccer Cleat,2016-05-22,3,13.0,1083,151,B,2,P2|44|2016-05-22
P2,44,adidas Men's F10 Messi TRX FG Soccer Cleat,2016-05-29,13,34.0,1083,243,B,2,P2|44|2016-05-29
P2,44,adidas Men's F10 Messi TRX FG Soccer Cleat,2016-06-05,18,21.0,1083,136,B,2,P2|44|2016-06-05
P2,44,adidas Men's F10 Messi TRX FG Soccer Cleat,2016-06-12,5,3.0,1083,196,B,2,P2|44|2016-06-12
P2,44,adidas Men's F10 Messi TRX FG Soccer Cleat,2016-06-19,0,0.0,1083,201,B,2,P2|44|2016-06-19
P2,44,adidas Men's F10 Messi TRX FG Soccer Cleat,2016-06-26,6,34.0,1083,48,B,2,P2|44|2016-06-26
P2,44,adidas Men's F10 Messi TRX FG Soccer Cleat,2016-07-03,5,28.0,1083,192,B,2,P2|44|2016-07-03
P2,44,adidas Men's F10 Messi TRX FG Soccer Cleat,2016-07-10,18,23.0,1083,193,B,2,P2|44|2016-07-10
P2,44,adidas Men's F10 Messi TRX FG Soccer Cleat,2016-07-17,19,5.0,1083,117,B,2,P2|44|2016-07-17
P2,44,adidas Men's F10 Messi TRX FG Soccer Cleat,2016-07-24,7,34.0,1083,149,B,2,P2|44|2016-07-24
P2,44,adidas Men's F10 Messi TRX FG Soccer Cleat,2016-07-31,9,27.0,1083,154,B,2,P2|44|2016-07-31
P2,44,adidas Men's F10 Messi TRX FG Soccer Cleat,2016-08-07,17,18.0,1083,117,B,2,P2|44|2016-08-07
P2,44,adidas Men's F10 Messi TRX FG Soccer Cleat,2016-08-14,2,1.0,1083,92,B,2,P2|44|2016-08-14
P2,44,adidas Men's F10 Messi TRX FG Soccer Cleat,2016-08-21,0,34.0,1083,141,B,2,P2|44|2016-08-21
P2,44,adidas Men's F10 Messi TRX FG Soccer Cleat,2016-08-28,1,34.0,1083,160,B,2,P2|44|2016-08-28
P2,44,adidas Men's F10 Messi TRX FG Soccer Cleat,2016-09-04,14,33.0,1083,180,B,2,P2|44|2016-09-04
P2,44,adidas Men's F10 Messi TRX FG Soccer Cleat,2016-09-11,13,19.0,1083,163,B,2,P2|44|2016-09-11
P2,44,adidas Men's F10 Messi TRX FG Soccer Cleat,2016-09-18,11,34.0,1083,87,B,2,P2|44|2016-09-18
P2,44,adidas Men's F10 Messi TRX FG Soccer Cleat,2016-09-25,7,23.0,1083,133,B,2,P2|44|2016-09-25
P2,44,adidas Men's F10 Messi TRX FG Soccer Cleat,2016-10-02,5,16.0,1083,157,B,2,P2|44|2016-10-02
P2,44,adidas Men's F10 Messi TRX FG Soccer Cleat,2016-10-09,15,11.0,1083,168,B,2,P2|44|2016-10-09
P2,44,adidas Men's F10 Messi TRX FG Soccer Cleat,2016-10-16,6,34.0,1083,104,B,2,P2|44|2016-10-16
P2,44,adidas Men's F10 Messi TRX FG Soccer Cleat,2016-10-23,2,28.0,1083,98,B,2,P2|44|2016-10-23
P2,44,adidas Men's F10 Messi TRX FG Soccer Cleat,2016-10-30,2,26.0,1083,197,B,2,P2|44|2016-10-30
P2,44,adidas Men's F10 Messi TRX FG Soccer Cleat,2016-11-06,3,24.0,1083,186,B,2,P2|44|2016-11-06
P2,44,adidas Men's F10 Messi TRX FG Soccer Cleat,2016-11-13,3,34.0,1083,232,B,2,P2|44|2016-11-13
P2,44,adidas Men's F10 Messi TRX FG Soccer Cleat,2016-11-20,13,31.0,1083,176,B,2,P2|44|2016-11-20
P2,44,adidas Men's F10 Messi TRX FG Soccer Cleat,2016-11-27,0,18.0,1083,135,B,2,P2|44|2016-11-27
P2,44,adidas Men's F10 Messi TRX FG Soccer Cleat,2016-12-04,15,18.0,1083,118,B,2,P2|44|2016-12-04
P2,44,adidas Men's F10 Messi TRX FG Soccer Cleat,2016-12-11,7,34.0,1083,145,B,2,P2|44|2016-12-11
P2,44,adidas Men's F10 Messi TRX FG Soccer Cleat,2016-12-18,7,27.0,1083,213,B,2,P2|44|2016-12-18
P2,44,adidas Men's F10 Messi TRX FG Soccer Cleat,2016-12-25,4,20.0,1083,124,B,2,P2|44|2016-12-25
P2,44,adidas Men's F10 Messi TRX FG Soccer Cleat,2017-01-01,12,16.0,1083,161,B,2,P2|44|2017-01-01
P2,44,adidas Men's F10 Messi TRX FG Soccer Cleat,2017-01-08,9,34.0,1083,252,B,2,P2|44|2017-01-08
P2,44,adidas Men's F10 Messi TRX FG Soccer Cleat,2017-01-15,4,25.0,1083,105,B,2,P2|44|2017-01-15
P2,44,adidas Men's F10 Messi TRX FG Soccer Cleat,2017-01-22,4,21.0,1083,119,B,2,P2|44|2017-01-22
P2,44,adidas Men's F10 Messi TRX FG Soccer Cleat,2017-01-29,15,17.0,1083,153,B,2,P2|44|2017-01-29
P2,44,adidas Men's F10 Messi TRX FG Soccer Cleat,2017-02-05,4,34.0,1083,96,B,2,P2|44|2017-02-05
P2,44,adidas Men's F10 Messi TRX FG Soccer Cleat,2017-02-12,5,30.0,1083,122,B,2,P2|44|2017-02-12
P2,44,adidas Men's F10 Messi TRX FG Soccer Cleat,2017-02-19,2,25.0,1083,186,B,2,P2|44|2017-02-19
P2,44,adidas Men's F10 Messi TRX FG Soccer Cleat,2017-02-26,6,23.0,1083,103,B,2,P2|44|2017-02-26
P2,44,adidas Men's F10 Messi TRX FG Soccer Cleat,2017-03-05,0,34.0,1083,38,B,2,P2|44|2017-03-05
P2,44,adidas Men's F10 Messi TRX FG Soccer Cleat,2017-03-12,9,34.0,1083,93,B,2,P2|44|2017-03-12
P2,44,adidas Men's F10 Messi TRX FG Soccer Cleat,2017-03-19,4,25.0,1083,208,B,2,P2|44|2017-03-19
P2,44,adidas Men's F10 Messi TRX FG Soccer Cleat,2017-03-26,18,21.0,1083,181,B,2,P2|44|2017-03-26
P2,44,adidas Men's F10 Messi TRX FG Soccer Cleat,2017-04-02,7,34.0,1083,147,B,2,P2|44|2017-04-02
P2,44,adidas Men's F10 Messi TRX FG Soccer Cleat,2017-04-09,16,27.0,1083,160,B,2,P2|44|2017-04-09
P2,44,adidas Men's F10 Messi TRX FG Soccer Cleat,2017-04-16,10,11.0,1083,244,B,2,P2|44|2017-04-16
P2,44,adidas Men's F10 Messi TRX FG Soccer Cleat,2017-04-23,8,1.0,1083,180,B,2,P2|44|2017-04-23
P2,58,Diamondback Boys' Insight 24 Performance Hybr,2017-09-17,14,145.0,1083,344,C,1,P2|58|2017-09-17
P2,58,Diamondback Boys' Insight 24 Performance Hybr,2017-09-24,9,131.0,1083,329,C,1,P2|58|2017-09-24
P2,58,Diamondback Boys' Insight 24 Performance Hybr,2017-10-01,6,122.0,1083,353,C,1,P2|58|2017-10-01
P2,60,SOLE E25 Elliptical,2017-10-01,7,75.0,1083,353,C,1,P2|60|2017-10-01
P2,60,SOLE E25 Elliptical,2017-10-08,3,68.0,1083,1049,C,1,P2|60|2017-10-08
P2,61,Diamondback Girls' Clarity 24 Hybrid Bike 201,2017-09-17,11,140.0,1083,344,C,1,P2|61|2017-09-17
P2,61,Diamondback Girls' Clarity 24 Hybrid Bike 201,2017-09-24,9,129.0,1083,329,C,1,P2|61|2017-09-24
P2,61,Diamondback Girls' Clarity 24 Hybrid Bike 201,2017-10-01,8,120.0,1083,353,C,1,P2|61|2017-10-01
P2,78,Nike Kids' Grade School KD VI Basketball Shoe,2017-04-30,10,140.0,1083,285,C,1,P2|78|2017-04-30
P2,78,Nike Kids' Grade School KD VI Basketball Shoe,2017-05-07,11,130.0,1083,287,C,1,P2|78|2017-05-07
P2,78,Nike Kids' Grade School KD VI Basketball Shoe,2017-05-14,6,119.0,1083,277,C,1,P2|78|2017-05-14
P2,78,Nike Kids' Grade School KD VI Basketball Shoe,2017-05-21,14,113.0,1083,262,C,1,P2|78|2017-05-21
P2,78,Nike Kids' Grade School KD VI Basketball Shoe,2017-05-28,11,99.0,1083,329,C,1,P2|78|2017-05-28
P2,78,Nike Kids' Grade School KD VI Basketball Shoe,2017-06-04,14,88.0,1083,237,C,1,P2|78|2017-06-04
P2,78,Nike Kids' Grade School KD VI Basketball Shoe,2017-06-11,8,74.0,1083,307,C,1,P2|78|2017-06-11
P2,78,Nike Kids' Grade School KD VI Basketball Shoe,2017-06-18,9,66.0,1083,317,C,1,P2|78|2017-06-18
P2,78,Nike Kids' Grade School KD VI Basketball Shoe,2017-06-25,4,57.0,1083,224,C,1,P2|78|2017-06-25
P2,78,Nike Kids' Grade School KD VI Basketball Shoe,2017-07-02,14,53.0,1083,207,C,1,P2|78|2017-07-02
P2,78,Nike Kids' Grade School KD VI Basketball Shoe,2017-07-09,16,39.0,1083,290,C,1,P2|78|2017-07-09
P2,78,Nike Kids' Grade School KD VI Basketball Shoe,2017-07-16,11,23.0,1083,359,C,1,P2|78|2017-07-16
P2,78,Nike Kids' Grade School KD VI Basketball Shoe,2017-07-23,5,28.0,1083,226,C,1,P2|78|2017-07-23
P2,78,Nike Kids' Grade School KD VI Basketball Shoe,2017-07-30,4,23.0,1083,322,C,1,P2|78|2017-07-30
P2,78,Nike Kids' Grade School KD VI Basketball Shoe,2017-08-06,8,19.0,1083,212,C,1,P2|78|2017-08-06
P2,78,Nike Kids' Grade School KD VI Basketball Shoe,2017-08-13,10,11.0,1083,309,C,1,P2|78|2017-08-13
P2,78,Nike Kids' Grade School KD VI Basketball Shoe,2017-08-20,3,28.0,1083,291,C,1,P2|78|2017-08-20
P2,78,Nike Kids' Grade School KD VI Basketball Shoe,2017-08-27,12,25.0,1083,270,C,1,P2|78|2017-08-27
P2,78,Nike Kids' Grade School KD VI Basketball Shoe,2017-09-03,1,13.0,1083,226,C,1,P2|78|2017-09-03
P2,78,Nike Kids' Grade School KD VI Basketball Shoe,2017-09-10,15,12.0,1083,233,C,1,P2|78|2017-09-10
P2,93,Under Armour Men's Tech II T-Shirt,2015-01-04,8,104.0,1083,548,C,1,P2|93|2015-01-04
P2,93,Under Armour Men's Tech II T-Shirt,2015-01-11,7,96.0,1083,249,C,1,P2|93|2015-01-11
P2,93,Under Armour Men's Tech II T-Shirt,2015-01-18,4,89.0,1083,64,C,1,P2|93|2015-01-18
P2,93,Under Armour Men's Tech II T-Shirt,2015-01-25,9,85.0,1083,167,C,1,P2|93|2015-01-25
P2,93,Under Armour Men's Tech II T-Shirt,2015-02-01,3,76.0,1083,93,C,1,P2|93|2015-02-01
P2,93,Under Armour Men's Tech II T-Shirt,2015-02-08,8,73.0,1083,203,C,1,P2|93|2015-02-08
P2,93,Under Armour Men's Tech II T-Shirt,2015-02-15,5,65.0,1083,178,C,1,P2|93|2015-02-15
P2,93,Under Armour Men's Tech II T-Shirt,2015-02-22,7,60.0,1083,95,C,1,P2|93|2015-02-22
P2,93,Under Armour Men's Tech II T-Shirt,2015-03-01,0,53.0,1083,93,C,1,P2|93|2015-03-01
P2,93,Under Armour Men's Tech II T-Shirt,2015-03-08,16,53.0,1083,47,C,1,P2|93|2015-03-08
P2,93,Under Armour Men's Tech II T-Shirt,2015-03-15,2,37.0,1083,224,C,1,P2|93|2015-03-15
P2,93,Under Armour Men's Tech II T-Shirt,2015-03-22,4,35.0,1083,110,C,1,P2|93|2015-03-22
P2,93,Under Armour Men's Tech II T-Shirt,2015-03-29,3,31.0,1083,63,C,1,P2|93|2015-03-29
P2,93,Under Armour Men's Tech II T-Shirt,2015-04-05,9,28.0,1083,124,C,1,P2|93|2015-04-05
P2,93,Under Armour Men's Tech II T-Shirt,2015-04-12,5,19.0,1083,64,C,1,P2|93|2015-04-12
P2,93,Under Armour Men's Tech II T-Shirt,2015-04-19,7,14.0,1083,125,C,1,P2|93|2015-04-19
P2,93,Under Armour Men's Tech II T-Shirt,2015-04-26,3,21.0,1083,288,C,1,P2|93|2015-04-26
P2,93,Under Armour Men's Tech II T-Shirt,2015-05-03,10,18.0,1083,119,C,1,P2|93|2015-05-03
P2,93,Under Armour Men's Tech II T-Shirt,2015-05-10,16,8.0,1083,143,C,1,P2|93|2015-05-10
P2,93,Under Armour Men's Tech II T-Shirt,2015-05-17,7,0.0,1083,145,C,1,P2|93|2015-05-17
P2,93,Under Armour Men's Tech II T-Shirt,2015-05-24,10,21.0,1083,121,C,1,P2|93|2015-05-24
P2,93,Under Armour Men's Tech II T-Shirt,2015-05-31,10,11.0,1083,48,C,1,P2|93|2015-05-31
P2,93,Under Armour Men's Tech II T-Shirt,2015-06-07,4,1.0,1083,184,C,1,P2|93|2015-06-07
P2,93,Under Armour Men's Tech II T-Shirt,2015-06-14,4,0.0,1083,256,C,1,P2|93|2015-06-14
P2,93,Under Armour Men's Tech II T-Shirt,2015-06-21,7,21.0,1083,196,C,1,P2|93|2015-06-21
P2,93,Under Armour Men's Tech II T-Shirt,2015-06-28,0,14.0,1083,183,C,1,P2|93|2015-06-28
P2,93,Under Armour Men's Tech II T-Shirt,2015-07-05,15,14.0,1083,139,C,1,P2|93|2015-07-05
P2,93,Under Armour Men's Tech II T-Shirt,2015-07-12,5,0.0,1083,89,C,1,P2|93|2015-07-12
P2,93,Under Armour Men's Tech II T-Shirt,2015-07-19,8,21.0,1083,87,C,1,P2|93|2015-07-19
P2,93,Under Armour Men's Tech II T-Shirt,2015-07-26,3,13.0,1083,132,C,1,P2|93|2015-07-26
P2,93,Under Armour Men's Tech II T-Shirt,2015-08-02,14,10.0,1083,148,C,1,P2|93|2015-08-02
P2,93,Under Armour Men's Tech II T-Shirt,2015-08-09,6,0.0,1083,184,C,1,P2|93|2015-08-09
P2,93,Under Armour Men's Tech II T-Shirt,2015-08-16,13,21.0,1083,113,C,1,P2|93|2015-08-16
P2,93,Under Armour Men's Tech II T-Shirt,2015-08-23,8,8.0,1083,168,C,1,P2|93|2015-08-23
P2,93,Under Armour Men's Tech II T-Shirt,2015-08-30,7,0.0,1083,125,C,1,P2|93|2015-08-30
P2,93,Under Armour Men's Tech II T-Shirt,2015-09-06,2,0.0,1083,181,C,1,P2|93|2015-09-06
P2,93,Under Armour Men's Tech II T-Shirt,2015-09-13,8,21.0,1083,240,C,1,P2|93|2015-09-13
P2,93,Under Armour Men's Tech II T-Shirt,2015-09-20,3,13.0,1083,116,C,1,P2|93|2015-09-20
P2,93,Under Armour Men's Tech II T-Shirt,2015-09-27,5,10.0,1083,35,C,1,P2|93|2015-09-27
P2,93,Under Armour Men's Tech II T-Shirt,2015-10-04,14,5.0,1083,240,C,1,P2|93|2015-10-04
P2,93,Under Armour Men's Tech II T-Shirt,2015-10-11,5,21.0,1083,116,C,1,P2|93|2015-10-11
P2,93,Under Armour Men's Tech II T-Shirt,2015-10-18,9,16.0,1083,53,C,1,P2|93|2015-10-18
P2,93,Under Armour Men's Tech II T-Shirt,2015-10-25,6,7.0,1083,220,C,1,P2|93|2015-10-25
P2,93,Under Armour Men's Tech II T-Shirt,2015-11-01,5,1.0,1083,186,C,1,P2|93|2015-11-01
P2,93,Under Armour Men's Tech II T-Shirt,2015-11-08,4,21.0,1083,125,C,1,P2|93|2015-11-08
P2,93,Under Armour Men's Tech II T-Shirt,2015-11-15,1,17.0,1083,113,C,1,P2|93|2015-11-15
P2,93,Under Armour Men's Tech II T-Shirt,2015-11-22,2,16.0,1083,124,C,1,P2|93|2015-11-22
P2,93,Under Armour Men's Tech II T-Shirt,2015-11-29,3,14.0,1083,225,C,1,P2|93|2015-11-29
P2,93,Under Armour Men's Tech II T-Shirt,2015-12-06,15,21.0,1083,124,C,1,P2|93|2015-12-06
P2,93,Under Armour Men's Tech II T-Shirt,2015-12-13,2,6.0,1083,232,C,1,P2|93|2015-12-13
P2,93,Under Armour Men's Tech II T-Shirt,2015-12-20,5,4.0,1083,141,C,1,P2|93|2015-12-20
P2,93,Under Armour Men's Tech II T-Shirt,2015-12-27,12,0.0,1083,83,C,1,P2|93|2015-12-27
P2,93,Under Armour Men's Tech II T-Shirt,2016-01-03,0,21.0,1083,127,C,1,P2|93|2016-01-03
P2,93,Under Armour Men's Tech II T-Shirt,2016-01-10,0,21.0,1083,150,C,1,P2|93|2016-01-10
P2,93,Under Armour Men's Tech II T-Shirt,2016-01-17,2,21.0,1083,245,C,1,P2|93|2016-01-17
P2,93,Under Armour Men's Tech II T-Shirt,2016-01-24,3,19.0,1083,156,C,1,P2|93|2016-01-24
P2,93,Under Armour Men's Tech II T-Shirt,2016-01-31,13,21.0,1083,129,C,1,P2|93|2016-01-31
P2,93,Under Armour Men's Tech II T-Shirt,2016-02-07,3,8.0,1083,290,C,1,P2|93|2016-02-07
P2,93,Under Armour Men's Tech II T-Shirt,2016-02-14,10,5.0,1083,111,C,1,P2|93|2016-02-14
P2,93,Under Armour Men's Tech II T-Shirt,2016-02-21,0,0.0,1083,205,C,1,P2|93|2016-02-21
P2,93,Under Armour Men's Tech II T-Shirt,2016-02-28,13,21.0,1083,165,C,1,P2|93|2016-02-28
P2,93,Under Armour Men's Tech II T-Shirt,2016-03-06,3,8.0,1083,112,C,1,P2|93|2016-03-06
P2,93,Under Armour Men's Tech II T-Shirt,2016-03-13,12,5.0,1083,255,C,1,P2|93|2016-03-13
P2,93,Under Armour Men's Tech II T-Shirt,2016-03-20,0,0.0,1083,244,C,1,P2|93|2016-03-20
P2,93,Under Armour Men's Tech II T-Shirt,2016-03-27,7,21.0,1083,199,C,1,P2|93|2016-03-27
P2,93,Under Armour Men's Tech II T-Shirt,2016-04-03,21,14.0,1083,70,C,1,P2|93|2016-04-03
P2,93,Under Armour Men's Tech II T-Shirt,2016-04-10,15,0.0,1083,227,C,1,P2|93|2016-04-10
P2,93,Under Armour Men's Tech II T-Shirt,2016-04-17,14,0.0,1083,93,C,1,P2|93|2016-04-17
P2,93,Under Armour Men's Tech II T-Shirt,2016-04-24,2,21.0,1083,114,C,1,P2|93|2016-04-24
P2,93,Under Armour Men's Tech II T-Shirt,2016-05-01,0,19.0,1083,210,C,1,P2|93|2016-05-01
P2,93,Under Armour Men's Tech II T-Shirt,2016-05-08,0,19.0,1083,200,C,1,P2|93|2016-05-08
P2,93,Under Armour Men's Tech II T-Shirt,2016-05-15,7,19.0,1083,123,C,1,P2|93|2016-05-15
P2,93,Under Armour Men's Tech II T-Shirt,2016-05-22,0,21.0,1083,151,C,1,P2|93|2016-05-22
P2,93,Under Armour Men's Tech II T-Shirt,2016-05-29,9,21.0,1083,243,C,1,P2|93|2016-05-29
P2,93,Under Armour Men's Tech II T-Shirt,2016-06-05,11,12.0,1083,136,C,1,P2|93|2016-06-05
P2,93,Under Armour Men's Tech II T-Shirt,2016-06-12,15,1.0,1083,196,C,1,P2|93|2016-06-12
P2,93,Under Armour Men's Tech II T-Shirt,2016-06-19,1,21.0,1083,201,C,1,P2|93|2016-06-19
P2,93,Under Armour Men's Tech II T-Shirt,2016-06-26,11,20.0,1083,48,C,1,P2|93|2016-06-26
P2,93,Under Armour Men's Tech II T-Shirt,2016-07-03,1,9.0,1083,192,C,1,P2|93|2016-07-03
P2,93,Under Armour Men's Tech II T-Shirt,2016-07-10,9,8.0,1083,193,C,1,P2|93|2016-07-10
P2,93,Under Armour Men's Tech II T-Shirt,2016-07-17,5,21.0,1083,117,C,1,P2|93|2016-07-17
P2,93,Under Armour Men's Tech II T-Shirt,2016-07-24,2,16.0,1083,149,C,1,P2|93|2016-07-24
P2,93,Under Armour Men's Tech II T-Shirt,2016-07-31,9,14.0,1083,154,C,1,P2|93|2016-07-31
P2,93,Under Armour Men's Tech II T-Shirt,2016-08-07,5,5.0,1083,117,C,1,P2|93|2016-08-07
P2,93,Under Armour Men's Tech II T-Shirt,2016-08-14,5,21.0,1083,92,C,1,P2|93|2016-08-14
P2,93,Under Armour Men's Tech II T-Shirt,2016-08-21,7,16.0,1083,141,C,1,P2|93|2016-08-21
P2,93,Under Armour Men's Tech II T-Shirt,2016-08-28,0,9.0,1083,160,C,1,P2|93|2016-08-28
P2,93,Under Armour Men's Tech II T-Shirt,2016-09-04,0,9.0,1083,180,C,1,P2|93|2016-09-04
P2,93,Under Armour Men's Tech II T-Shirt,2016-09-11,13,21.0,1083,163,C,1,P2|93|2016-09-11
P2,93,Under Armour Men's Tech II T-Shirt,2016-09-18,3,8.0,1083,87,C,1,P2|93|2016-09-18
P2,93,Under Armour Men's Tech II T-Shirt,2016-09-25,9,5.0,1083,133,C,1,P2|93|2016-09-25
P2,93,Under Armour Men's Tech II T-Shirt,2016-10-02,0,0.0,1083,157,C,1,P2|93|2016-10-02
P2,93,Under Armour Men's Tech II T-Shirt,2016-10-09,6,21.0,1083,168,C,1,P2|93|2016-10-09
P2,93,Under Armour Men's Tech II T-Shirt,2016-10-16,3,15.0,1083,104,C,1,P2|93|2016-10-16
P2,93,Under Armour Men's Tech II T-Shirt,2016-10-23,4,12.0,1083,98,C,1,P2|93|2016-10-23
P2,93,Under Armour Men's Tech II T-Shirt,2016-10-30,7,8.0,1083,197,C,1,P2|93|2016-10-30
P2,93,Under Armour Men's Tech II T-Shirt,2016-11-06,4,21.0,1083,186,C,1,P2|93|2016-11-06
P2,93,Under Armour Men's Tech II T-Shirt,2016-11-13,7,17.0,1083,232,C,1,P2|93|2016-11-13
P2,93,Under Armour Men's Tech II T-Shirt,2016-11-20,21,10.0,1083,176,C,1,P2|93|2016-11-20
P2,93,Under Armour Men's Tech II T-Shirt,2016-11-27,4,0.0,1083,135,C,1,P2|93|2016-11-27
P2,93,Under Armour Men's Tech II T-Shirt,2016-12-04,22,21.0,1083,118,C,1,P2|93|2016-12-04
P2,93,Under Armour Men's Tech II T-Shirt,2016-12-11,11,0.0,1083,145,C,1,P2|93|2016-12-11
P2,93,Under Armour Men's Tech II T-Shirt,2016-12-18,4,0.0,1083,213,C,1,P2|93|2016-12-18
P2,93,Under Armour Men's Tech II T-Shirt,2016-12-25,12,0.0,1083,124,C,1,P2|93|2016-12-25
P2,93,Under Armour Men's Tech II T-Shirt,2017-01-01,4,21.0,1083,161,C,1,P2|93|2017-01-01
P2,93,Under Armour Men's Tech II T-Shirt,2017-01-08,7,17.0,1083,252,C,1,P2|93|2017-01-08
P2,93,Under Armour Men's Tech II T-Shirt,2017-01-15,4,10.0,1083,105,C,1,P2|93|2017-01-15
P2,93,Under Armour Men's Tech II T-Shirt,2017-01-22,19,6.0,1083,119,C,1,P2|93|2017-01-22
P2,93,Under Armour Men's Tech II T-Shirt,2017-01-29,14,21.0,1083,153,C,1,P2|93|2017-01-29
P2,93,Under Armour Men's Tech II T-Shirt,2017-02-05,0,7.0,1083,96,C,1,P2|93|2017-02-05
P2,93,Under Armour Men's Tech II T-Shirt,2017-02-12,3,7.0,1083,122,C,1,P2|93|2017-02-12
P2,93,Under Armour Men's Tech II T-Shirt,2017-02-19,16,4.0,1083,186,C,1,P2|93|2017-02-19
P2,93,Under Armour Men's Tech II T-Shirt,2017-02-26,18,21.0,1083,103,C,1,P2|93|2017-02-26
P2,93,Under Armour Men's Tech II T-Shirt,2017-03-05,16,3.0,1083,38,C,1,P2|93|2017-03-05
P2,93,Under Armour Men's Tech II T-Shirt,2017-03-12,13,0.0,1083,93,C,1,P2|93|2017-03-12
P2,93,Under Armour Men's Tech II T-Shirt,2017-03-19,3,0.0,1083,208,C,1,P2|93|2017-03-19
P2,93,Under Armour Men's Tech II T-Shirt,2017-03-26,11,21.0,1083,181,C,1,P2|93|2017-03-26
P2,93,Under Armour Men's Tech II T-Shirt,2017-04-02,0,10.0,1083,147,C,1,P2|93|2017-04-02
P2,93,Under Armour Men's Tech II T-Shirt,2017-04-09,7,10.0,1083,160,C,1,P2|93|2017-04-09
P2,93,Under Armour Men's Tech II T-Shirt,2017-04-16,2,3.0,1083,244,C,1,P2|93|2017-04-16
P2,93,Under Armour Men's Tech II T-Shirt,2017-04-23,5,21.0,1083,180,C,1,P2|93|2017-04-23
P2,116,Nike Men's Comfort 2 Slide,2015-01-11,4,106.0,1083,249,B,2,P2|116|2015-01-11
P2,116,Nike Men's Comfort 2 Slide,2015-01-18,24,102.0,1083,64,B,2,P2|116|2015-01-18
P2,116,Nike Men's Comfort 2 Slide,2015-01-25,7,78.0,1083,167,B,2,P2|116|2015-01-25
P2,116,Nike Men's Comfort 2 Slide,2015-02-01,10,71.0,1083,93,B,2,P2|116|2015-02-01
P2,116,Nike Men's Comfort 2 Slide,2015-02-08,12,61.0,1083,203,B,2,P2|116|2015-02-08
P2,116,Nike Men's Comfort 2 Slide,2015-02-15,6,49.0,1083,178,B,2,P2|116|2015-02-15
P2,116,Nike Men's Comfort 2 Slide,2015-02-22,4,43.0,1083,95,B,2,P2|116|2015-02-22
P2,116,Nike Men's Comfort 2 Slide,2015-03-01,9,39.0,1083,93,B,2,P2|116|2015-03-01
P2,116,Nike Men's Comfort 2 Slide,2015-03-08,12,35.0,1083,47,B,2,P2|116|2015-03-08
P2,116,Nike Men's Comfort 2 Slide,2015-03-15,0,23.0,1083,224,B,2,P2|116|2015-03-15
P2,116,Nike Men's Comfort 2 Slide,2015-03-22,15,23.0,1083,110,B,2,P2|116|2015-03-22
P2,116,Nike Men's Comfort 2 Slide,2015-03-29,11,8.0,1083,63,B,2,P2|116|2015-03-29
P2,116,Nike Men's Comfort 2 Slide,2015-04-05,23,35.0,1083,124,B,2,P2|116|2015-04-05
P2,116,Nike Men's Comfort 2 Slide,2015-04-12,0,12.0,1083,64,B,2,P2|116|2015-04-12
P2,116,Nike Men's Comfort 2 Slide,2015-04-19,0,12.0,1083,125,B,2,P2|116|2015-04-19
P2,116,Nike Men's Comfort 2 Slide,2015-04-26,6,12.0,1083,288,B,2,P2|116|2015-04-26
P2,116,Nike Men's Comfort 2 Slide,2015-05-03,2,35.0,1083,119,B,2,P2|116|2015-05-03
P2,116,Nike Men's Comfort 2 Slide,2015-05-10,3,33.0,1083,143,B,2,P2|116|2015-05-10
P2,116,Nike Men's Comfort 2 Slide,2015-05-17,7,30.0,1083,145,B,2,P2|116|2015-05-17
P2,116,Nike Men's Comfort 2 Slide,2015-05-24,7,23.0,1083,121,B,2,P2|116|2015-05-24
P2,116,Nike Men's Comfort 2 Slide,2015-05-31,1,35.0,1083,48,B,2,P2|116|2015-05-31
P2,116,Nike Men's Comfort 2 Slide,2015-06-07,13,34.0,1083,184,B,2,P2|116|2015-06-07
P2,116,Nike Men's Comfort 2 Slide,2015-06-14,2,21.0,1083,256,B,2,P2|116|2015-06-14
P2,116,Nike Men's Comfort 2 Slide,2015-06-21,4,19.0,1083,196,B,2,P2|116|2015-06-21
P2,116,Nike Men's Comfort 2 Slide,2015-06-28,5,35.0,1083,183,B,2,P2|116|2015-06-28
P2,116,Nike Men's Comfort 2 Slide,2015-07-05,3,30.0,1083,139,B,2,P2|116|2015-07-05
P2,116,Nike Men's Comfort 2 Slide,2015-07-12,25,27.0,1083,89,B,2,P2|116|2015-07-12
P2,116,Nike Men's Comfort 2 Slide,2015-07-19,3,2.0,1083,87,B,2,P2|116|2015-07-19
P2,116,Nike Men's Comfort 2 Slide,2015-07-26,10,35.0,1083,132,B,2,P2|116|2015-07-26
P2,116,Nike Men's Comfort 2 Slide,2015-08-02,13,25.0,1083,148,B,2,P2|116|2015-08-02
P2,116,Nike Men's Comfort 2 Slide,2015-08-09,10,12.0,1083,184,B,2,P2|116|2015-08-09
P2,116,Nike Men's Comfort 2 Slide,2015-08-16,8,2.0,1083,113,B,2,P2|116|2015-08-16
P2,116,Nike Men's Comfort 2 Slide,2015-08-23,7,35.0,1083,168,B,2,P2|116|2015-08-23
P2,116,Nike Men's Comfort 2 Slide,2015-08-30,12,28.0,1083,125,B,2,P2|116|2015-08-30
P2,116,Nike Men's Comfort 2 Slide,2015-09-06,0,16.0,1083,181,B,2,P2|116|2015-09-06
P2,116,Nike Men's Comfort 2 Slide,2015-09-13,11,16.0,1083,240,B,2,P2|116|2015-09-13
P2,116,Nike Men's Comfort 2 Slide,2015-09-20,13,35.0,1083,116,B,2,P2|116|2015-09-20
P2,116,Nike Men's Comfort 2 Slide,2015-09-27,9,22.0,1083,35,B,2,P2|116|2015-09-27
P2,116,Nike Men's Comfort 2 Slide,2015-10-04,6,13.0,1083,240,B,2,P2|116|2015-10-04
P2,116,Nike Men's Comfort 2 Slide,2015-10-11,9,7.0,1083,116,B,2,P2|116|2015-10-11
P2,116,Nike Men's Comfort 2 Slide,2015-10-18,5,35.0,1083,53,B,2,P2|116|2015-10-18
P2,116,Nike Men's Comfort 2 Slide,2015-10-25,2,30.0,1083,220,B,2,P2|116|2015-10-25
P2,116,Nike Men's Comfort 2 Slide,2015-11-01,9,28.0,1083,186,B,2,P2|116|2015-11-01
P2,116,Nike Men's Comfort 2 Slide,2015-11-08,7,19.0,1083,125,B,2,P2|116|2015-11-08
P2,116,Nike Men's Comfort 2 Slide,2015-11-15,8,35.0,1083,113,B,2,P2|116|2015-11-15
P2,116,Nike Men's Comfort 2 Slide,2015-11-22,9,27.0,1083,124,B,2,P2|116|2015-11-22
P2,116,Nike Men's Comfort 2 Slide,2015-11-29,13,18.0,1083,225,B,2,P2|116|2015-11-29
P2,116,Nike Men's Comfort 2 Slide,2015-12-06,0,5.0,1083,124,B,2,P2|116|2015-12-06
P2,116,Nike Men's Comfort 2 Slide,2015-12-13,16,35.0,1083,232,B,2,P2|116|2015-12-13
P2,116,Nike Men's Comfort 2 Slide,2015-12-20,12,19.0,1083,141,B,2,P2|116|2015-12-20
P2,116,Nike Men's Comfort 2 Slide,2015-12-27,3,7.0,1083,83,B,2,P2|116|2015-12-27
P2,116,Nike Men's Comfort 2 Slide,2016-01-03,12,4.0,1083,127,B,2,P2|116|2016-01-03
P2,116,Nike Men's Comfort 2 Slide,2016-01-10,10,35.0,1083,150,B,2,P2|116|2016-01-10
P2,116,Nike Men's Comfort 2 Slide,2016-01-17,1,25.0,1083,245,B,2,P2|116|2016-01-17
P2,116,Nike Men's Comfort 2 Slide,2016-01-24,6,24.0,1083,156,B,2,P2|116|2016-01-24
P2,116,Nike Men's Comfort 2 Slide,2016-01-31,4,18.0,1083,129,B,2,P2|116|2016-01-31
P2,116,Nike Men's Comfort 2 Slide,2016-02-07,0,35.0,1083,290,B,2,P2|116|2016-02-07
P2,116,Nike Men's Comfort 2 Slide,2016-02-14,7,35.0,1083,111,B,2,P2|116|2016-02-14
P2,116,Nike Men's Comfort 2 Slide,2016-02-21,11,28.0,1083,205,B,2,P2|116|2016-02-21
P2,116,Nike Men's Comfort 2 Slide,2016-02-28,9,17.0,1083,165,B,2,P2|116|2016-02-28
P2,116,Nike Men's Comfort 2 Slide,2016-03-06,5,35.0,1083,112,B,2,P2|116|2016-03-06
P2,116,Nike Men's Comfort 2 Slide,2016-03-13,12,30.0,1083,255,B,2,P2|116|2016-03-13
P2,116,Nike Men's Comfort 2 Slide,2016-03-20,13,18.0,1083,244,B,2,P2|116|2016-03-20
P2,116,Nike Men's Comfort 2 Slide,2016-03-27,4,5.0,1083,199,B,2,P2|116|2016-03-27
P2,116,Nike Men's Comfort 2 Slide,2016-04-03,10,35.0,1083,70,B,2,P2|116|2016-04-03
P2,116,Nike Men's Comfort 2 Slide,2016-04-10,7,25.0,1083,227,B,2,P2|116|2016-04-10
P2,116,Nike Men's Comfort 2 Slide,2016-04-17,10,18.0,1083,93,B,2,P2|116|2016-04-17
P2,116,Nike Men's Comfort 2 Slide,2016-04-24,25,8.0,1083,114,B,2,P2|116|2016-04-24
P2,116,Nike Men's Comfort 2 Slide,2016-05-01,18,35.0,1083,210,B,2,P2|116|2016-05-01
P2,116,Nike Men's Comfort 2 Slide,2016-05-08,6,17.0,1083,200,B,2,P2|116|2016-05-08
P2,116,Nike Men's Comfort 2 Slide,2016-05-15,10,11.0,1083,123,B,2,P2|116|2016-05-15
P2,116,Nike Men's Comfort 2 Slide,2016-05-22,4,1.0,1083,151,B,2,P2|116|2016-05-22
P2,116,Nike Men's Comfort 2 Slide,2016-05-29,8,35.0,1083,243,B,2,P2|116|2016-05-29
P2,116,Nike Men's Comfort 2 Slide,2016-06-05,9,27.0,1083,136,B,2,P2|116|2016-06-05
P2,116,Nike Men's Comfort 2 Slide,2016-06-12,5,18.0,1083,196,B,2,P2|116|2016-06-12
P2,116,Nike Men's Comfort 2 Slide,2016-06-19,11,13.0,1083,201,B,2,P2|116|2016-06-19
P2,116,Nike Men's Comfort 2 Slide,2016-06-26,6,35.0,1083,48,B,2,P2|116|2016-06-26
P2,116,Nike Men's Comfort 2 Slide,2016-07-03,11,29.0,1083,192,B,2,P2|116|2016-07-03
P2,116,Nike Men's Comfort 2 Slide,2016-07-10,0,18.0,1083,193,B,2,P2|116|2016-07-10
P2,116,Nike Men's Comfort 2 Slide,2016-07-17,15,18.0,1083,117,B,2,P2|116|2016-07-17
P2,116,Nike Men's Comfort 2 Slide,2016-07-24,13,35.0,1083,149,B,2,P2|116|2016-07-24
P2,116,Nike Men's Comfort 2 Slide,2016-07-31,8,22.0,1083,154,B,2,P2|116|2016-07-31
P2,116,Nike Men's Comfort 2 Slide,2016-08-07,6,14.0,1083,117,B,2,P2|116|2016-08-07
P2,116,Nike Men's Comfort 2 Slide,2016-08-14,5,8.0,1083,92,B,2,P2|116|2016-08-14
P2,116,Nike Men's Comfort 2 Slide,2016-08-21,0,35.0,1083,141,B,2,P2|116|2016-08-21
P2,116,Nike Men's Comfort 2 Slide,2016-08-28,6,35.0,1083,160,B,2,P2|116|2016-08-28
P2,116,Nike Men's Comfort 2 Slide,2016-09-04,19,29.0,1083,180,B,2,P2|116|2016-09-04
P2,116,Nike Men's Comfort 2 Slide,2016-09-11,6,10.0,1083,163,B,2,P2|116|2016-09-11
P2,116,Nike Men's Comfort 2 Slide,2016-09-18,14,35.0,1083,87,B,2,P2|116|2016-09-18
P2,116,Nike Men's Comfort 2 Slide,2016-09-25,9,21.0,1083,133,B,2,P2|116|2016-09-25
P2,116,Nike Men's Comfort 2 Slide,2016-10-02,2,12.0,1083,157,B,2,P2|116|2016-10-02
P2,116,Nike Men's Comfort 2 Slide,2016-10-09,14,10.0,1083,168,B,2,P2|116|2016-10-09
P2,116,Nike Men's Comfort 2 Slide,2016-10-16,6,35.0,1083,104,B,2,P2|116|2016-10-16
P2,116,Nike Men's Comfort 2 Slide,2016-10-23,4,29.0,1083,98,B,2,P2|116|2016-10-23
P2,116,Nike Men's Comfort 2 Slide,2016-10-30,1,25.0,1083,197,B,2,P2|116|2016-10-30
P2,116,Nike Men's Comfort 2 Slide,2016-11-06,9,24.0,1083,186,B,2,P2|116|2016-11-06
P2,116,Nike Men's Comfort 2 Slide,2016-11-13,9,35.0,1083,232,B,2,P2|116|2016-11-13
P2,116,Nike Men's Comfort 2 Slide,2016-11-20,9,26.0,1083,176,B,2,P2|116|2016-11-20
P2,116,Nike Men's Comfort 2 Slide,2016-11-27,5,17.0,1083,135,B,2,P2|116|2016-11-27
P2,116,Nike Men's Comfort 2 Slide,2016-12-04,14,12.0,1083,118,B,2,P2|116|2016-12-04
P2,116,Nike Men's Comfort 2 Slide,2016-12-11,11,35.0,1083,145,B,2,P2|116|2016-12-11
P2,116,Nike Men's Comfort 2 Slide,2016-12-18,9,24.0,1083,213,B,2,P2|116|2016-12-18
P2,116,Nike Men's Comfort 2 Slide,2016-12-25,9,15.0,1083,124,B,2,P2|116|2016-12-25
P2,116,Nike Men's Comfort 2 Slide,2017-01-01,0,6.0,1083,161,B,2,P2|116|2017-01-01
P2,116,Nike Men's Comfort 2 Slide,2017-01-08,12,35.0,1083,252,B,2,P2|116|2017-01-08
P2,116,Nike Men's Comfort 2 Slide,2017-01-15,8,23.0,1083,105,B,2,P2|116|2017-01-15
P2,116,Nike Men's Comfort 2 Slide,2017-01-22,20,15.0,1083,119,B,2,P2|116|2017-01-22
P2,116,Nike Men's Comfort 2 Slide,2017-01-29,0,0.0,1083,153,B,2,P2|116|2017-01-29
P2,116,Nike Men's Comfort 2 Slide,2017-02-05,19,35.0,1083,96,B,2,P2|116|2017-02-05
P2,116,Nike Men's Comfort 2 Slide,2017-02-12,24,16.0,1083,122,B,2,P2|116|2017-02-12
P2,116,Nike Men's Comfort 2 Slide,2017-02-19,0,0.0,1083,186,B,2,P2|116|2017-02-19
P2,116,Nike Men's Comfort 2 Slide,2017-02-26,4,0.0,1083,103,B,2,P2|116|2017-02-26
P2,116,Nike Men's Comfort 2 Slide,2017-03-05,18,35.0,1083,38,B,2,P2|116|2017-03-05
P2,116,Nike Men's Comfort 2 Slide,2017-03-12,7,17.0,1083,93,B,2,P2|116|2017-03-12
P2,116,Nike Men's Comfort 2 Slide,2017-03-19,7,10.0,1083,208,B,2,P2|116|2017-03-19
P2,116,Nike Men's Comfort 2 Slide,2017-03-26,2,3.0,1083,181,B,2,P2|116|2017-03-26
P2,116,Nike Men's Comfort 2 Slide,2017-04-02,3,35.0,1083,147,B,2,P2|116|2017-04-02
P2,116,Nike Men's Comfort 2 Slide,2017-04-09,8,32.0,1083,160,B,2,P2|116|2017-04-09
P2,116,Nike Men's Comfort 2 Slide,2017-04-16,8,24.0,1083,244,B,2,P2|116|2017-04-16
P2,116,Nike Men's Comfort 2 Slide,2017-04-23,4,16.0,1083,180,B,2,P2|116|2017-04-23
P2,127,Stiga Master Series ST3100 Competition Indoor,2017-09-17,11,135.0,1083,344,C,1,P2|127|2017-09-17
P2,127,Stiga Master Series ST3100 Competition Indoor,2017-09-24,8,124.0,1083,329,C,1,P2|127|2017-09-24
P2,127,Stiga Master Series ST3100 Competition Indoor,2017-10-01,8,116.0,1083,353,C,1,P2|127|2017-10-01
P2,134,Nike Women's Legend V-Neck T-Shirt,2015-01-04,8,99.0,1083,548,C,1,P2|134|2015-01-04
P2,134,Nike Women's Legend V-Neck T-Shirt,2015-01-11,6,91.0,1083,249,C,1,P2|134|2015-01-11
P2,134,Nike Women's Legend V-Neck T-Shirt,2015-01-18,15,85.0,1083,64,C,1,P2|134|2015-01-18
P2,134,Nike Women's Legend V-Neck T-Shirt,2015-01-25,8,70.0,1083,167,C,1,P2|134|2015-01-25
P2,134,Nike Women's Legend V-Neck T-Shirt,2015-02-01,7,62.0,1083,93,C,1,P2|134|2015-02-01
P2,134,Nike Women's Legend V-Neck T-Shirt,2015-02-08,5,55.0,1083,203,C,1,P2|134|2015-02-08
P2,134,Nike Women's Legend V-Neck T-Shirt,2015-02-15,0,50.0,1083,178,C,1,P2|134|2015-02-15
P2,134,Nike Women's Legend V-Neck T-Shirt,2015-02-22,4,50.0,1083,95,C,1,P2|134|2015-02-22
P2,134,Nike Women's Legend V-Neck T-Shirt,2015-03-01,0,46.0,1083,93,C,1,P2|134|2015-03-01
P2,134,Nike Women's Legend V-Neck T-Shirt,2015-03-08,0,46.0,1083,47,C,1,P2|134|2015-03-08
P2,134,Nike Women's Legend V-Neck T-Shirt,2015-03-15,9,46.0,1083,224,C,1,P2|134|2015-03-15
P2,134,Nike Women's Legend V-Neck T-Shirt,2015-03-22,0,37.0,1083,110,C,1,P2|134|2015-03-22
P2,134,Nike Women's Legend V-Neck T-Shirt,2015-03-29,16,37.0,1083,63,C,1,P2|134|2015-03-29
P2,134,Nike Women's Legend V-Neck T-Shirt,2015-04-05,4,21.0,1083,124,C,1,P2|134|2015-04-05
P2,134,Nike Women's Legend V-Neck T-Shirt,2015-04-12,13,17.0,1083,64,C,1,P2|134|2015-04-12
P2,134,Nike Women's Legend V-Neck T-Shirt,2015-04-19,5,4.0,1083,125,C,1,P2|134|2015-04-19
P2,134,Nike Women's Legend V-Neck T-Shirt,2015-04-26,9,20.0,1083,288,C,1,P2|134|2015-04-26
P2,134,Nike Women's Legend V-Neck T-Shirt,2015-05-03,2,11.0,1083,119,C,1,P2|134|2015-05-03
P2,134,Nike Women's Legend V-Neck T-Shirt,2015-05-10,8,9.0,1083,143,C,1,P2|134|2015-05-10
P2,134,Nike Women's Legend V-Neck T-Shirt,2015-05-17,12,1.0,1083,145,C,1,P2|134|2015-05-17
P2,134,Nike Women's Legend V-Neck T-Shirt,2015-05-24,9,20.0,1083,121,C,1,P2|134|2015-05-24
P2,134,Nike Women's Legend V-Neck T-Shirt,2015-05-31,12,11.0,1083,48,C,1,P2|134|2015-05-31
P2,134,Nike Women's Legend V-Neck T-Shirt,2015-06-07,3,0.0,1083,184,C,1,P2|134|2015-06-07
P2,134,Nike Women's Legend V-Neck T-Shirt,2015-06-14,11,0.0,1083,256,C,1,P2|134|2015-06-14
P2,134,Nike Women's Legend V-Neck T-Shirt,2015-06-21,2,20.0,1083,196,C,1,P2|134|2015-06-21
P2,134,Nike Women's Legend V-Neck T-Shirt,2015-06-28,8,18.0,1083,183,C,1,P2|134|2015-06-28
P2,134,Nike Women's Legend V-Neck T-Shirt,2015-07-05,9,10.0,1083,139,C,1,P2|134|2015-07-05
P2,134,Nike Women's Legend V-Neck T-Shirt,2015-07-12,10,1.0,1083,89,C,1,P2|134|2015-07-12
P2,134,Nike Women's Legend V-Neck T-Shirt,2015-07-19,4,20.0,1083,87,C,1,P2|134|2015-07-19
P2,134,Nike Women's Legend V-Neck T-Shirt,2015-07-26,15,16.0,1083,132,C,1,P2|134|2015-07-26
P2,134,Nike Women's Legend V-Neck T-Shirt,2015-08-02,2,1.0,1083,148,C,1,P2|134|2015-08-02
P2,134,Nike Women's Legend V-Neck T-Shirt,2015-08-09,12,0.0,1083,184,C,1,P2|134|2015-08-09
P2,134,Nike Women's Legend V-Neck T-Shirt,2015-08-16,3,20.0,1083,113,C,1,P2|134|2015-08-16
P2,134,Nike Women's Legend V-Neck T-Shirt,2015-08-23,1,17.0,1083,168,C,1,P2|134|2015-08-23
P2,134,Nike Women's Legend V-Neck T-Shirt,2015-08-30,15,16.0,1083,125,C,1,P2|134|2015-08-30
P2,134,Nike Women's Legend V-Neck T-Shirt,2015-09-06,10,1.0,1083,181,C,1,P2|134|2015-09-06
P2,134,Nike Women's Legend V-Neck T-Shirt,2015-09-13,5,20.0,1083,240,C,1,P2|134|2015-09-13
P2,134,Nike Women's Legend V-Neck T-Shirt,2015-09-20,7,15.0,1083,116,C,1,P2|134|2015-09-20
P2,134,Nike Women's Legend V-Neck T-Shirt,2015-09-27,10,8.0,1083,35,C,1,P2|134|2015-09-27
P2,134,Nike Women's Legend V-Neck T-Shirt,2015-10-04,3,0.0,1083,240,C,1,P2|134|2015-10-04
P2,134,Nike Women's Legend V-Neck T-Shirt,2015-10-11,4,20.0,1083,116,C,1,P2|134|2015-10-11
P2,134,Nike Women's Legend V-Neck T-Shirt,2015-10-18,14,16.0,1083,53,C,1,P2|134|2015-10-18
P2,134,Nike Women's Legend V-Neck T-Shirt,2015-10-25,2,2.0,1083,220,C,1,P2|134|2015-10-25
P2,134,Nike Women's Legend V-Neck T-Shirt,2015-11-01,9,0.0,1083,186,C,1,P2|134|2015-11-01
P2,134,Nike Women's Legend V-Neck T-Shirt,2015-11-08,5,20.0,1083,125,C,1,P2|134|2015-11-08
P2,134,Nike Women's Legend V-Neck T-Shirt,2015-11-15,9,15.0,1083,113,C,1,P2|134|2015-11-15
P2,134,Nike Women's Legend V-Neck T-Shirt,2015-11-22,7,6.0,1083,124,C,1,P2|134|2015-11-22
P2,134,Nike Women's Legend V-Neck T-Shirt,2015-11-29,3,0.0,1083,225,C,1,P2|134|2015-11-29
P2,134,Nike Women's Legend V-Neck T-Shirt,2015-12-06,5,20.0,1083,124,C,1,P2|134|2015-12-06
P2,134,Nike Women's Legend V-Neck T-Shirt,2015-12-13,21,15.0,1083,232,C,1,P2|134|2015-12-13
P2,134,Nike Women's Legend V-Neck T-Shirt,2015-12-20,12,0.0,1083,141,C,1,P2|134|2015-12-20
P2,134,Nike Women's Legend V-Neck T-Shirt,2015-12-27,6,0.0,1083,83,C,1,P2|134|2015-12-27
P2,134,Nike Women's Legend V-Neck T-Shirt,2016-01-03,5,20.0,1083,127,C,1,P2|134|2016-01-03
P2,134,Nike Women's Legend V-Neck T-Shirt,2016-01-10,14,15.0,1083,150,C,1,P2|134|2016-01-10
P2,134,Nike Women's Legend V-Neck T-Shirt,2016-01-17,3,1.0,1083,245,C,1,P2|134|2016-01-17
P2,134,Nike Women's Legend V-Neck T-Shirt,2016-01-24,1,0.0,1083,156,C,1,P2|134|2016-01-24
P2,134,Nike Women's Legend V-Neck T-Shirt,2016-01-31,10,20.0,1083,129,C,1,P2|134|2016-01-31
P2,134,Nike Women's Legend V-Neck T-Shirt,2016-02-07,3,10.0,1083,290,C,1,P2|134|2016-02-07
P2,134,Nike Women's Legend V-Neck T-Shirt,2016-02-14,4,7.0,1083,111,C,1,P2|134|2016-02-14
P2,134,Nike Women's Legend V-Neck T-Shirt,2016-02-21,1,3.0,1083,205,C,1,P2|134|2016-02-21
P2,134,Nike Women's Legend V-Neck T-Shirt,2016-02-28,1,20.0,1083,165,C,1,P2|134|2016-02-28
P2,134,Nike Women's Legend V-Neck T-Shirt,2016-03-06,2,19.0,1083,112,C,1,P2|134|2016-03-06
P2,134,Nike Women's Legend V-Neck T-Shirt,2016-03-13,20,17.0,1083,255,C,1,P2|134|2016-03-13
P2,134,Nike Women's Legend V-Neck T-Shirt,2016-03-20,3,0.0,1083,244,C,1,P2|134|2016-03-20
P2,134,Nike Women's Legend V-Neck T-Shirt,2016-03-27,5,20.0,1083,199,C,1,P2|134|2016-03-27
P2,134,Nike Women's Legend V-Neck T-Shirt,2016-04-03,7,15.0,1083,70,C,1,P2|134|2016-04-03
P2,134,Nike Women's Legend V-Neck T-Shirt,2016-04-10,2,8.0,1083,227,C,1,P2|134|2016-04-10
P2,134,Nike Women's Legend V-Neck T-Shirt,2016-04-17,11,6.0,1083,93,C,1,P2|134|2016-04-17
P2,134,Nike Women's Legend V-Neck T-Shirt,2016-04-24,5,20.0,1083,114,C,1,P2|134|2016-04-24
P2,134,Nike Women's Legend V-Neck T-Shirt,2016-05-01,4,15.0,1083,210,C,1,P2|134|2016-05-01
P2,134,Nike Women's Legend V-Neck T-Shirt,2016-05-08,3,11.0,1083,200,C,1,P2|134|2016-05-08
P2,134,Nike Women's Legend V-Neck T-Shirt,2016-05-15,11,8.0,1083,123,C,1,P2|134|2016-05-15
P2,134,Nike Women's Legend V-Neck T-Shirt,2016-05-22,5,20.0,1083,151,C,1,P2|134|2016-05-22
P2,134,Nike Women's Legend V-Neck T-Shirt,2016-05-29,0,15.0,1083,243,C,1,P2|134|2016-05-29
P2,134,Nike Women's Legend V-Neck T-Shirt,2016-06-05,5,15.0,1083,136,C,1,P2|134|2016-06-05
P2,134,Nike Women's Legend V-Neck T-Shirt,2016-06-12,17,10.0,1083,196,C,1,P2|134|2016-06-12
P2,134,Nike Women's Legend V-Neck T-Shirt,2016-06-19,4,20.0,1083,201,C,1,P2|134|2016-06-19
P2,134,Nike Women's Legend V-Neck T-Shirt,2016-06-26,10,16.0,1083,48,C,1,P2|134|2016-06-26
P2,134,Nike Women's Legend V-Neck T-Shirt,2016-07-03,11,6.0,1083,192,C,1,P2|134|2016-07-03
P2,134,Nike Women's Legend V-Neck T-Shirt,2016-07-10,9,0.0,1083,193,C,1,P2|134|2016-07-10
P2,134,Nike Women's Legend V-Neck T-Shirt,2016-07-17,1,20.0,1083,117,C,1,P2|134|2016-07-17
P2,134,Nike Women's Legend V-Neck T-Shirt,2016-07-24,19,19.0,1083,149,C,1,P2|134|2016-07-24
P2,134,Nike Women's Legend V-Neck T-Shirt,2016-07-31,4,0.0,1083,154,C,1,P2|134|2016-07-31
P2,134,Nike Women's Legend V-Neck T-Shirt,2016-08-07,2,0.0,1083,117,C,1,P2|134|2016-08-07
P2,134,Nike Women's Legend V-Neck T-Shirt,2016-08-14,18,20.0,1083,92,C,1,P2|134|2016-08-14
P2,134,Nike Women's Legend V-Neck T-Shirt,2016-08-21,8,2.0,1083,141,C,1,P2|134|2016-08-21
P2,134,Nike Women's Legend V-Neck T-Shirt,2016-08-28,7,0.0,1083,160,C,1,P2|134|2016-08-28
P2,134,Nike Women's Legend V-Neck T-Shirt,2016-09-04,6,0.0,1083,180,C,1,P2|134|2016-09-04
P2,134,Nike Women's Legend V-Neck T-Shirt,2016-09-11,16,20.0,1083,163,C,1,P2|134|2016-09-11
P2,134,Nike Women's Legend V-Neck T-Shirt,2016-09-18,8,4.0,1083,87,C,1,P2|134|2016-09-18
P2,134,Nike Women's Legend V-Neck T-Shirt,2016-09-25,4,0.0,1083,133,C,1,P2|134|2016-09-25
P2,134,Nike Women's Legend V-Neck T-Shirt,2016-10-02,8,0.0,1083,157,C,1,P2|134|2016-10-02
P2,134,Nike Women's Legend V-Neck T-Shirt,2016-10-09,0,20.0,1083,168,C,1,P2|134|2016-10-09
P2,134,Nike Women's Legend V-Neck T-Shirt,2016-10-16,12,20.0,1083,104,C,1,P2|134|2016-10-16
P2,134,Nike Women's Legend V-Neck T-Shirt,2016-10-23,1,8.0,1083,98,C,1,P2|134|2016-10-23
P2,134,Nike Women's Legend V-Neck T-Shirt,2016-10-30,3,7.0,1083,197,C,1,P2|134|2016-10-30
P2,134,Nike Women's Legend V-Neck T-Shirt,2016-11-06,7,20.0,1083,186,C,1,P2|134|2016-11-06
P2,134,Nike Women's Legend V-Neck T-Shirt,2016-11-13,12,13.0,1083,232,C,1,P2|134|2016-11-13
P2,134,Nike Women's Legend V-Neck T-Shirt,2016-11-20,4,1.0,1083,176,C,1,P2|134|2016-11-20
P2,134,Nike Women's Legend V-Neck T-Shirt,2016-11-27,7,0.0,1083,135,C,1,P2|134|2016-11-27
P2,134,Nike Women's Legend V-Neck T-Shirt,2016-12-04,2,20.0,1083,118,C,1,P2|134|2016-12-04
P2,134,Nike Women's Legend V-Neck T-Shirt,2016-12-11,6,18.0,1083,145,C,1,P2|134|2016-12-11
P2,134,Nike Women's Legend V-Neck T-Shirt,2016-12-18,6,12.0,1083,213,C,1,P2|134|2016-12-18
P2,134,Nike Women's Legend V-Neck T-Shirt,2016-12-25,4,6.0,1083,124,C,1,P2|134|2016-12-25
P2,134,Nike Women's Legend V-Neck T-Shirt,2017-01-01,1,20.0,1083,161,C,1,P2|134|2017-01-01
P2,134,Nike Women's Legend V-Neck T-Shirt,2017-01-08,5,19.0,1083,252,C,1,P2|134|2017-01-08
P2,134,Nike Women's Legend V-Neck T-Shirt,2017-01-15,7,14.0,1083,105,C,1,P2|134|2017-01-15
P2,134,Nike Women's Legend V-Neck T-Shirt,2017-01-22,0,7.0,1083,119,C,1,P2|134|2017-01-22
P2,134,Nike Women's Legend V-Neck T-Shirt,2017-01-29,0,20.0,1083,153,C,1,P2|134|2017-01-29
P2,134,Nike Women's Legend V-Neck T-Shirt,2017-02-05,12,20.0,1083,96,C,1,P2|134|2017-02-05
P2,134,Nike Women's Legend V-Neck T-Shirt,2017-02-12,11,8.0,1083,122,C,1,P2|134|2017-02-12
P2,134,Nike Women's Legend V-Neck T-Shirt,2017-02-19,1,0.0,1083,186,C,1,P2|134|2017-02-19
P2,134,Nike Women's Legend V-Neck T-Shirt,2017-02-26,11,20.0,1083,103,C,1,P2|134|2017-02-26
P2,134,Nike Women's Legend V-Neck T-Shirt,2017-03-05,5,9.0,1083,38,C,1,P2|134|2017-03-05
P2,134,Nike Women's Legend V-Neck T-Shirt,2017-03-12,7,4.0,1083,93,C,1,P2|134|2017-03-12
P2,134,Nike Women's Legend V-Neck T-Shirt,2017-03-19,0,0.0,1083,208,C,1,P2|134|2017-03-19
P2,134,Nike Women's Legend V-Neck T-Shirt,2017-03-26,0,20.0,1083,181,C,1,P2|134|2017-03-26
P2,134,Nike Women's Legend V-Neck T-Shirt,2017-04-02,4,20.0,1083,147,C,1,P2|134|2017-04-02
P2,134,Nike Women's Legend V-Neck T-Shirt,2017-04-09,6,16.0,1083,160,C,1,P2|134|2017-04-09
P2,134,Nike Women's Legend V-Neck T-Shirt,2017-04-16,5,10.0,1083,244,C,1,P2|134|2017-04-16
P2,134,Nike Women's Legend V-Neck T-Shirt,2017-04-23,6,20.0,1083,180,C,1,P2|134|2017-04-23
P2,135,Nike Dri-FIT Crew Sock 6 Pack,2015-01-04,11,109.0,1083,548,C,1,P2|135|2015-01-04
P2,135,Nike Dri-FIT Crew Sock 6 Pack,2015-01-11,10,98.0,1083,249,C,1,P2|135|2015-01-11
P2,135,Nike Dri-FIT Crew Sock 6 Pack,2015-01-18,3,88.0,1083,64,C,1,P2|135|2015-01-18
P2,135,Nike Dri-FIT Crew Sock 6 Pack,2015-01-25,5,85.0,1083,167,C,1,P2|135|2015-01-25
P2,135,Nike Dri-FIT Crew Sock 6 Pack,2015-02-01,3,80.0,1083,93,C,1,P2|135|2015-02-01
P2,135,Nike Dri-FIT Crew Sock 6 Pack,2015-02-08,15,77.0,1083,203,C,1,P2|135|2015-02-08
P2,135,Nike Dri-FIT Crew Sock 6 Pack,2015-02-15,26,62.0,1083,178,C,1,P2|135|2015-02-15
P2,135,Nike Dri-FIT Crew Sock 6 Pack,2015-02-22,10,36.0,1083,95,C,1,P2|135|2015-02-22
P2,135,Nike Dri-FIT Crew Sock 6 Pack,2015-03-01,10,26.0,1083,93,C,1,P2|135|2015-03-01
P2,135,Nike Dri-FIT Crew Sock 6 Pack,2015-03-08,8,16.0,1083,47,C,1,P2|135|2015-03-08
P2,135,Nike Dri-FIT Crew Sock 6 Pack,2015-03-15,2,8.0,1083,224,C,1,P2|135|2015-03-15
P2,135,Nike Dri-FIT Crew Sock 6 Pack,2015-03-22,7,6.0,1083,110,C,1,P2|135|2015-03-22
P2,135,Nike Dri-FIT Crew Sock 6 Pack,2015-03-29,3,22.0,1083,63,C,1,P2|135|2015-03-29
P2,135,Nike Dri-FIT Crew Sock 6 Pack,2015-04-05,4,19.0,1083,124,C,1,P2|135|2015-04-05
P2,135,Nike Dri-FIT Crew Sock 6 Pack,2015-04-12,8,15.0,1083,64,C,1,P2|135|2015-04-12
P2,135,Nike Dri-FIT Crew Sock 6 Pack,2015-04-19,2,7.0,1083,125,C,1,P2|135|2015-04-19
P2,135,Nike Dri-FIT Crew Sock 6 Pack,2015-04-26,3,22.0,1083,288,C,1,P2|135|2015-04-26
P2,135,Nike Dri-FIT Crew Sock 6 Pack,2015-05-03,8,19.0,1083,119,C,1,P2|135|2015-05-03
P2,135,Nike Dri-FIT Crew Sock 6 Pack,2015-05-10,11,11.0,1083,143,C,1,P2|135|2015-05-10
P2,135,Nike Dri-FIT Crew Sock 6 Pack,2015-05-17,14,0.0,1083,145,C,1,P2|135|2015-05-17
P2,135,Nike Dri-FIT Crew Sock 6 Pack,2015-05-24,7,22.0,1083,121,C,1,P2|135|2015-05-24
P2,135,Nike Dri-FIT Crew Sock 6 Pack,2015-05-31,4,15.0,1083,48,C,1,P2|135|2015-05-31
P2,135,Nike Dri-FIT Crew Sock 6 Pack,2015-06-07,3,11.0,1083,184,C,1,P2|135|2015-06-07
P2,135,Nike Dri-FIT Crew Sock 6 Pack,2015-06-14,15,8.0,1083,256,C,1,P2|135|2015-06-14
P2,135,Nike Dri-FIT Crew Sock 6 Pack,2015-06-21,4,22.0,1083,196,C,1,P2|135|2015-06-21
P2,135,Nike Dri-FIT Crew Sock 6 Pack,2015-06-28,11,18.0,1083,183,C,1,P2|135|2015-06-28
P2,135,Nike Dri-FIT Crew Sock 6 Pack,2015-07-05,6,7.0,1083,139,C,1,P2|135|2015-07-05
P2,135,Nike Dri-FIT Crew Sock 6 Pack,2015-07-12,0,1.0,1083,89,C,1,P2|135|2015-07-12
P2,135,Nike Dri-FIT Crew Sock 6 Pack,2015-07-19,15,22.0,1083,87,C,1,P2|135|2015-07-19
P2,135,Nike Dri-FIT Crew Sock 6 Pack,2015-07-26,3,7.0,1083,132,C,1,P2|135|2015-07-26
P2,135,Nike Dri-FIT Crew Sock 6 Pack,2015-08-02,0,4.0,1083,148,C,1,P2|135|2015-08-02
P2,135,Nike Dri-FIT Crew Sock 6 Pack,2015-08-09,22,4.0,1083,184,C,1,P2|135|2015-08-09
P2,135,Nike Dri-FIT Crew Sock 6 Pack,2015-08-16,9,22.0,1083,113,C,1,P2|135|2015-08-16
P2,135,Nike Dri-FIT Crew Sock 6 Pack,2015-08-23,1,13.0,1083,168,C,1,P2|135|2015-08-23
P2,135,Nike Dri-FIT Crew Sock 6 Pack,2015-08-30,19,12.0,1083,125,C,1,P2|135|2015-08-30
P2,135,Nike Dri-FIT Crew Sock 6 Pack,2015-09-06,17,0.0,1083,181,C,1,P2|135|2015-09-06
P2,135,Nike Dri-FIT Crew Sock 6 Pack,2015-09-13,7,22.0,1083,240,C,1,P2|135|2015-09-13
P2,135,Nike Dri-FIT Crew Sock 6 Pack,2015-09-20,0,15.0,1083,116,C,1,P2|135|2015-09-20
P2,135,Nike Dri-FIT Crew Sock 6 Pack,2015-09-27,4,15.0,1083,35,C,1,P2|135|2015-09-27
P2,135,Nike Dri-FIT Crew Sock 6 Pack,2015-10-04,1,11.0,1083,240,C,1,P2|135|2015-10-04
P2,135,Nike Dri-FIT Crew Sock 6 Pack,2015-10-11,8,22.0,1083,116,C,1,P2|135|2015-10-11
P2,135,Nike Dri-FIT Crew Sock 6 Pack,2015-10-18,18,14.0,1083,53,C,1,P2|135|2015-10-18
P2,135,Nike Dri-FIT Crew Sock 6 Pack,2015-10-25,5,0.0,1083,220,C,1,P2|135|2015-10-25
P2,135,Nike Dri-FIT Crew Sock 6 Pack,2015-11-01,7,0.0,1083,186,C,1,P2|135|2015-11-01
P2,135,Nike Dri-FIT Crew Sock 6 Pack,2015-11-08,11,22.0,1083,125,C,1,P2|135|2015-11-08
P2,135,Nike Dri-FIT Crew Sock 6 Pack,2015-11-15,6,11.0,1083,113,C,1,P2|135|2015-11-15
P2,135,Nike Dri-FIT Crew Sock 6 Pack,2015-11-22,8,5.0,1083,124,C,1,P2|135|2015-11-22
P2,135,Nike Dri-FIT Crew Sock 6 Pack,2015-11-29,3,0.0,1083,225,C,1,P2|135|2015-11-29
P2,135,Nike Dri-FIT Crew Sock 6 Pack,2015-12-06,14,22.0,1083,124,C,1,P2|135|2015-12-06
P2,135,Nike Dri-FIT Crew Sock 6 Pack,2015-12-13,10,8.0,1083,232,C,1,P2|135|2015-12-13
P2,135,Nike Dri-FIT Crew Sock 6 Pack,2015-12-20,7,0.0,1083,141,C,1,P2|135|2015-12-20
P2,135,Nike Dri-FIT Crew Sock 6 Pack,2015-12-27,2,0.0,1083,83,C,1,P2|135|2015-12-27
P2,135,Nike Dri-FIT Crew Sock 6 Pack,2016-01-03,12,22.0,1083,127,C,1,P2|135|2016-01-03
P2,135,Nike Dri-FIT Crew Sock 6 Pack,2016-01-10,1,10.0,1083,150,C,1,P2|135|2016-01-10
P2,135,Nike Dri-FIT Crew Sock 6 Pack,2016-01-17,18,9.0,1083,245,C,1,P2|135|2016-01-17
P2,135,Nike Dri-FIT Crew Sock 6 Pack,2016-01-24,18,0.0,1083,156,C,1,P2|135|2016-01-24
P2,135,Nike Dri-FIT Crew Sock 6 Pack,2016-01-31,7,22.0,1083,129,C,1,P2|135|2016-01-31
P2,135,Nike Dri-FIT Crew Sock 6 Pack,2016-02-07,2,15.0,1083,290,C,1,P2|135|2016-02-07
P2,135,Nike Dri-FIT Crew Sock 6 Pack,2016-02-14,10,13.0,1083,111,C,1,P2|135|2016-02-14
P2,135,Nike Dri-FIT Crew Sock 6 Pack,2016-02-21,9,3.0,1083,205,C,1,P2|135|2016-02-21
P2,135,Nike Dri-FIT Crew Sock 6 Pack,2016-02-28,4,22.0,1083,165,C,1,P2|135|2016-02-28
P2,135,Nike Dri-FIT Crew Sock 6 Pack,2016-03-06,3,18.0,1083,112,C,1,P2|135|2016-03-06
P2,135,Nike Dri-FIT Crew Sock 6 Pack,2016-03-13,4,15.0,1083,255,C,1,P2|135|2016-03-13
P2,135,Nike Dri-FIT Crew Sock 6 Pack,2016-03-20,8,11.0,1083,244,C,1,P2|135|2016-03-20
P2,135,Nike Dri-FIT Crew Sock 6 Pack,2016-03-27,4,22.0,1083,199,C,1,P2|135|2016-03-27
P2,135,Nike Dri-FIT Crew Sock 6 Pack,2016-04-03,2,18.0,1083,70,C,1,P2|135|2016-04-03
P2,135,Nike Dri-FIT Crew Sock 6 Pack,2016-04-10,0,16.0,1083,227,C,1,P2|135|2016-04-10
P2,135,Nike Dri-FIT Crew Sock 6 Pack,2016-04-17,6,16.0,1083,93,C,1,P2|135|2016-04-17
P2,135,Nike Dri-FIT Crew Sock 6 Pack,2016-04-24,5,22.0,1083,114,C,1,P2|135|2016-04-24
P2,135,Nike Dri-FIT Crew Sock 6 Pack,2016-05-01,2,17.0,1083,210,C,1,P2|135|2016-05-01
P2,135,Nike Dri-FIT Crew Sock 6 Pack,2016-05-08,8,15.0,1083,200,C,1,P2|135|2016-05-08
P2,135,Nike Dri-FIT Crew Sock 6 Pack,2016-05-15,16,7.0,1083,123,C,1,P2|135|2016-05-15
P2,135,Nike Dri-FIT Crew Sock 6 Pack,2016-05-22,0,22.0,1083,151,C,1,P2|135|2016-05-22
P2,135,Nike Dri-FIT Crew Sock 6 Pack,2016-05-29,4,22.0,1083,243,C,1,P2|135|2016-05-29
P2,135,Nike Dri-FIT Crew Sock 6 Pack,2016-06-05,16,18.0,1083,136,C,1,P2|135|2016-06-05
P2,135,Nike Dri-FIT Crew Sock 6 Pack,2016-06-12,9,2.0,1083,196,C,1,P2|135|2016-06-12
P2,135,Nike Dri-FIT Crew Sock 6 Pack,2016-06-19,10,22.0,1083,201,C,1,P2|135|2016-06-19
P2,135,Nike Dri-FIT Crew Sock 6 Pack,2016-06-26,11,12.0,1083,48,C,1,P2|135|2016-06-26
P2,135,Nike Dri-FIT Crew Sock 6 Pack,2016-07-03,3,1.0,1083,192,C,1,P2|135|2016-07-03
P2,135,Nike Dri-FIT Crew Sock 6 Pack,2016-07-10,3,0.0,1083,193,C,1,P2|135|2016-07-10
P2,135,Nike Dri-FIT Crew Sock 6 Pack,2016-07-17,9,22.0,1083,117,C,1,P2|135|2016-07-17
P2,135,Nike Dri-FIT Crew Sock 6 Pack,2016-07-24,3,13.0,1083,149,C,1,P2|135|2016-07-24
P2,135,Nike Dri-FIT Crew Sock 6 Pack,2016-07-31,13,10.0,1083,154,C,1,P2|135|2016-07-31
P2,135,Nike Dri-FIT Crew Sock 6 Pack,2016-08-07,18,0.0,1083,117,C,1,P2|135|2016-08-07
P2,135,Nike Dri-FIT Crew Sock 6 Pack,2016-08-14,4,22.0,1083,92,C,1,P2|135|2016-08-14
P2,135,Nike Dri-FIT Crew Sock 6 Pack,2016-08-21,4,18.0,1083,141,C,1,P2|135|2016-08-21
P2,135,Nike Dri-FIT Crew Sock 6 Pack,2016-08-28,4,14.0,1083,160,C,1,P2|135|2016-08-28
P2,135,Nike Dri-FIT Crew Sock 6 Pack,2016-09-04,5,10.0,1083,180,C,1,P2|135|2016-09-04
P2,135,Nike Dri-FIT Crew Sock 6 Pack,2016-09-11,5,22.0,1083,163,C,1,P2|135|2016-09-11
P2,135,Nike Dri-FIT Crew Sock 6 Pack,2016-09-18,8,17.0,1083,87,C,1,P2|135|2016-09-18
P2,135,Nike Dri-FIT Crew Sock 6 Pack,2016-09-25,0,9.0,1083,133,C,1,P2|135|2016-09-25
P2,135,Nike Dri-FIT Crew Sock 6 Pack,2016-10-02,0,9.0,1083,157,C,1,P2|135|2016-10-02
P2,135,Nike Dri-FIT Crew Sock 6 Pack,2016-10-09,9,22.0,1083,168,C,1,P2|135|2016-10-09
P2,135,Nike Dri-FIT Crew Sock 6 Pack,2016-10-16,9,13.0,1083,104,C,1,P2|135|2016-10-16
P2,135,Nike Dri-FIT Crew Sock 6 Pack,2016-10-23,9,4.0,1083,98,C,1,P2|135|2016-10-23
P2,135,Nike Dri-FIT Crew Sock 6 Pack,2016-10-30,6,0.0,1083,197,C,1,P2|135|2016-10-30
P2,135,Nike Dri-FIT Crew Sock 6 Pack,2016-11-06,6,22.0,1083,186,C,1,P2|135|2016-11-06
P2,135,Nike Dri-FIT Crew Sock 6 Pack,2016-11-13,10,16.0,1083,232,C,1,P2|135|2016-11-13
P2,135,Nike Dri-FIT Crew Sock 6 Pack,2016-11-20,6,6.0,1083,176,C,1,P2|135|2016-11-20
P2,135,Nike Dri-FIT Crew Sock 6 Pack,2016-11-27,5,0.0,1083,135,C,1,P2|135|2016-11-27
P2,135,Nike Dri-FIT Crew Sock 6 Pack,2016-12-04,9,22.0,1083,118,C,1,P2|135|2016-12-04
P2,135,Nike Dri-FIT Crew Sock 6 Pack,2016-12-11,0,13.0,1083,145,C,1,P2|135|2016-12-11
P2,135,Nike Dri-FIT Crew Sock 6 Pack,2016-12-18,11,13.0,1083,213,C,1,P2|135|2016-12-18
P2,135,Nike Dri-FIT Crew Sock 6 Pack,2016-12-25,18,2.0,1083,124,C,1,P2|135|2016-12-25
P2,135,Nike Dri-FIT Crew Sock 6 Pack,2017-01-01,7,22.0,1083,161,C,1,P2|135|2017-01-01
P2,135,Nike Dri-FIT Crew Sock 6 Pack,2017-01-08,5,15.0,1083,252,C,1,P2|135|2017-01-08
P2,135,Nike Dri-FIT Crew Sock 6 Pack,2017-01-15,2,10.0,1083,105,C,1,P2|135|2017-01-15
P2,135,Nike Dri-FIT Crew Sock 6 Pack,2017-01-22,4,8.0,1083,119,C,1,P2|135|2017-01-22
P2,135,Nike Dri-FIT Crew Sock 6 Pack,2017-01-29,4,22.0,1083,153,C,1,P2|135|2017-01-29
P2,135,Nike Dri-FIT Crew Sock 6 Pack,2017-02-05,10,18.0,1083,96,C,1,P2|135|2017-02-05
P2,135,Nike Dri-FIT Crew Sock 6 Pack,2017-02-12,14,8.0,1083,122,C,1,P2|135|2017-02-12
P2,135,Nike Dri-FIT Crew Sock 6 Pack,2017-02-19,8,0.0,1083,186,C,1,P2|135|2017-02-19
P2,135,Nike Dri-FIT Crew Sock 6 Pack,2017-02-26,4,22.0,1083,103,C,1,P2|135|2017-02-26
P2,135,Nike Dri-FIT Crew Sock 6 Pack,2017-03-05,11,18.0,1083,38,C,1,P2|135|2017-03-05
P2,135,Nike Dri-FIT Crew Sock 6 Pack,2017-03-12,11,7.0,1083,93,C,1,P2|135|2017-03-12
P2,135,Nike Dri-FIT Crew Sock 6 Pack,2017-03-19,5,0.0,1083,208,C,1,P2|135|2017-03-19
P2,135,Nike Dri-FIT Crew Sock 6 Pack,2017-03-26,5,22.0,1083,181,C,1,P2|135|2017-03-26
P2,135,Nike Dri-FIT Crew Sock 6 Pack,2017-04-02,7,17.0,1083,147,C,1,P2|135|2017-04-02
P2,135,Nike Dri-FIT Crew Sock 6 Pack,2017-04-09,3,10.0,1083,160,C,1,P2|135|2017-04-09
P2,135,Nike Dri-FIT Crew Sock 6 Pack,2017-04-16,0,7.0,1083,244,C,1,P2|135|2017-04-16
P2,135,Nike Dri-FIT Crew Sock 6 Pack,2017-04-23,7,22.0,1083,180,C,1,P2|135|2017-04-23
P2,295,Fitbit The One Wireless Activity & Sleep Trac,2017-04-30,8,140.0,1083,285,C,1,P2|295|2017-04-30
P2,295,Fitbit The One Wireless Activity & Sleep Trac,2017-05-07,2,132.0,1083,287,C,1,P2|295|2017-05-07
P2,295,Fitbit The One Wireless Activity & Sleep Trac,2017-05-14,11,130.0,1083,277,C,1,P2|295|2017-05-14
P2,295,Fitbit The One Wireless Activity & Sleep Trac,2017-05-21,4,119.0,1083,262,C,1,P2|295|2017-05-21
P2,295,Fitbit The One Wireless Activity & Sleep Trac,2017-05-28,8,115.0,1083,329,C,1,P2|295|2017-05-28
P2,295,Fitbit The One Wireless Activity & Sleep Trac,2017-06-04,12,107.0,1083,237,C,1,P2|295|2017-06-04
P2,295,Fitbit The One Wireless Activity & Sleep Trac,2017-06-11,6,95.0,1083,307,C,1,P2|295|2017-06-11
P2,295,Fitbit The One Wireless Activity & Sleep Trac,2017-06-18,14,89.0,1083,317,C,1,P2|295|2017-06-18
P2,295,Fitbit The One Wireless Activity & Sleep Trac,2017-06-25,0,75.0,1083,224,C,1,P2|295|2017-06-25
P2,295,Fitbit The One Wireless Activity & Sleep Trac,2017-07-02,6,75.0,1083,207,C,1,P2|295|2017-07-02
P2,295,Fitbit The One Wireless Activity & Sleep Trac,2017-07-09,12,69.0,1083,290,C,1,P2|295|2017-07-09
P2,295,Fitbit The One Wireless Activity & Sleep Trac,2017-07-16,14,57.0,1083,359,C,1,P2|295|2017-07-16
P2,295,Fitbit The One Wireless Activity & Sleep Trac,2017-07-23,9,43.0,1083,226,C,1,P2|295|2017-07-23
P2,295,Fitbit The One Wireless Activity & Sleep Trac,2017-07-30,7,34.0,1083,322,C,1,P2|295|2017-07-30
P2,295,Fitbit The One Wireless Activity & Sleep Trac,2017-08-06,9,27.0,1083,212,C,1,P2|295|2017-08-06
P2,295,Fitbit The One Wireless Activity & Sleep Trac,2017-08-13,9,18.0,1083,309,C,1,P2|295|2017-08-13
P2,295,Fitbit The One Wireless Activity & Sleep Trac,2017-08-20,13,28.0,1083,291,C,1,P2|295|2017-08-20
P2,295,Fitbit The One Wireless Activity & Sleep Trac,2017-08-27,19,15.0,1083,270,C,1,P2|295|2017-08-27
P2,295,Fitbit The One Wireless Activity & Sleep Trac,2017-09-03,4,0.0,1083,226,C,1,P2|295|2017-09-03
P2,295,Fitbit The One Wireless Activity & Sleep Trac,2017-09-10,20,0.0,1083,233,C,1,P2|295|2017-09-10
P2,303,Garmin Forerunner 910XT GPS Watch,2017-09-17,14,175.0,1083,344,C,1,P2|303|2017-09-17
P2,303,Garmin Forerunner 910XT GPS Watch,2017-09-24,16,161.0,1083,329,C,1,P2|303|2017-09-24
P2,303,Garmin Forerunner 910XT GPS Watch,2017-10-01,5,145.0,1083,353,C,1,P2|303|2017-10-01
P2,305,Mio ALPHA Heart Rate Monitor/Sport Watch,2017-04-30,3,50.0,1083,285,C,1,P2|305|2017-04-30
P2,305,Mio ALPHA Heart Rate Monitor/Sport Watch,2017-05-07,6,47.0,1083,287,C,1,P2|305|2017-05-07
P2,305,Mio ALPHA Heart Rate Monitor/Sport Watch,2017-05-14,3,41.0,1083,277,C,1,P2|305|2017-05-14
P2,305,Mio ALPHA Heart Rate Monitor/Sport Watch,2017-05-21,3,38.0,1083,262,C,1,P2|305|2017-05-21
P2,305,Mio ALPHA Heart Rate Monitor/Sport Watch,2017-05-28,4,35.0,1083,329,C,1,P2|305|2017-05-28
P2,305,Mio ALPHA Heart Rate Monitor/Sport Watch,2017-06-04,3,31.0,1083,237,C,1,P2|305|2017-06-04
P2,305,Mio ALPHA Heart Rate Monitor/Sport Watch,2017-06-11,1,28.0,1083,307,C,1,P2|305|2017-06-11
P2,305,Mio ALPHA Heart Rate Monitor/Sport Watch,2017-06-18,3,27.0,1083,317,C,1,P2|305|2017-06-18
P2,305,Mio ALPHA Heart Rate Monitor/Sport Watch,2017-06-25,3,24.0,1083,224,C,1,P2|305|2017-06-25
P2,305,Mio ALPHA Heart Rate Monitor/Sport Watch,2017-07-02,4,21.0,1083,207,C,1,P2|305|2017-07-02
P2,305,Mio ALPHA Heart Rate Monitor/Sport Watch,2017-07-09,2,17.0,1083,290,C,1,P2|305|2017-07-09
P2,305,Mio ALPHA Heart Rate Monitor/Sport Watch,2017-07-16,2,15.0,1083,359,C,1,P2|305|2017-07-16
P2,305,Mio ALPHA Heart Rate Monitor/Sport Watch,2017-07-23,7,13.0,1083,226,C,1,P2|305|2017-07-23
P2,305,Mio ALPHA Heart Rate Monitor/Sport Watch,2017-07-30,6,6.0,1083,322,C,1,P2|305|2017-07-30
P2,305,Mio ALPHA Heart Rate Monitor/Sport Watch,2017-08-06,3,0.0,1083,212,C,1,P2|305|2017-08-06
P2,305,Mio ALPHA Heart Rate Monitor/Sport Watch,2017-08-13,1,0.0,1083,309,C,1,P2|305|2017-08-13
P2,305,Mio ALPHA Heart Rate Monitor/Sport Watch,2017-08-20,3,10.0,1083,291,C,1,P2|305|2017-08-20
P2,305,Mio ALPHA Heart Rate Monitor/Sport Watch,2017-08-27,2,7.0,1083,270,C,1,P2|305|2017-08-27
P2,305,Mio ALPHA Heart Rate Monitor/Sport Watch,2017-09-03,2,5.0,1083,226,C,1,P2|305|2017-09-03
P2,305,Mio ALPHA Heart Rate Monitor/Sport Watch,2017-09-10,6,3.0,1083,233,C,1,P2|305|2017-09-10
P2,306,Polar FT4 Heart Rate Monitor,2017-04-23,3,140.0,1083,180,C,1,P2|306|2017-04-23
P2,306,Polar FT4 Heart Rate Monitor,2017-04-30,4,137.0,1083,285,C,1,P2|306|2017-04-30
P2,306,Polar FT4 Heart Rate Monitor,2017-05-07,12,133.0,1083,287,C,1,P2|306|2017-05-07
P2,306,Polar FT4 Heart Rate Monitor,2017-05-14,4,121.0,1083,277,C,1,P2|306|2017-05-14
P2,306,Polar FT4 Heart Rate Monitor,2017-05-21,3,117.0,1083,262,C,1,P2|306|2017-05-21
P2,306,Polar FT4 Heart Rate Monitor,2017-05-28,21,114.0,1083,329,C,1,P2|306|2017-05-28
P2,306,Polar FT4 Heart Rate Monitor,2017-06-04,18,93.0,1083,237,C,1,P2|306|2017-06-04
P2,306,Polar FT4 Heart Rate Monitor,2017-06-11,9,75.0,1083,307,C,1,P2|306|2017-06-11
P2,306,Polar FT4 Heart Rate Monitor,2017-06-18,11,66.0,1083,317,C,1,P2|306|2017-06-18
P2,306,Polar FT4 Heart Rate Monitor,2017-06-25,26,55.0,1083,224,C,1,P2|306|2017-06-25
P2,306,Polar FT4 Heart Rate Monitor,2017-07-02,2,29.0,1083,207,C,1,P2|306|2017-07-02
P2,306,Polar FT4 Heart Rate Monitor,2017-07-09,4,27.0,1083,290,C,1,P2|306|2017-07-09
P2,306,Polar FT4 Heart Rate Monitor,2017-07-16,5,28.0,1083,359,C,1,P2|306|2017-07-16
P2,306,Polar FT4 Heart Rate Monitor,2017-07-23,4,23.0,1083,226,C,1,P2|306|2017-07-23
P2,306,Polar FT4 Heart Rate Monitor,2017-07-30,2,19.0,1083,322,C,1,P2|306|2017-07-30
P2,306,Polar FT4 Heart Rate Monitor,2017-08-06,3,17.0,1083,212,C,1,P2|306|2017-08-06
P2,306,Polar FT4 Heart Rate Monitor,2017-08-13,11,28.0,1083,309,C,1,P2|306|2017-08-13
P2,306,Polar FT4 Heart Rate Monitor,2017-08-20,11,17.0,1083,291,C,1,P2|306|2017-08-20
P2,306,Polar FT4 Heart Rate Monitor,2017-08-27,13,6.0,1083,270,C,1,P2|306|2017-08-27
P2,306,Polar FT4 Heart Rate Monitor,2017-09-03,17,0.0,1083,226,C,1,P2|306|2017-09-03
P2,306,Polar FT4 Heart Rate Monitor,2017-09-10,13,28.0,1083,233,C,1,P2|306|2017-09-10
P2,311,Polar Loop Activity Tracker,2017-04-30,4,40.0,1083,285,C,1,P2|311|2017-04-30
P2,311,Polar Loop Activity Tracker,2017-05-07,3,36.0,1083,287,C,1,P2|311|2017-05-07
P2,311,Polar Loop Activity Tracker,2017-05-14,4,33.0,1083,277,C,1,P2|311|2017-05-14
P2,311,Polar Loop Activity Tracker,2017-05-21,2,29.0,1083,262,C,1,P2|311|2017-05-21
P2,311,Polar Loop Activity Tracker,2017-05-28,1,27.0,1083,329,C,1,P2|311|2017-05-28
P2,311,Polar Loop Activity Tracker,2017-06-04,2,26.0,1083,237,C,1,P2|311|2017-06-04
P2,311,Polar Loop Activity Tracker,2017-06-11,3,24.0,1083,307,C,1,P2|311|2017-06-11
P2,311,Polar Loop Activity Tracker,2017-06-18,3,21.0,1083,317,C,1,P2|311|2017-06-18
P2,311,Polar Loop Activity Tracker,2017-06-25,2,18.0,1083,224,C,1,P2|311|2017-06-25
P2,311,Polar Loop Activity Tracker,2017-07-02,1,16.0,1083,207,C,1,P2|311|2017-07-02
P2,311,Polar Loop Activity Tracker,2017-07-09,4,15.0,1083,290,C,1,P2|311|2017-07-09
P2,311,Polar Loop Activity Tracker,2017-07-16,5,11.0,1083,359,C,1,P2|311|2017-07-16
P2,311,Polar Loop Activity Tracker,2017-07-23,3,8.0,1083,226,C,1,P2|311|2017-07-23
P2,311,Polar Loop Activity Tracker,2017-07-30,0,5.0,1083,322,C,1,P2|311|2017-07-30
P2,311,Polar Loop Activity Tracker,2017-08-06,2,5.0,1083,212,C,1,P2|311|2017-08-06
P2,311,Polar Loop Activity Tracker,2017-08-13,1,3.0,1083,309,C,1,P2|311|2017-08-13
P2,311,Polar Loop Activity Tracker,2017-08-20,6,8.0,1083,291,C,1,P2|311|2017-08-20
P2,311,Polar Loop Activity Tracker,2017-08-27,4,2.0,1083,270,C,1,P2|311|2017-08-27
P2,311,Polar Loop Activity Tracker,2017-09-03,0,0.0,1083,226,C,1,P2|311|2017-09-03
P2,311,Polar Loop Activity Tracker,2017-09-10,4,0.0,1083,233,C,1,P2|311|2017-09-10
P2,502,Nike Men's Dri-FIT Victory Golf Polo,2015-01-04,223,5582.0,1083,548,A,3,P2|502|2015-01-04
P2,502,Nike Men's Dri-FIT Victory Golf Polo,2015-01-11,378,5359.0,1083,249,A,3,P2|502|2015-01-11
P2,502,Nike Men's Dri-FIT Victory Golf Polo,2015-01-18,488,4981.0,1083,64,A,3,P2|502|2015-01-18
P2,502,Nike Men's Dri-FIT Victory Golf Polo,2015-01-25,380,4493.0,1083,167,A,3,P2|502|2015-01-25
P2,502,Nike Men's Dri-FIT Victory Golf Polo,2015-02-01,483,4113.0,1083,93,A,3,P2|502|2015-02-01
P2,502,Nike Men's Dri-FIT Victory Golf Polo,2015-02-08,396,3630.0,1083,203,A,3,P2|502|2015-02-08
P2,502,Nike Men's Dri-FIT Victory Golf Polo,2015-02-15,410,3234.0,1083,178,A,3,P2|502|2015-02-15
P2,502,Nike Men's Dri-FIT Victory Golf Polo,2015-02-22,504,2824.0,1083,95,A,3,P2|502|2015-02-22
P2,502,Nike Men's Dri-FIT Victory Golf Polo,2015-03-01,468,2791.0,1083,93,A,3,P2|502|2015-03-01
P2,502,Nike Men's Dri-FIT Victory Golf Polo,2015-03-08,433,2323.0,1083,47,A,3,P2|502|2015-03-08
P2,502,Nike Men's Dri-FIT Victory Golf Polo,2015-03-15,411,1890.0,1083,224,A,3,P2|502|2015-03-15
P2,502,Nike Men's Dri-FIT Victory Golf Polo,2015-03-22,436,1479.0,1083,110,A,3,P2|502|2015-03-22
P2,502,Nike Men's Dri-FIT Victory Golf Polo,2015-03-29,488,2791.0,1083,63,A,3,P2|502|2015-03-29
P2,502,Nike Men's Dri-FIT Victory Golf Polo,2015-04-05,470,2303.0,1083,124,A,3,P2|502|2015-04-05
P2,502,Nike Men's Dri-FIT Victory Golf Polo,2015-04-12,514,1833.0,1083,64,A,3,P2|502|2015-04-12
P2,502,Nike Men's Dri-FIT Victory Golf Polo,2015-04-19,481,1319.0,1083,125,A,3,P2|502|2015-04-19
P2,502,Nike Men's Dri-FIT Victory Golf Polo,2015-04-26,378,2791.0,1083,288,A,3,P2|502|2015-04-26
P2,502,Nike Men's Dri-FIT Victory Golf Polo,2015-05-03,459,2413.0,1083,119,A,3,P2|502|2015-05-03
P2,502,Nike Men's Dri-FIT Victory Golf Polo,2015-05-10,402,1954.0,1083,143,A,3,P2|502|2015-05-10
P2,502,Nike Men's Dri-FIT Victory Golf Polo,2015-05-17,417,1552.0,1083,145,A,3,P2|502|2015-05-17
P2,502,Nike Men's Dri-FIT Victory Golf Polo,2015-05-24,431,2791.0,1083,121,A,3,P2|502|2015-05-24
P2,502,Nike Men's Dri-FIT Victory Golf Polo,2015-05-31,482,2360.0,1083,48,A,3,P2|502|2015-05-31
P2,502,Nike Men's Dri-FIT Victory Golf Polo,2015-06-07,394,1878.0,1083,184,A,3,P2|502|2015-06-07
P2,502,Nike Men's Dri-FIT Victory Golf Polo,2015-06-14,411,1484.0,1083,256,A,3,P2|502|2015-06-14
P2,502,Nike Men's Dri-FIT Victory Golf Polo,2015-06-21,398,2791.0,1083,196,A,3,P2|502|2015-06-21
P2,502,Nike Men's Dri-FIT Victory Golf Polo,2015-06-28,432,2393.0,1083,183,A,3,P2|502|2015-06-28
P2,502,Nike Men's Dri-FIT Victory Golf Polo,2015-07-05,449,1961.0,1083,139,A,3,P2|502|2015-07-05
P2,502,Nike Men's Dri-FIT Victory Golf Polo,2015-07-12,475,1512.0,1083,89,A,3,P2|502|2015-07-12
P2,502,Nike Men's Dri-FIT Victory Golf Polo,2015-07-19,531,2791.0,1083,87,A,3,P2|502|2015-07-19
P2,502,Nike Men's Dri-FIT Victory Golf Polo,2015-07-26,425,2260.0,1083,132,A,3,P2|502|2015-07-26
P2,502,Nike Men's Dri-FIT Victory Golf Polo,2015-08-02,482,1835.0,1083,148,A,3,P2|502|2015-08-02
P2,502,Nike Men's Dri-FIT Victory Golf Polo,2015-08-09,416,1353.0,1083,184,A,3,P2|502|2015-08-09
P2,502,Nike Men's Dri-FIT Victory Golf Polo,2015-08-16,465,2791.0,1083,113,A,3,P2|502|2015-08-16
P2,502,Nike Men's Dri-FIT Victory Golf Polo,2015-08-23,439,2326.0,1083,168,A,3,P2|502|2015-08-23
P2,502,Nike Men's Dri-FIT Victory Golf Polo,2015-08-30,439,1887.0,1083,125,A,3,P2|502|2015-08-30
P2,502,Nike Men's Dri-FIT Victory Golf Polo,2015-09-06,399,1448.0,1083,181,A,3,P2|502|2015-09-06
P2,502,Nike Men's Dri-FIT Victory Golf Polo,2015-09-13,380,2791.0,1083,240,A,3,P2|502|2015-09-13
P2,502,Nike Men's Dri-FIT Victory Golf Polo,2015-09-20,455,2411.0,1083,116,A,3,P2|502|2015-09-20
P2,502,Nike Men's Dri-FIT Victory Golf Polo,2015-09-27,527,1956.0,1083,35,A,3,P2|502|2015-09-27
P2,502,Nike Men's Dri-FIT Victory Golf Polo,2015-10-04,425,1429.0,1083,240,A,3,P2|502|2015-10-04
P2,502,Nike Men's Dri-FIT Victory Golf Polo,2015-10-11,474,2791.0,1083,116,A,3,P2|502|2015-10-11
P2,502,Nike Men's Dri-FIT Victory Golf Polo,2015-10-18,501,2317.0,1083,53,A,3,P2|502|2015-10-18
P2,502,Nike Men's Dri-FIT Victory Golf Polo,2015-10-25,427,1816.0,1083,220,A,3,P2|502|2015-10-25
P2,502,Nike Men's Dri-FIT Victory Golf Polo,2015-11-01,352,1389.0,1083,186,A,3,P2|502|2015-11-01
P2,502,Nike Men's Dri-FIT Victory Golf Polo,2015-11-08,448,2791.0,1083,125,A,3,P2|502|2015-11-08
P2,502,Nike Men's Dri-FIT Victory Golf Polo,2015-11-15,427,2343.0,1083,113,A,3,P2|502|2015-11-15
P2,502,Nike Men's Dri-FIT Victory Golf Polo,2015-11-22,405,1916.0,1083,124,A,3,P2|502|2015-11-22
P2,502,Nike Men's Dri-FIT Victory Golf Polo,2015-11-29,367,1511.0,1083,225,A,3,P2|502|2015-11-29
P2,502,Nike Men's Dri-FIT Victory Golf Polo,2015-12-06,441,2791.0,1083,124,A,3,P2|502|2015-12-06
P2,502,Nike Men's Dri-FIT Victory Golf Polo,2015-12-13,371,2350.0,1083,232,A,3,P2|502|2015-12-13
P2,502,Nike Men's Dri-FIT Victory Golf Polo,2015-12-20,381,1979.0,1083,141,A,3,P2|502|2015-12-20
P2,502,Nike Men's Dri-FIT Victory Golf Polo,2015-12-27,495,1598.0,1083,83,A,3,P2|502|2015-12-27
P2,502,Nike Men's Dri-FIT Victory Golf Polo,2016-01-03,479,2791.0,1083,127,A,3,P2|502|2016-01-03
P2,502,Nike Men's Dri-FIT Victory Golf Polo,2016-01-10,469,2312.0,1083,150,A,3,P2|502|2016-01-10
P2,502,Nike Men's Dri-FIT Victory Golf Polo,2016-01-17,449,1843.0,1083,245,A,3,P2|502|2016-01-17
P2,502,Nike Men's Dri-FIT Victory Golf Polo,2016-01-24,481,1394.0,1083,156,A,3,P2|502|2016-01-24
P2,502,Nike Men's Dri-FIT Victory Golf Polo,2016-01-31,468,2791.0,1083,129,A,3,P2|502|2016-01-31
P2,502,Nike Men's Dri-FIT Victory Golf Polo,2016-02-07,375,2323.0,1083,290,A,3,P2|502|2016-02-07
P2,502,Nike Men's Dri-FIT Victory Golf Polo,2016-02-14,486,1948.0,1083,111,A,3,P2|502|2016-02-14
P2,502,Nike Men's Dri-FIT Victory Golf Polo,2016-02-21,409,1462.0,1083,205,A,3,P2|502|2016-02-21
P2,502,Nike Men's Dri-FIT Victory Golf Polo,2016-02-28,392,2791.0,1083,165,A,3,P2|502|2016-02-28
P2,502,Nike Men's Dri-FIT Victory Golf Polo,2016-03-06,462,2399.0,1083,112,A,3,P2|502|2016-03-06
P2,502,Nike Men's Dri-FIT Victory Golf Polo,2016-03-13,361,1937.0,1083,255,A,3,P2|502|2016-03-13
P2,502,Nike Men's Dri-FIT Victory Golf Polo,2016-03-20,409,1576.0,1083,244,A,3,P2|502|2016-03-20
P2,502,Nike Men's Dri-FIT Victory Golf Polo,2016-03-27,425,2791.0,1083,199,A,3,P2|502|2016-03-27
P2,502,Nike Men's Dri-FIT Victory Golf Polo,2016-04-03,448,2366.0,1083,70,A,3,P2|502|2016-04-03
P2,502,Nike Men's Dri-FIT Victory Golf Polo,2016-04-10,386,1918.0,1083,227,A,3,P2|502|2016-04-10
P2,502,Nike Men's Dri-FIT Victory Golf Polo,2016-04-17,418,1532.0,1083,93,A,3,P2|502|2016-04-17
P2,502,Nike Men's Dri-FIT Victory Golf Polo,2016-04-24,469,2791.0,1083,114,A,3,P2|502|2016-04-24
P2,502,Nike Men's Dri-FIT Victory Golf Polo,2016-05-01,384,2322.0,1083,210,A,3,P2|502|2016-05-01
P2,502,Nike Men's Dri-FIT Victory Golf Polo,2016-05-08,444,1938.0,1083,200,A,3,P2|502|2016-05-08
P2,502,Nike Men's Dri-FIT Victory Golf Polo,2016-05-15,415,1494.0,1083,123,A,3,P2|502|2016-05-15
P2,502,Nike Men's Dri-FIT Victory Golf Polo,2016-05-22,445,2791.0,1083,151,A,3,P2|502|2016-05-22
P2,502,Nike Men's Dri-FIT Victory Golf Polo,2016-05-29,419,2346.0,1083,243,A,3,P2|502|2016-05-29
P2,502,Nike Men's Dri-FIT Victory Golf Polo,2016-06-05,456,1927.0,1083,136,A,3,P2|502|2016-06-05
P2,502,Nike Men's Dri-FIT Victory Golf Polo,2016-06-12,486,1471.0,1083,196,A,3,P2|502|2016-06-12
P2,502,Nike Men's Dri-FIT Victory Golf Polo,2016-06-19,375,2791.0,1083,201,A,3,P2|502|2016-06-19
P2,502,Nike Men's Dri-FIT Victory Golf Polo,2016-06-26,486,2416.0,1083,48,A,3,P2|502|2016-06-26
P2,502,Nike Men's Dri-FIT Victory Golf Polo,2016-07-03,373,1930.0,1083,192,A,3,P2|502|2016-07-03
P2,502,Nike Men's Dri-FIT Victory Golf Polo,2016-07-10,417,1557.0,1083,193,A,3,P2|502|2016-07-10
P2,502,Nike Men's Dri-FIT Victory Golf Polo,2016-07-17,441,2791.0,1083,117,A,3,P2|502|2016-07-17
P2,502,Nike Men's Dri-FIT Victory Golf Polo,2016-07-24,457,2350.0,1083,149,A,3,P2|502|2016-07-24
P2,502,Nike Men's Dri-FIT Victory Golf Polo,2016-07-31,494,1893.0,1083,154,A,3,P2|502|2016-07-31
P2,502,Nike Men's Dri-FIT Victory Golf Polo,2016-08-07,497,1399.0,1083,117,A,3,P2|502|2016-08-07
P2,502,Nike Men's Dri-FIT Victory Golf Polo,2016-08-14,503,2791.0,1083,92,A,3,P2|502|2016-08-14
P2,502,Nike Men's Dri-FIT Victory Golf Polo,2016-08-21,432,2288.0,1083,141,A,3,P2|502|2016-08-21
P2,502,Nike Men's Dri-FIT Victory Golf Polo,2016-08-28,425,1856.0,1083,160,A,3,P2|502|2016-08-28
P2,502,Nike Men's Dri-FIT Victory Golf Polo,2016-09-04,438,1431.0,1083,180,A,3,P2|502|2016-09-04
P2,502,Nike Men's Dri-FIT Victory Golf Polo,2016-09-11,412,2791.0,1083,163,A,3,P2|502|2016-09-11
P2,502,Nike Men's Dri-FIT Victory Golf Polo,2016-09-18,477,2379.0,1083,87,A,3,P2|502|2016-09-18
P2,502,Nike Men's Dri-FIT Victory Golf Polo,2016-09-25,467,1902.0,1083,133,A,3,P2|502|2016-09-25
P2,502,Nike Men's Dri-FIT Victory Golf Polo,2016-10-02,482,1435.0,1083,157,A,3,P2|502|2016-10-02
P2,502,Nike Men's Dri-FIT Victory Golf Polo,2016-10-09,397,2791.0,1083,168,A,3,P2|502|2016-10-09
P2,502,Nike Men's Dri-FIT Victory Golf Polo,2016-10-16,471,2394.0,1083,104,A,3,P2|502|2016-10-16
P2,502,Nike Men's Dri-FIT Victory Golf Polo,2016-10-23,473,1923.0,1083,98,A,3,P2|502|2016-10-23
P2,502,Nike Men's Dri-FIT Victory Golf Polo,2016-10-30,414,1450.0,1083,197,A,3,P2|502|2016-10-30
P2,502,Nike Men's Dri-FIT Victory Golf Polo,2016-11-06,445,2791.0,1083,186,A,3,P2|502|2016-11-06
P2,502,Nike Men's Dri-FIT Victory Golf Polo,2016-11-13,394,2346.0,1083,232,A,3,P2|502|2016-11-13
P2,502,Nike Men's Dri-FIT Victory Golf Polo,2016-11-20,376,1952.0,1083,176,A,3,P2|502|2016-11-20
P2,502,Nike Men's Dri-FIT Victory Golf Polo,2016-11-27,468,1576.0,1083,135,A,3,P2|502|2016-11-27
P2,502,Nike Men's Dri-FIT Victory Golf Polo,2016-12-04,422,2791.0,1083,118,A,3,P2|502|2016-12-04
P2,502,Nike Men's Dri-FIT Victory Golf Polo,2016-12-11,464,2369.0,1083,145,A,3,P2|502|2016-12-11
P2,502,Nike Men's Dri-FIT Victory Golf Polo,2016-12-18,382,1905.0,1083,213,A,3,P2|502|2016-12-18
P2,502,Nike Men's Dri-FIT Victory Golf Polo,2016-12-25,420,1523.0,1083,124,A,3,P2|502|2016-12-25
P2,502,Nike Men's Dri-FIT Victory Golf Polo,2017-01-01,482,2791.0,1083,161,A,3,P2|502|2017-01-01
P2,502,Nike Men's Dri-FIT Victory Golf Polo,2017-01-08,377,2309.0,1083,252,A,3,P2|502|2017-01-08
P2,502,Nike Men's Dri-FIT Victory Golf Polo,2017-01-15,510,1932.0,1083,105,A,3,P2|502|2017-01-15
P2,502,Nike Men's Dri-FIT Victory Golf Polo,2017-01-22,479,1422.0,1083,119,A,3,P2|502|2017-01-22
P2,502,Nike Men's Dri-FIT Victory Golf Polo,2017-01-29,414,2791.0,1083,153,A,3,P2|502|2017-01-29
P2,502,Nike Men's Dri-FIT Victory Golf Polo,2017-02-05,455,2377.0,1083,96,A,3,P2|502|2017-02-05
P2,502,Nike Men's Dri-FIT Victory Golf Polo,2017-02-12,467,1922.0,1083,122,A,3,P2|502|2017-02-12
P2,502,Nike Men's Dri-FIT Victory Golf Polo,2017-02-19,465,1455.0,1083,186,A,3,P2|502|2017-02-19
P2,502,Nike Men's Dri-FIT Victory Golf Polo,2017-02-26,514,2791.0,1083,103,A,3,P2|502|2017-02-26
P2,502,Nike Men's Dri-FIT Victory Golf Polo,2017-03-05,530,2277.0,1083,38,A,3,P2|502|2017-03-05
P2,502,Nike Men's Dri-FIT Victory Golf Polo,2017-03-12,512,1747.0,1083,93,A,3,P2|502|2017-03-12
P2,502,Nike Men's Dri-FIT Victory Golf Polo,2017-03-19,406,1235.0,1083,208,A,3,P2|502|2017-03-19
P2,502,Nike Men's Dri-FIT Victory Golf Polo,2017-03-26,425,2791.0,1083,181,A,3,P2|502|2017-03-26
P2,502,Nike Men's Dri-FIT Victory Golf Polo,2017-04-02,445,2366.0,1083,147,A,3,P2|502|2017-04-02
P2,502,Nike Men's Dri-FIT Victory Golf Polo,2017-04-09,375,1921.0,1083,160,A,3,P2|502|2017-04-09
P2,502,Nike Men's Dri-FIT Victory Golf Polo,2017-04-16,405,1546.0,1083,244,A,3,P2|502|2017-04-16
P2,502,Nike Men's Dri-FIT Victory Golf Polo,2017-04-23,389,2791.0,1083,180,A,3,P2|502|2017-04-23
P2,502,Nike Men's Dri-FIT Victory Golf Polo,2017-04-30,417,2402.0,1083,285,A,3,P2|502|2017-04-30
P2,502,Nike Men's Dri-FIT Victory Golf Polo,2017-05-07,425,1985.0,1083,287,A,3,P2|502|2017-05-07
P2,502,Nike Men's Dri-FIT Victory Golf Polo,2017-05-14,399,1560.0,1083,277,A,3,P2|502|2017-05-14
P2,502,Nike Men's Dri-FIT Victory Golf Polo,2017-05-21,438,2791.0,1083,262,A,3,P2|502|2017-05-21
P2,502,Nike Men's Dri-FIT Victory Golf Polo,2017-05-28,372,2353.0,1083,329,A,3,P2|502|2017-05-28
P2,502,Nike Men's Dri-FIT Victory Golf Polo,2017-06-04,464,1981.0,1083,237,A,3,P2|502|2017-06-04
P2,502,Nike Men's Dri-FIT Victory Golf Polo,2017-06-11,407,1517.0,1083,307,A,3,P2|502|2017-06-11
P2,502,Nike Men's Dri-FIT Victory Golf Polo,2017-06-18,414,2791.0,1083,317,A,3,P2|502|2017-06-18
P2,502,Nike Men's Dri-FIT Victory Golf Polo,2017-06-25,457,2377.0,1083,224,A,3,P2|502|2017-06-25
P2,502,Nike Men's Dri-FIT Victory Golf Polo,2017-07-02,506,1920.0,1083,207,A,3,P2|502|2017-07-02
P2,502,Nike Men's Dri-FIT Victory Golf Polo,2017-07-09,419,1414.0,1083,290,A,3,P2|502|2017-07-09
P2,502,Nike Men's Dri-FIT Victory Golf Polo,2017-07-16,378,2791.0,1083,359,A,3,P2|502|2017-07-16
P2,502,Nike Men's Dri-FIT Victory Golf Polo,2017-07-23,465,2413.0,1083,226,A,3,P2|502|2017-07-23
P2,502,Nike Men's Dri-FIT Victory Golf Polo,2017-07-30,383,1948.0,1083,322,A,3,P2|502|2017-07-30
P2,502,Nike Men's Dri-FIT Victory Golf Polo,2017-08-06,483,1565.0,1083,212,A,3,P2|502|2017-08-06
P2,502,Nike Men's Dri-FIT Victory Golf Polo,2017-08-13,423,2791.0,1083,309,A,3,P2|502|2017-08-13
P2,502,Nike Men's Dri-FIT Victory Golf Polo,2017-08-20,403,2368.0,1083,291,A,3,P2|502|2017-08-20
P2,502,Nike Men's Dri-FIT Victory Golf Polo,2017-08-27,470,1965.0,1083,270,A,3,P2|502|2017-08-27
P2,502,Nike Men's Dri-FIT Victory Golf Polo,2017-09-03,447,1495.0,1083,226,A,3,P2|502|2017-09-03
P2,502,Nike Men's Dri-FIT Victory Golf Polo,2017-09-10,452,2791.0,1083,233,A,3,P2|502|2017-09-10
P2,502,Nike Men's Dri-FIT Victory Golf Polo,2017-09-17,429,2339.0,1083,344,A,3,P2|502|2017-09-17
P2,502,Nike Men's Dri-FIT Victory Golf Polo,2017-09-24,461,1910.0,1083,329,A,3,P2|502|2017-09-24
P2,502,Nike Men's Dri-FIT Victory Golf Polo,2017-10-01,469,1449.0,1083,353,A,3,P2|502|2017-10-01
P2,502,Nike Men's Dri-FIT Victory Golf Polo,2017-10-08,25,2791.0,1083,1049,A,3,P2|502|2017-10-08
P2,564,Nike Men's Deutschland Weltmeister Winners Bl,2015-01-04,5,112.0,1083,548,C,1,P2|564|2015-01-04
P2,564,Nike Men's Deutschland Weltmeister Winners Bl,2015-01-11,13,107.0,1083,249,C,1,P2|564|2015-01-11
P2,564,Nike Men's Deutschland Weltmeister Winners Bl,2015-01-18,3,94.0,1083,64,C,1,P2|564|2015-01-18
P2,564,Nike Men's Deutschland Weltmeister Winners Bl,2015-01-25,7,91.0,1083,167,C,1,P2|564|2015-01-25
P2,564,Nike Men's Deutschland Weltmeister Winners Bl,2015-02-01,2,84.0,1083,93,C,1,P2|564|2015-02-01
P2,564,Nike Men's Deutschland Weltmeister Winners Bl,2015-02-08,5,82.0,1083,203,C,1,P2|564|2015-02-08
P2,564,Nike Men's Deutschland Weltmeister Winners Bl,2015-02-15,15,77.0,1083,178,C,1,P2|564|2015-02-15
P2,564,Nike Men's Deutschland Weltmeister Winners Bl,2015-02-22,1,62.0,1083,95,C,1,P2|564|2015-02-22
P2,564,Nike Men's Deutschland Weltmeister Winners Bl,2015-03-01,4,61.0,1083,93,C,1,P2|564|2015-03-01
P2,564,Nike Men's Deutschland Weltmeister Winners Bl,2015-03-08,18,57.0,1083,47,C,1,P2|564|2015-03-08
P2,564,Nike Men's Deutschland Weltmeister Winners Bl,2015-03-15,0,39.0,1083,224,C,1,P2|564|2015-03-15
P2,564,Nike Men's Deutschland Weltmeister Winners Bl,2015-03-22,0,39.0,1083,110,C,1,P2|564|2015-03-22
P2,564,Nike Men's Deutschland Weltmeister Winners Bl,2015-03-29,0,39.0,1083,63,C,1,P2|564|2015-03-29
P2,564,Nike Men's Deutschland Weltmeister Winners Bl,2015-04-05,8,39.0,1083,124,C,1,P2|564|2015-04-05
P2,564,Nike Men's Deutschland Weltmeister Winners Bl,2015-04-12,7,31.0,1083,64,C,1,P2|564|2015-04-12
P2,564,Nike Men's Deutschland Weltmeister Winners Bl,2015-04-19,1,24.0,1083,125,C,1,P2|564|2015-04-19
P2,564,Nike Men's Deutschland Weltmeister Winners Bl,2015-04-26,9,23.0,1083,288,C,1,P2|564|2015-04-26
P2,564,Nike Men's Deutschland Weltmeister Winners Bl,2015-05-03,1,14.0,1083,119,C,1,P2|564|2015-05-03
P2,564,Nike Men's Deutschland Weltmeister Winners Bl,2015-05-10,3,13.0,1083,143,C,1,P2|564|2015-05-10
P2,564,Nike Men's Deutschland Weltmeister Winners Bl,2015-05-17,12,10.0,1083,145,C,1,P2|564|2015-05-17
P2,564,Nike Men's Deutschland Weltmeister Winners Bl,2015-05-24,25,22.0,1083,121,C,1,P2|564|2015-05-24
P2,564,Nike Men's Deutschland Weltmeister Winners Bl,2015-05-31,8,0.0,1083,48,C,1,P2|564|2015-05-31
P2,564,Nike Men's Deutschland Weltmeister Winners Bl,2015-06-07,4,0.0,1083,184,C,1,P2|564|2015-06-07
P2,564,Nike Men's Deutschland Weltmeister Winners Bl,2015-06-14,8,0.0,1083,256,C,1,P2|564|2015-06-14
P2,564,Nike Men's Deutschland Weltmeister Winners Bl,2015-06-21,7,22.0,1083,196,C,1,P2|564|2015-06-21
P2,564,Nike Men's Deutschland Weltmeister Winners Bl,2015-06-28,11,15.0,1083,183,C,1,P2|564|2015-06-28
P2,564,Nike Men's Deutschland Weltmeister Winners Bl,2015-07-05,3,4.0,1083,139,C,1,P2|564|2015-07-05
P2,564,Nike Men's Deutschland Weltmeister Winners Bl,2015-07-12,4,1.0,1083,89,C,1,P2|564|2015-07-12
P2,564,Nike Men's Deutschland Weltmeister Winners Bl,2015-07-19,26,22.0,1083,87,C,1,P2|564|2015-07-19
P2,564,Nike Men's Deutschland Weltmeister Winners Bl,2015-07-26,6,0.0,1083,132,C,1,P2|564|2015-07-26
P2,564,Nike Men's Deutschland Weltmeister Winners Bl,2015-08-02,5,0.0,1083,148,C,1,P2|564|2015-08-02
P2,564,Nike Men's Deutschland Weltmeister Winners Bl,2015-08-09,1,0.0,1083,184,C,1,P2|564|2015-08-09
P2,564,Nike Men's Deutschland Weltmeister Winners Bl,2015-08-16,7,22.0,1083,113,C,1,P2|564|2015-08-16
P2,564,Nike Men's Deutschland Weltmeister Winners Bl,2015-08-23,3,15.0,1083,168,C,1,P2|564|2015-08-23
P2,564,Nike Men's Deutschland Weltmeister Winners Bl,2015-08-30,7,12.0,1083,125,C,1,P2|564|2015-08-30
P2,564,Nike Men's Deutschland Weltmeister Winners Bl,2015-09-06,7,5.0,1083,181,C,1,P2|564|2015-09-06
P2,564,Nike Men's Deutschland Weltmeister Winners Bl,2015-09-13,2,22.0,1083,240,C,1,P2|564|2015-09-13
P2,564,Nike Men's Deutschland Weltmeister Winners Bl,2015-09-20,15,20.0,1083,116,C,1,P2|564|2015-09-20
P2,564,Nike Men's Deutschland Weltmeister Winners Bl,2015-09-27,3,5.0,1083,35,C,1,P2|564|2015-09-27
P2,564,Nike Men's Deutschland Weltmeister Winners Bl,2015-10-04,1,2.0,1083,240,C,1,P2|564|2015-10-04
P2,564,Nike Men's Deutschland Weltmeister Winners Bl,2015-10-11,14,22.0,1083,116,C,1,P2|564|2015-10-11
P2,564,Nike Men's Deutschland Weltmeister Winners Bl,2015-10-18,9,8.0,1083,53,C,1,P2|564|2015-10-18
P2,564,Nike Men's Deutschland Weltmeister Winners Bl,2015-10-25,3,0.0,1083,220,C,1,P2|564|2015-10-25
P2,564,Nike Men's Deutschland Weltmeister Winners Bl,2015-11-01,3,0.0,1083,186,C,1,P2|564|2015-11-01
P2,564,Nike Men's Deutschland Weltmeister Winners Bl,2015-11-08,4,22.0,1083,125,C,1,P2|564|2015-11-08
P2,564,Nike Men's Deutschland Weltmeister Winners Bl,2015-11-15,14,18.0,1083,113,C,1,P2|564|2015-11-15
P2,564,Nike Men's Deutschland Weltmeister Winners Bl,2015-11-22,13,4.0,1083,124,C,1,P2|564|2015-11-22
P2,564,Nike Men's Deutschland Weltmeister Winners Bl,2015-11-29,10,0.0,1083,225,C,1,P2|564|2015-11-29
P2,564,Nike Men's Deutschland Weltmeister Winners Bl,2015-12-06,4,22.0,1083,124,C,1,P2|564|2015-12-06
P2,564,Nike Men's Deutschland Weltmeister Winners Bl,2015-12-13,9,18.0,1083,232,C,1,P2|564|2015-12-13
P2,564,Nike Men's Deutschland Weltmeister Winners Bl,2015-12-20,6,9.0,1083,141,C,1,P2|564|2015-12-20
P2,564,Nike Men's Deutschland Weltmeister Winners Bl,2015-12-27,0,3.0,1083,83,C,1,P2|564|2015-12-27
P2,564,Nike Men's Deutschland Weltmeister Winners Bl,2016-01-03,2,22.0,1083,127,C,1,P2|564|2016-01-03
P2,564,Nike Men's Deutschland Weltmeister Winners Bl,2016-01-10,6,20.0,1083,150,C,1,P2|564|2016-01-10
P2,564,Nike Men's Deutschland Weltmeister Winners Bl,2016-01-17,8,14.0,1083,245,C,1,P2|564|2016-01-17
P2,564,Nike Men's Deutschland Weltmeister Winners Bl,2016-01-24,7,6.0,1083,156,C,1,P2|564|2016-01-24
P2,564,Nike Men's Deutschland Weltmeister Winners Bl,2016-01-31,4,22.0,1083,129,C,1,P2|564|2016-01-31
P2,564,Nike Men's Deutschland Weltmeister Winners Bl,2016-02-07,7,18.0,1083,290,C,1,P2|564|2016-02-07
P2,564,Nike Men's Deutschland Weltmeister Winners Bl,2016-02-14,6,11.0,1083,111,C,1,P2|564|2016-02-14
P2,564,Nike Men's Deutschland Weltmeister Winners Bl,2016-02-21,6,5.0,1083,205,C,1,P2|564|2016-02-21
P2,564,Nike Men's Deutschland Weltmeister Winners Bl,2016-02-28,7,22.0,1083,165,C,1,P2|564|2016-02-28
P2,564,Nike Men's Deutschland Weltmeister Winners Bl,2016-03-06,29,15.0,1083,112,C,1,P2|564|2016-03-06
P2,564,Nike Men's Deutschland Weltmeister Winners Bl,2016-03-13,10,0.0,1083,255,C,1,P2|564|2016-03-13
P2,564,Nike Men's Deutschland Weltmeister Winners Bl,2016-03-20,18,0.0,1083,244,C,1,P2|564|2016-03-20
P2,564,Nike Men's Deutschland Weltmeister Winners Bl,2016-03-27,12,22.0,1083,199,C,1,P2|564|2016-03-27
P2,564,Nike Men's Deutschland Weltmeister Winners Bl,2016-04-03,15,10.0,1083,70,C,1,P2|564|2016-04-03
P2,564,Nike Men's Deutschland Weltmeister Winners Bl,2016-04-10,6,0.0,1083,227,C,1,P2|564|2016-04-10
P2,564,Nike Men's Deutschland Weltmeister Winners Bl,2016-04-17,13,0.0,1083,93,C,1,P2|564|2016-04-17
P2,564,Nike Men's Deutschland Weltmeister Winners Bl,2016-04-24,5,22.0,1083,114,C,1,P2|564|2016-04-24
P2,564,Nike Men's Deutschland Weltmeister Winners Bl,2016-05-01,4,17.0,1083,210,C,1,P2|564|2016-05-01
P2,564,Nike Men's Deutschland Weltmeister Winners Bl,2016-05-08,12,13.0,1083,200,C,1,P2|564|2016-05-08
P2,564,Nike Men's Deutschland Weltmeister Winners Bl,2016-05-15,5,1.0,1083,123,C,1,P2|564|2016-05-15
P2,564,Nike Men's Deutschland Weltmeister Winners Bl,2016-05-22,3,22.0,1083,151,C,1,P2|564|2016-05-22
P2,564,Nike Men's Deutschland Weltmeister Winners Bl,2016-05-29,8,19.0,1083,243,C,1,P2|564|2016-05-29
P2,564,Nike Men's Deutschland Weltmeister Winners Bl,2016-06-05,2,11.0,1083,136,C,1,P2|564|2016-06-05
P2,564,Nike Men's Deutschland Weltmeister Winners Bl,2016-06-12,4,9.0,1083,196,C,1,P2|564|2016-06-12
P2,564,Nike Men's Deutschland Weltmeister Winners Bl,2016-06-19,10,22.0,1083,201,C,1,P2|564|2016-06-19
P2,564,Nike Men's Deutschland Weltmeister Winners Bl,2016-06-26,27,12.0,1083,48,C,1,P2|564|2016-06-26
P2,564,Nike Men's Deutschland Weltmeister Winners Bl,2016-07-03,7,0.0,1083,192,C,1,P2|564|2016-07-03
P2,564,Nike Men's Deutschland Weltmeister Winners Bl,2016-07-10,2,0.0,1083,193,C,1,P2|564|2016-07-10
P2,564,Nike Men's Deutschland Weltmeister Winners Bl,2016-07-17,15,22.0,1083,117,C,1,P2|564|2016-07-17
P2,564,Nike Men's Deutschland Weltmeister Winners Bl,2016-07-24,10,7.0,1083,149,C,1,P2|564|2016-07-24
P2,564,Nike Men's Deutschland Weltmeister Winners Bl,2016-07-31,9,0.0,1083,154,C,1,P2|564|2016-07-31
P2,564,Nike Men's Deutschland Weltmeister Winners Bl,2016-08-07,9,0.0,1083,117,C,1,P2|564|2016-08-07
P2,564,Nike Men's Deutschland Weltmeister Winners Bl,2016-08-14,25,22.0,1083,92,C,1,P2|564|2016-08-14
P2,564,Nike Men's Deutschland Weltmeister Winners Bl,2016-08-21,13,0.0,1083,141,C,1,P2|564|2016-08-21
P2,564,Nike Men's Deutschland Weltmeister Winners Bl,2016-08-28,4,0.0,1083,160,C,1,P2|564|2016-08-28
P2,564,Nike Men's Deutschland Weltmeister Winners Bl,2016-09-04,15,0.0,1083,180,C,1,P2|564|2016-09-04
P2,564,Nike Men's Deutschland Weltmeister Winners Bl,2016-09-11,6,22.0,1083,163,C,1,P2|564|2016-09-11
P2,564,Nike Men's Deutschland Weltmeister Winners Bl,2016-09-18,9,16.0,1083,87,C,1,P2|564|2016-09-18
P2,564,Nike Men's Deutschland Weltmeister Winners Bl,2016-09-25,7,7.0,1083,133,C,1,P2|564|2016-09-25
P2,564,Nike Men's Deutschland Weltmeister Winners Bl,2016-10-02,0,0.0,1083,157,C,1,P2|564|2016-10-02
P2,564,Nike Men's Deutschland Weltmeister Winners Bl,2016-10-09,7,22.0,1083,168,C,1,P2|564|2016-10-09
P2,564,Nike Men's Deutschland Weltmeister Winners Bl,2016-10-16,5,15.0,1083,104,C,1,P2|564|2016-10-16
P2,564,Nike Men's Deutschland Weltmeister Winners Bl,2016-10-23,6,10.0,1083,98,C,1,P2|564|2016-10-23
P2,564,Nike Men's Deutschland Weltmeister Winners Bl,2016-10-30,12,4.0,1083,197,C,1,P2|564|2016-10-30
P2,564,Nike Men's Deutschland Weltmeister Winners Bl,2016-11-06,9,22.0,1083,186,C,1,P2|564|2016-11-06
P2,564,Nike Men's Deutschland Weltmeister Winners Bl,2016-11-13,4,13.0,1083,232,C,1,P2|564|2016-11-13
P2,564,Nike Men's Deutschland Weltmeister Winners Bl,2016-11-20,0,9.0,1083,176,C,1,P2|564|2016-11-20
P2,564,Nike Men's Deutschland Weltmeister Winners Bl,2016-11-27,5,9.0,1083,135,C,1,P2|564|2016-11-27
P2,564,Nike Men's Deutschland Weltmeister Winners Bl,2016-12-04,10,22.0,1083,118,C,1,P2|564|2016-12-04
P2,564,Nike Men's Deutschland Weltmeister Winners Bl,2016-12-11,13,12.0,1083,145,C,1,P2|564|2016-12-11
P2,564,Nike Men's Deutschland Weltmeister Winners Bl,2016-12-18,9,0.0,1083,213,C,1,P2|564|2016-12-18
P2,564,Nike Men's Deutschland Weltmeister Winners Bl,2016-12-25,5,0.0,1083,124,C,1,P2|564|2016-12-25
P2,564,Nike Men's Deutschland Weltmeister Winners Bl,2017-01-01,6,22.0,1083,161,C,1,P2|564|2017-01-01
P2,564,Nike Men's Deutschland Weltmeister Winners Bl,2017-01-08,3,16.0,1083,252,C,1,P2|564|2017-01-08
P2,564,Nike Men's Deutschland Weltmeister Winners Bl,2017-01-15,4,13.0,1083,105,C,1,P2|564|2017-01-15
P2,564,Nike Men's Deutschland Weltmeister Winners Bl,2017-01-22,11,9.0,1083,119,C,1,P2|564|2017-01-22
P2,564,Nike Men's Deutschland Weltmeister Winners Bl,2017-01-29,2,22.0,1083,153,C,1,P2|564|2017-01-29
P2,564,Nike Men's Deutschland Weltmeister Winners Bl,2017-02-05,4,20.0,1083,96,C,1,P2|564|2017-02-05
P2,564,Nike Men's Deutschland Weltmeister Winners Bl,2017-02-12,2,16.0,1083,122,C,1,P2|564|2017-02-12
P2,564,Nike Men's Deutschland Weltmeister Winners Bl,2017-02-19,10,14.0,1083,186,C,1,P2|564|2017-02-19
P2,564,Nike Men's Deutschland Weltmeister Winners Bl,2017-02-26,9,22.0,1083,103,C,1,P2|564|2017-02-26
P2,564,Nike Men's Deutschland Weltmeister Winners Bl,2017-03-05,3,13.0,1083,38,C,1,P2|564|2017-03-05
P2,564,Nike Men's Deutschland Weltmeister Winners Bl,2017-03-12,8,10.0,1083,93,C,1,P2|564|2017-03-12
P2,564,Nike Men's Deutschland Weltmeister Winners Bl,2017-03-19,2,2.0,1083,208,C,1,P2|564|2017-03-19
P2,564,Nike Men's Deutschland Weltmeister Winners Bl,2017-03-26,5,22.0,1083,181,C,1,P2|564|2017-03-26
P2,564,Nike Men's Deutschland Weltmeister Winners Bl,2017-04-02,8,17.0,1083,147,C,1,P2|564|2017-04-02
P2,564,Nike Men's Deutschland Weltmeister Winners Bl,2017-04-09,2,9.0,1083,160,C,1,P2|564|2017-04-09
P2,564,Nike Men's Deutschland Weltmeister Winners Bl,2017-04-16,5,7.0,1083,244,C,1,P2|564|2017-04-16
P2,564,Nike Men's Deutschland Weltmeister Winners Bl,2017-04-23,15,22.0,1083,180,C,1,P2|564|2017-04-23
P2,565,adidas Youth Germany Black/Red Away Match Soc,2015-01-04,4,103.0,1083,548,B,2,P2|565|2015-01-04
P2,565,adidas Youth Germany Black/Red Away Match Soc,2015-01-11,3,99.0,1083,249,B,2,P2|565|2015-01-11
P2,565,adidas Youth Germany Black/Red Away Match Soc,2015-01-18,8,96.0,1083,64,B,2,P2|565|2015-01-18
P2,565,adidas Youth Germany Black/Red Away Match Soc,2015-01-25,10,88.0,1083,167,B,2,P2|565|2015-01-25
P2,565,adidas Youth Germany Black/Red Away Match Soc,2015-02-01,26,78.0,1083,93,B,2,P2|565|2015-02-01
P2,565,adidas Youth Germany Black/Red Away Match Soc,2015-02-08,6,52.0,1083,203,B,2,P2|565|2015-02-08
P2,565,adidas Youth Germany Black/Red Away Match Soc,2015-02-15,11,46.0,1083,178,B,2,P2|565|2015-02-15
P2,565,adidas Youth Germany Black/Red Away Match Soc,2015-02-22,11,35.0,1083,95,B,2,P2|565|2015-02-22
P2,565,adidas Youth Germany Black/Red Away Match Soc,2015-03-01,0,34.0,1083,93,B,2,P2|565|2015-03-01
P2,565,adidas Youth Germany Black/Red Away Match Soc,2015-03-08,1,34.0,1083,47,B,2,P2|565|2015-03-08
P2,565,adidas Youth Germany Black/Red Away Match Soc,2015-03-15,9,33.0,1083,224,B,2,P2|565|2015-03-15
P2,565,adidas Youth Germany Black/Red Away Match Soc,2015-03-22,8,24.0,1083,110,B,2,P2|565|2015-03-22
P2,565,adidas Youth Germany Black/Red Away Match Soc,2015-03-29,15,34.0,1083,63,B,2,P2|565|2015-03-29
P2,565,adidas Youth Germany Black/Red Away Match Soc,2015-04-05,10,19.0,1083,124,B,2,P2|565|2015-04-05
P2,565,adidas Youth Germany Black/Red Away Match Soc,2015-04-12,21,9.0,1083,64,B,2,P2|565|2015-04-12
P2,565,adidas Youth Germany Black/Red Away Match Soc,2015-04-19,10,0.0,1083,125,B,2,P2|565|2015-04-19
P2,565,adidas Youth Germany Black/Red Away Match Soc,2015-04-26,4,34.0,1083,288,B,2,P2|565|2015-04-26
P2,565,adidas Youth Germany Black/Red Away Match Soc,2015-05-03,2,30.0,1083,119,B,2,P2|565|2015-05-03
P2,565,adidas Youth Germany Black/Red Away Match Soc,2015-05-10,9,28.0,1083,143,B,2,P2|565|2015-05-10
P2,565,adidas Youth Germany Black/Red Away Match Soc,2015-05-17,10,19.0,1083,145,B,2,P2|565|2015-05-17
P2,565,adidas Youth Germany Black/Red Away Match Soc,2015-05-24,2,34.0,1083,121,B,2,P2|565|2015-05-24
P2,565,adidas Youth Germany Black/Red Away Match Soc,2015-05-31,8,32.0,1083,48,B,2,P2|565|2015-05-31
P2,565,adidas Youth Germany Black/Red Away Match Soc,2015-06-07,0,24.0,1083,184,B,2,P2|565|2015-06-07
P2,565,adidas Youth Germany Black/Red Away Match Soc,2015-06-14,11,24.0,1083,256,B,2,P2|565|2015-06-14
P2,565,adidas Youth Germany Black/Red Away Match Soc,2015-06-21,17,34.0,1083,196,B,2,P2|565|2015-06-21
P2,565,adidas Youth Germany Black/Red Away Match Soc,2015-06-28,13,17.0,1083,183,B,2,P2|565|2015-06-28
P2,565,adidas Youth Germany Black/Red Away Match Soc,2015-07-05,5,4.0,1083,139,B,2,P2|565|2015-07-05
P2,565,adidas Youth Germany Black/Red Away Match Soc,2015-07-12,1,0.0,1083,89,B,2,P2|565|2015-07-12
P2,565,adidas Youth Germany Black/Red Away Match Soc,2015-07-19,9,34.0,1083,87,B,2,P2|565|2015-07-19
P2,565,adidas Youth Germany Black/Red Away Match Soc,2015-07-26,2,25.0,1083,132,B,2,P2|565|2015-07-26
P2,565,adidas Youth Germany Black/Red Away Match Soc,2015-08-02,7,23.0,1083,148,B,2,P2|565|2015-08-02
P2,565,adidas Youth Germany Black/Red Away Match Soc,2015-08-09,4,16.0,1083,184,B,2,P2|565|2015-08-09
P2,565,adidas Youth Germany Black/Red Away Match Soc,2015-08-16,3,34.0,1083,113,B,2,P2|565|2015-08-16
P2,565,adidas Youth Germany Black/Red Away Match Soc,2015-08-23,5,31.0,1083,168,B,2,P2|565|2015-08-23
P2,565,adidas Youth Germany Black/Red Away Match Soc,2015-08-30,8,26.0,1083,125,B,2,P2|565|2015-08-30
P2,565,adidas Youth Germany Black/Red Away Match Soc,2015-09-06,1,18.0,1083,181,B,2,P2|565|2015-09-06
P2,565,adidas Youth Germany Black/Red Away Match Soc,2015-09-13,12,34.0,1083,240,B,2,P2|565|2015-09-13
P2,565,adidas Youth Germany Black/Red Away Match Soc,2015-09-20,9,22.0,1083,116,B,2,P2|565|2015-09-20
P2,565,adidas Youth Germany Black/Red Away Match Soc,2015-09-27,11,13.0,1083,35,B,2,P2|565|2015-09-27
P2,565,adidas Youth Germany Black/Red Away Match Soc,2015-10-04,3,2.0,1083,240,B,2,P2|565|2015-10-04
P2,565,adidas Youth Germany Black/Red Away Match Soc,2015-10-11,6,34.0,1083,116,B,2,P2|565|2015-10-11
P2,565,adidas Youth Germany Black/Red Away Match Soc,2015-10-18,5,28.0,1083,53,B,2,P2|565|2015-10-18
P2,565,adidas Youth Germany Black/Red Away Match Soc,2015-10-25,20,23.0,1083,220,B,2,P2|565|2015-10-25
P2,565,adidas Youth Germany Black/Red Away Match Soc,2015-11-01,14,3.0,1083,186,B,2,P2|565|2015-11-01
P2,565,adidas Youth Germany Black/Red Away Match Soc,2015-11-08,2,34.0,1083,125,B,2,P2|565|2015-11-08
P2,565,adidas Youth Germany Black/Red Away Match Soc,2015-11-15,5,32.0,1083,113,B,2,P2|565|2015-11-15
P2,565,adidas Youth Germany Black/Red Away Match Soc,2015-11-22,13,27.0,1083,124,B,2,P2|565|2015-11-22
P2,565,adidas Youth Germany Black/Red Away Match Soc,2015-11-29,9,14.0,1083,225,B,2,P2|565|2015-11-29
P2,565,adidas Youth Germany Black/Red Away Match Soc,2015-12-06,11,34.0,1083,124,B,2,P2|565|2015-12-06
P2,565,adidas Youth Germany Black/Red Away Match Soc,2015-12-13,10,23.0,1083,232,B,2,P2|565|2015-12-13
P2,565,adidas Youth Germany Black/Red Away Match Soc,2015-12-20,10,13.0,1083,141,B,2,P2|565|2015-12-20
P2,565,adidas Youth Germany Black/Red Away Match Soc,2015-12-27,16,3.0,1083,83,B,2,P2|565|2015-12-27
P2,565,adidas Youth Germany Black/Red Away Match Soc,2016-01-03,8,34.0,1083,127,B,2,P2|565|2016-01-03
P2,565,adidas Youth Germany Black/Red Away Match Soc,2016-01-10,4,26.0,1083,150,B,2,P2|565|2016-01-10
P2,565,adidas Youth Germany Black/Red Away Match Soc,2016-01-17,0,22.0,1083,245,B,2,P2|565|2016-01-17
P2,565,adidas Youth Germany Black/Red Away Match Soc,2016-01-24,9,22.0,1083,156,B,2,P2|565|2016-01-24
P2,565,adidas Youth Germany Black/Red Away Match Soc,2016-01-31,5,34.0,1083,129,B,2,P2|565|2016-01-31
P2,565,adidas Youth Germany Black/Red Away Match Soc,2016-02-07,7,29.0,1083,290,B,2,P2|565|2016-02-07
P2,565,adidas Youth Germany Black/Red Away Match Soc,2016-02-14,11,22.0,1083,111,B,2,P2|565|2016-02-14
P2,565,adidas Youth Germany Black/Red Away Match Soc,2016-02-21,21,11.0,1083,205,B,2,P2|565|2016-02-21
P2,565,adidas Youth Germany Black/Red Away Match Soc,2016-02-28,17,34.0,1083,165,B,2,P2|565|2016-02-28
P2,565,adidas Youth Germany Black/Red Away Match Soc,2016-03-06,0,17.0,1083,112,B,2,P2|565|2016-03-06
P2,565,adidas Youth Germany Black/Red Away Match Soc,2016-03-13,17,17.0,1083,255,B,2,P2|565|2016-03-13
P2,565,adidas Youth Germany Black/Red Away Match Soc,2016-03-20,7,0.0,1083,244,B,2,P2|565|2016-03-20
P2,565,adidas Youth Germany Black/Red Away Match Soc,2016-03-27,9,34.0,1083,199,B,2,P2|565|2016-03-27
P2,565,adidas Youth Germany Black/Red Away Match Soc,2016-04-03,11,25.0,1083,70,B,2,P2|565|2016-04-03
P2,565,adidas Youth Germany Black/Red Away Match Soc,2016-04-10,1,14.0,1083,227,B,2,P2|565|2016-04-10
P2,565,adidas Youth Germany Black/Red Away Match Soc,2016-04-17,13,13.0,1083,93,B,2,P2|565|2016-04-17
P2,565,adidas Youth Germany Black/Red Away Match Soc,2016-04-24,5,34.0,1083,114,B,2,P2|565|2016-04-24
P2,565,adidas Youth Germany Black/Red Away Match Soc,2016-05-01,13,29.0,1083,210,B,2,P2|565|2016-05-01
P2,565,adidas Youth Germany Black/Red Away Match Soc,2016-05-08,6,16.0,1083,200,B,2,P2|565|2016-05-08
P2,565,adidas Youth Germany Black/Red Away Match Soc,2016-05-15,5,10.0,1083,123,B,2,P2|565|2016-05-15
P2,565,adidas Youth Germany Black/Red Away Match Soc,2016-05-22,5,34.0,1083,151,B,2,P2|565|2016-05-22
P2,565,adidas Youth Germany Black/Red Away Match Soc,2016-05-29,0,29.0,1083,243,B,2,P2|565|2016-05-29
P2,565,adidas Youth Germany Black/Red Away Match Soc,2016-06-05,6,29.0,1083,136,B,2,P2|565|2016-06-05
P2,565,adidas Youth Germany Black/Red Away Match Soc,2016-06-12,12,23.0,1083,196,B,2,P2|565|2016-06-12
P2,565,adidas Youth Germany Black/Red Away Match Soc,2016-06-19,6,34.0,1083,201,B,2,P2|565|2016-06-19
P2,565,adidas Youth Germany Black/Red Away Match Soc,2016-06-26,7,28.0,1083,48,B,2,P2|565|2016-06-26
P2,565,adidas Youth Germany Black/Red Away Match Soc,2016-07-03,0,21.0,1083,192,B,2,P2|565|2016-07-03
P2,565,adidas Youth Germany Black/Red Away Match Soc,2016-07-10,5,21.0,1083,193,B,2,P2|565|2016-07-10
P2,565,adidas Youth Germany Black/Red Away Match Soc,2016-07-17,11,34.0,1083,117,B,2,P2|565|2016-07-17
P2,565,adidas Youth Germany Black/Red Away Match Soc,2016-07-24,6,23.0,1083,149,B,2,P2|565|2016-07-24
P2,565,adidas Youth Germany Black/Red Away Match Soc,2016-07-31,17,17.0,1083,154,B,2,P2|565|2016-07-31
P2,565,adidas Youth Germany Black/Red Away Match Soc,2016-08-07,2,0.0,1083,117,B,2,P2|565|2016-08-07
P2,565,adidas Youth Germany Black/Red Away Match Soc,2016-08-14,10,34.0,1083,92,B,2,P2|565|2016-08-14
P2,565,adidas Youth Germany Black/Red Away Match Soc,2016-08-21,7,24.0,1083,141,B,2,P2|565|2016-08-21
P2,565,adidas Youth Germany Black/Red Away Match Soc,2016-08-28,7,17.0,1083,160,B,2,P2|565|2016-08-28
P2,565,adidas Youth Germany Black/Red Away Match Soc,2016-09-04,3,10.0,1083,180,B,2,P2|565|2016-09-04
P2,565,adidas Youth Germany Black/Red Away Match Soc,2016-09-11,11,34.0,1083,163,B,2,P2|565|2016-09-11
P2,565,adidas Youth Germany Black/Red Away Match Soc,2016-09-18,7,23.0,1083,87,B,2,P2|565|2016-09-18
P2,565,adidas Youth Germany Black/Red Away Match Soc,2016-09-25,7,16.0,1083,133,B,2,P2|565|2016-09-25
P2,565,adidas Youth Germany Black/Red Away Match Soc,2016-10-02,15,9.0,1083,157,B,2,P2|565|2016-10-02
P2,565,adidas Youth Germany Black/Red Away Match Soc,2016-10-09,13,34.0,1083,168,B,2,P2|565|2016-10-09
P2,565,adidas Youth Germany Black/Red Away Match Soc,2016-10-16,2,21.0,1083,104,B,2,P2|565|2016-10-16
P2,565,adidas Youth Germany Black/Red Away Match Soc,2016-10-23,4,19.0,1083,98,B,2,P2|565|2016-10-23
P2,565,adidas Youth Germany Black/Red Away Match Soc,2016-10-30,18,15.0,1083,197,B,2,P2|565|2016-10-30
P2,565,adidas Youth Germany Black/Red Away Match Soc,2016-11-06,1,34.0,1083,186,B,2,P2|565|2016-11-06
P2,565,adidas Youth Germany Black/Red Away Match Soc,2016-11-13,4,33.0,1083,232,B,2,P2|565|2016-11-13
P2,565,adidas Youth Germany Black/Red Away Match Soc,2016-11-20,6,29.0,1083,176,B,2,P2|565|2016-11-20
P2,565,adidas Youth Germany Black/Red Away Match Soc,2016-11-27,12,23.0,1083,135,B,2,P2|565|2016-11-27
P2,565,adidas Youth Germany Black/Red Away Match Soc,2016-12-04,14,34.0,1083,118,B,2,P2|565|2016-12-04
P2,565,adidas Youth Germany Black/Red Away Match Soc,2016-12-11,8,20.0,1083,145,B,2,P2|565|2016-12-11
P2,565,adidas Youth Germany Black/Red Away Match Soc,2016-12-18,8,12.0,1083,213,B,2,P2|565|2016-12-18
P2,565,adidas Youth Germany Black/Red Away Match Soc,2016-12-25,7,4.0,1083,124,B,2,P2|565|2016-12-25
P2,565,adidas Youth Germany Black/Red Away Match Soc,2017-01-01,9,34.0,1083,161,B,2,P2|565|2017-01-01
P2,565,adidas Youth Germany Black/Red Away Match Soc,2017-01-08,4,25.0,1083,252,B,2,P2|565|2017-01-08
P2,565,adidas Youth Germany Black/Red Away Match Soc,2017-01-15,7,21.0,1083,105,B,2,P2|565|2017-01-15
P2,565,adidas Youth Germany Black/Red Away Match Soc,2017-01-22,2,14.0,1083,119,B,2,P2|565|2017-01-22
P2,565,adidas Youth Germany Black/Red Away Match Soc,2017-01-29,1,34.0,1083,153,B,2,P2|565|2017-01-29
P2,565,adidas Youth Germany Black/Red Away Match Soc,2017-02-05,2,33.0,1083,96,B,2,P2|565|2017-02-05
P2,565,adidas Youth Germany Black/Red Away Match Soc,2017-02-12,5,31.0,1083,122,B,2,P2|565|2017-02-12
P2,565,adidas Youth Germany Black/Red Away Match Soc,2017-02-19,8,26.0,1083,186,B,2,P2|565|2017-02-19
P2,565,adidas Youth Germany Black/Red Away Match Soc,2017-02-26,17,34.0,1083,103,B,2,P2|565|2017-02-26
P2,565,adidas Youth Germany Black/Red Away Match Soc,2017-03-05,1,17.0,1083,38,B,2,P2|565|2017-03-05
P2,565,adidas Youth Germany Black/Red Away Match Soc,2017-03-12,11,16.0,1083,93,B,2,P2|565|2017-03-12
P2,565,adidas Youth Germany Black/Red Away Match Soc,2017-03-19,5,5.0,1083,208,B,2,P2|565|2017-03-19
P2,565,adidas Youth Germany Black/Red Away Match Soc,2017-03-26,19,34.0,1083,181,B,2,P2|565|2017-03-26
P2,565,adidas Youth Germany Black/Red Away Match Soc,2017-04-02,0,15.0,1083,147,B,2,P2|565|2017-04-02
P2,565,adidas Youth Germany Black/Red Away Match Soc,2017-04-09,7,15.0,1083,160,B,2,P2|565|2017-04-09
P2,565,adidas Youth Germany Black/Red Away Match Soc,2017-04-16,10,8.0,1083,244,B,2,P2|565|2017-04-16
P2,565,adidas Youth Germany Black/Red Away Match Soc,2017-04-23,21,34.0,1083,180,B,2,P2|565|2017-04-23
P2,567,adidas Men's Germany Black Crest Away Tee,2015-01-11,15,108.0,1083,249,C,1,P2|567|2015-01-11
P2,567,adidas Men's Germany Black Crest Away Tee,2015-01-18,6,93.0,1083,64,C,1,P2|567|2015-01-18
P2,567,adidas Men's Germany Black Crest Away Tee,2015-01-25,4,87.0,1083,167,C,1,P2|567|2015-01-25
P2,567,adidas Men's Germany Black Crest Away Tee,2015-02-01,0,83.0,1083,93,C,1,P2|567|2015-02-01
P2,567,adidas Men's Germany Black Crest Away Tee,2015-02-08,5,83.0,1083,203,C,1,P2|567|2015-02-08
P2,567,adidas Men's Germany Black Crest Away Tee,2015-02-15,13,78.0,1083,178,C,1,P2|567|2015-02-15
P2,567,adidas Men's Germany Black Crest Away Tee,2015-02-22,9,65.0,1083,95,C,1,P2|567|2015-02-22
P2,567,adidas Men's Germany Black Crest Away Tee,2015-03-01,11,56.0,1083,93,C,1,P2|567|2015-03-01
P2,567,adidas Men's Germany Black Crest Away Tee,2015-03-08,9,45.0,1083,47,C,1,P2|567|2015-03-08
P2,567,adidas Men's Germany Black Crest Away Tee,2015-03-15,5,36.0,1083,224,C,1,P2|567|2015-03-15
P2,567,adidas Men's Germany Black Crest Away Tee,2015-03-22,22,31.0,1083,110,C,1,P2|567|2015-03-22
P2,567,adidas Men's Germany Black Crest Away Tee,2015-03-29,4,9.0,1083,63,C,1,P2|567|2015-03-29
P2,567,adidas Men's Germany Black Crest Away Tee,2015-04-05,7,22.0,1083,124,C,1,P2|567|2015-04-05
P2,567,adidas Men's Germany Black Crest Away Tee,2015-04-12,14,15.0,1083,64,C,1,P2|567|2015-04-12
P2,567,adidas Men's Germany Black Crest Away Tee,2015-04-19,22,1.0,1083,125,C,1,P2|567|2015-04-19
P2,567,adidas Men's Germany Black Crest Away Tee,2015-04-26,10,0.0,1083,288,C,1,P2|567|2015-04-26
P2,567,adidas Men's Germany Black Crest Away Tee,2015-05-03,6,22.0,1083,119,C,1,P2|567|2015-05-03
P2,567,adidas Men's Germany Black Crest Away Tee,2015-05-10,17,16.0,1083,143,C,1,P2|567|2015-05-10
P2,567,adidas Men's Germany Black Crest Away Tee,2015-05-17,0,0.0,1083,145,C,1,P2|567|2015-05-17
P2,567,adidas Men's Germany Black Crest Away Tee,2015-05-24,0,0.0,1083,121,C,1,P2|567|2015-05-24
P2,567,adidas Men's Germany Black Crest Away Tee,2015-05-31,5,22.0,1083,48,C,1,P2|567|2015-05-31
P2,567,adidas Men's Germany Black Crest Away Tee,2015-06-07,2,17.0,1083,184,C,1,P2|567|2015-06-07
P2,567,adidas Men's Germany Black Crest Away Tee,2015-06-14,3,15.0,1083,256,C,1,P2|567|2015-06-14
P2,567,adidas Men's Germany Black Crest Away Tee,2015-06-21,14,12.0,1083,196,C,1,P2|567|2015-06-21
P2,567,adidas Men's Germany Black Crest Away Tee,2015-06-28,7,22.0,1083,183,C,1,P2|567|2015-06-28
P2,567,adidas Men's Germany Black Crest Away Tee,2015-07-05,4,15.0,1083,139,C,1,P2|567|2015-07-05
P2,567,adidas Men's Germany Black Crest Away Tee,2015-07-12,0,11.0,1083,89,C,1,P2|567|2015-07-12
P2,567,adidas Men's Germany Black Crest Away Tee,2015-07-19,5,11.0,1083,87,C,1,P2|567|2015-07-19
P2,567,adidas Men's Germany Black Crest Away Tee,2015-07-26,12,22.0,1083,132,C,1,P2|567|2015-07-26
P2,567,adidas Men's Germany Black Crest Away Tee,2015-08-02,12,10.0,1083,148,C,1,P2|567|2015-08-02
P2,567,adidas Men's Germany Black Crest Away Tee,2015-08-09,5,0.0,1083,184,C,1,P2|567|2015-08-09
P2,567,adidas Men's Germany Black Crest Away Tee,2015-08-16,4,0.0,1083,113,C,1,P2|567|2015-08-16
P2,567,adidas Men's Germany Black Crest Away Tee,2015-08-23,2,22.0,1083,168,C,1,P2|567|2015-08-23
P2,567,adidas Men's Germany Black Crest Away Tee,2015-08-30,19,20.0,1083,125,C,1,P2|567|2015-08-30
P2,567,adidas Men's Germany Black Crest Away Tee,2015-09-06,7,1.0,1083,181,C,1,P2|567|2015-09-06
P2,567,adidas Men's Germany Black Crest Away Tee,2015-09-13,4,0.0,1083,240,C,1,P2|567|2015-09-13
P2,567,adidas Men's Germany Black Crest Away Tee,2015-09-20,5,22.0,1083,116,C,1,P2|567|2015-09-20
P2,567,adidas Men's Germany Black Crest Away Tee,2015-09-27,0,17.0,1083,35,C,1,P2|567|2015-09-27
P2,567,adidas Men's Germany Black Crest Away Tee,2015-10-04,4,17.0,1083,240,C,1,P2|567|2015-10-04
P2,567,adidas Men's Germany Black Crest Away Tee,2015-10-11,5,13.0,1083,116,C,1,P2|567|2015-10-11
P2,567,adidas Men's Germany Black Crest Away Tee,2015-10-18,12,22.0,1083,53,C,1,P2|567|2015-10-18
P2,567,adidas Men's Germany Black Crest Away Tee,2015-10-25,12,10.0,1083,220,C,1,P2|567|2015-10-25
P2,567,adidas Men's Germany Black Crest Away Tee,2015-11-01,12,0.0,1083,186,C,1,P2|567|2015-11-01
P2,567,adidas Men's Germany Black Crest Away Tee,2015-11-08,2,0.0,1083,125,C,1,P2|567|2015-11-08
P2,567,adidas Men's Germany Black Crest Away Tee,2015-11-15,2,22.0,1083,113,C,1,P2|567|2015-11-15
P2,567,adidas Men's Germany Black Crest Away Tee,2015-11-22,13,20.0,1083,124,C,1,P2|567|2015-11-22
P2,567,adidas Men's Germany Black Crest Away Tee,2015-11-29,0,7.0,1083,225,C,1,P2|567|2015-11-29
P2,567,adidas Men's Germany Black Crest Away Tee,2015-12-06,3,7.0,1083,124,C,1,P2|567|2015-12-06
P2,567,adidas Men's Germany Black Crest Away Tee,2015-12-13,5,22.0,1083,232,C,1,P2|567|2015-12-13
P2,567,adidas Men's Germany Black Crest Away Tee,2015-12-20,10,17.0,1083,141,C,1,P2|567|2015-12-20
P2,567,adidas Men's Germany Black Crest Away Tee,2015-12-27,4,7.0,1083,83,C,1,P2|567|2015-12-27
P2,567,adidas Men's Germany Black Crest Away Tee,2016-01-03,10,3.0,1083,127,C,1,P2|567|2016-01-03
P2,567,adidas Men's Germany Black Crest Away Tee,2016-01-10,1,22.0,1083,150,C,1,P2|567|2016-01-10
P2,567,adidas Men's Germany Black Crest Away Tee,2016-01-17,9,21.0,1083,245,C,1,P2|567|2016-01-17
P2,567,adidas Men's Germany Black Crest Away Tee,2016-01-24,4,12.0,1083,156,C,1,P2|567|2016-01-24
P2,567,adidas Men's Germany Black Crest Away Tee,2016-01-31,6,8.0,1083,129,C,1,P2|567|2016-01-31
P2,567,adidas Men's Germany Black Crest Away Tee,2016-02-07,11,22.0,1083,290,C,1,P2|567|2016-02-07
P2,567,adidas Men's Germany Black Crest Away Tee,2016-02-14,13,11.0,1083,111,C,1,P2|567|2016-02-14
P2,567,adidas Men's Germany Black Crest Away Tee,2016-02-21,13,0.0,1083,205,C,1,P2|567|2016-02-21
P2,567,adidas Men's Germany Black Crest Away Tee,2016-02-28,12,0.0,1083,165,C,1,P2|567|2016-02-28
P2,567,adidas Men's Germany Black Crest Away Tee,2016-03-06,4,22.0,1083,112,C,1,P2|567|2016-03-06
P2,567,adidas Men's Germany Black Crest Away Tee,2016-03-13,5,18.0,1083,255,C,1,P2|567|2016-03-13
P2,567,adidas Men's Germany Black Crest Away Tee,2016-03-20,10,13.0,1083,244,C,1,P2|567|2016-03-20
P2,567,adidas Men's Germany Black Crest Away Tee,2016-03-27,2,3.0,1083,199,C,1,P2|567|2016-03-27
P2,567,adidas Men's Germany Black Crest Away Tee,2016-04-03,6,22.0,1083,70,C,1,P2|567|2016-04-03
P2,567,adidas Men's Germany Black Crest Away Tee,2016-04-10,5,16.0,1083,227,C,1,P2|567|2016-04-10
P2,567,adidas Men's Germany Black Crest Away Tee,2016-04-17,0,11.0,1083,93,C,1,P2|567|2016-04-17
P2,567,adidas Men's Germany Black Crest Away Tee,2016-04-24,15,11.0,1083,114,C,1,P2|567|2016-04-24
P2,567,adidas Men's Germany Black Crest Away Tee,2016-05-01,14,22.0,1083,210,C,1,P2|567|2016-05-01
P2,567,adidas Men's Germany Black Crest Away Tee,2016-05-08,6,8.0,1083,200,C,1,P2|567|2016-05-08
P2,567,adidas Men's Germany Black Crest Away Tee,2016-05-15,17,2.0,1083,123,C,1,P2|567|2016-05-15
P2,567,adidas Men's Germany Black Crest Away Tee,2016-05-22,17,0.0,1083,151,C,1,P2|567|2016-05-22
P2,567,adidas Men's Germany Black Crest Away Tee,2016-05-29,7,22.0,1083,243,C,1,P2|567|2016-05-29
P2,567,adidas Men's Germany Black Crest Away Tee,2016-06-05,12,15.0,1083,136,C,1,P2|567|2016-06-05
P2,567,adidas Men's Germany Black Crest Away Tee,2016-06-12,0,3.0,1083,196,C,1,P2|567|2016-06-12
P2,567,adidas Men's Germany Black Crest Away Tee,2016-06-19,5,3.0,1083,201,C,1,P2|567|2016-06-19
P2,567,adidas Men's Germany Black Crest Away Tee,2016-06-26,2,22.0,1083,48,C,1,P2|567|2016-06-26
P2,567,adidas Men's Germany Black Crest Away Tee,2016-07-03,7,20.0,1083,192,C,1,P2|567|2016-07-03
P2,567,adidas Men's Germany Black Crest Away Tee,2016-07-10,5,13.0,1083,193,C,1,P2|567|2016-07-10
P2,567,adidas Men's Germany Black Crest Away Tee,2016-07-17,20,8.0,1083,117,C,1,P2|567|2016-07-17
P2,567,adidas Men's Germany Black Crest Away Tee,2016-07-24,7,22.0,1083,149,C,1,P2|567|2016-07-24
P2,567,adidas Men's Germany Black Crest Away Tee,2016-07-31,7,15.0,1083,154,C,1,P2|567|2016-07-31
P2,567,adidas Men's Germany Black Crest Away Tee,2016-08-07,12,8.0,1083,117,C,1,P2|567|2016-08-07
P2,567,adidas Men's Germany Black Crest Away Tee,2016-08-14,0,0.0,1083,92,C,1,P2|567|2016-08-14
P2,567,adidas Men's Germany Black Crest Away Tee,2016-08-21,5,22.0,1083,141,C,1,P2|567|2016-08-21
P2,567,adidas Men's Germany Black Crest Away Tee,2016-08-28,7,17.0,1083,160,C,1,P2|567|2016-08-28
P2,567,adidas Men's Germany Black Crest Away Tee,2016-09-04,0,10.0,1083,180,C,1,P2|567|2016-09-04
P2,567,adidas Men's Germany Black Crest Away Tee,2016-09-11,12,10.0,1083,163,C,1,P2|567|2016-09-11
P2,567,adidas Men's Germany Black Crest Away Tee,2016-09-18,4,22.0,1083,87,C,1,P2|567|2016-09-18
P2,567,adidas Men's Germany Black Crest Away Tee,2016-09-25,2,18.0,1083,133,C,1,P2|567|2016-09-25
P2,567,adidas Men's Germany Black Crest Away Tee,2016-10-02,2,16.0,1083,157,C,1,P2|567|2016-10-02
P2,567,adidas Men's Germany Black Crest Away Tee,2016-10-09,1,14.0,1083,168,C,1,P2|567|2016-10-09
P2,567,adidas Men's Germany Black Crest Away Tee,2016-10-16,17,22.0,1083,104,C,1,P2|567|2016-10-16
P2,567,adidas Men's Germany Black Crest Away Tee,2016-10-23,10,5.0,1083,98,C,1,P2|567|2016-10-23
P2,567,adidas Men's Germany Black Crest Away Tee,2016-10-30,3,0.0,1083,197,C,1,P2|567|2016-10-30
P2,567,adidas Men's Germany Black Crest Away Tee,2016-11-06,11,0.0,1083,186,C,1,P2|567|2016-11-06
P2,567,adidas Men's Germany Black Crest Away Tee,2016-11-13,2,22.0,1083,232,C,1,P2|567|2016-11-13
P2,567,adidas Men's Germany Black Crest Away Tee,2016-11-20,5,20.0,1083,176,C,1,P2|567|2016-11-20
P2,567,adidas Men's Germany Black Crest Away Tee,2016-11-27,4,15.0,1083,135,C,1,P2|567|2016-11-27
P2,567,adidas Men's Germany Black Crest Away Tee,2016-12-04,6,11.0,1083,118,C,1,P2|567|2016-12-04
P2,567,adidas Men's Germany Black Crest Away Tee,2016-12-11,9,22.0,1083,145,C,1,P2|567|2016-12-11
P2,567,adidas Men's Germany Black Crest Away Tee,2016-12-18,9,13.0,1083,213,C,1,P2|567|2016-12-18
P2,567,adidas Men's Germany Black Crest Away Tee,2016-12-25,4,4.0,1083,124,C,1,P2|567|2016-12-25
P2,567,adidas Men's Germany Black Crest Away Tee,2017-01-01,1,0.0,1083,161,C,1,P2|567|2017-01-01
P2,567,adidas Men's Germany Black Crest Away Tee,2017-01-08,6,22.0,1083,252,C,1,P2|567|2017-01-08
P2,567,adidas Men's Germany Black Crest Away Tee,2017-01-15,13,16.0,1083,105,C,1,P2|567|2017-01-15
P2,567,adidas Men's Germany Black Crest Away Tee,2017-01-22,5,3.0,1083,119,C,1,P2|567|2017-01-22
P2,567,adidas Men's Germany Black Crest Away Tee,2017-01-29,5,0.0,1083,153,C,1,P2|567|2017-01-29
P2,567,adidas Men's Germany Black Crest Away Tee,2017-02-05,4,22.0,1083,96,C,1,P2|567|2017-02-05
P2,567,adidas Men's Germany Black Crest Away Tee,2017-02-12,5,18.0,1083,122,C,1,P2|567|2017-02-12
P2,567,adidas Men's Germany Black Crest Away Tee,2017-02-19,14,13.0,1083,186,C,1,P2|567|2017-02-19
P2,567,adidas Men's Germany Black Crest Away Tee,2017-02-26,7,0.0,1083,103,C,1,P2|567|2017-02-26
P2,567,adidas Men's Germany Black Crest Away Tee,2017-03-05,4,22.0,1083,38,C,1,P2|567|2017-03-05
P2,567,adidas Men's Germany Black Crest Away Tee,2017-03-12,0,18.0,1083,93,C,1,P2|567|2017-03-12
P2,567,adidas Men's Germany Black Crest Away Tee,2017-03-19,4,18.0,1083,208,C,1,P2|567|2017-03-19
P2,567,adidas Men's Germany Black Crest Away Tee,2017-03-26,8,14.0,1083,181,C,1,P2|567|2017-03-26
P2,567,adidas Men's Germany Black Crest Away Tee,2017-04-02,8,22.0,1083,147,C,1,P2|567|2017-04-02
P2,567,adidas Men's Germany Black Crest Away Tee,2017-04-09,5,14.0,1083,160,C,1,P2|567|2017-04-09
P2,567,adidas Men's Germany Black Crest Away Tee,2017-04-16,20,9.0,1083,244,C,1,P2|567|2017-04-16
P2,572,TYR Boys' Team Digi Jammer,2015-01-04,3,109.0,1083,548,C,1,P2|572|2015-01-04
P2,572,TYR Boys' Team Digi Jammer,2015-01-11,10,106.0,1083,249,C,1,P2|572|2015-01-11
P2,572,TYR Boys' Team Digi Jammer,2015-01-18,8,96.0,1083,64,C,1,P2|572|2015-01-18
P2,572,TYR Boys' Team Digi Jammer,2015-01-25,1,88.0,1083,167,C,1,P2|572|2015-01-25
P2,572,TYR Boys' Team Digi Jammer,2015-02-01,0,87.0,1083,93,C,1,P2|572|2015-02-01
P2,572,TYR Boys' Team Digi Jammer,2015-02-08,8,87.0,1083,203,C,1,P2|572|2015-02-08
P2,572,TYR Boys' Team Digi Jammer,2015-02-15,16,79.0,1083,178,C,1,P2|572|2015-02-15
P2,572,TYR Boys' Team Digi Jammer,2015-02-22,15,63.0,1083,95,C,1,P2|572|2015-02-22
P2,572,TYR Boys' Team Digi Jammer,2015-03-01,12,48.0,1083,93,C,1,P2|572|2015-03-01
P2,572,TYR Boys' Team Digi Jammer,2015-03-08,7,36.0,1083,47,C,1,P2|572|2015-03-08
P2,572,TYR Boys' Team Digi Jammer,2015-03-15,19,29.0,1083,224,C,1,P2|572|2015-03-15
P2,572,TYR Boys' Team Digi Jammer,2015-03-22,3,10.0,1083,110,C,1,P2|572|2015-03-22
P2,572,TYR Boys' Team Digi Jammer,2015-03-29,4,22.0,1083,63,C,1,P2|572|2015-03-29
P2,572,TYR Boys' Team Digi Jammer,2015-04-05,6,18.0,1083,124,C,1,P2|572|2015-04-05
P2,572,TYR Boys' Team Digi Jammer,2015-04-12,11,12.0,1083,64,C,1,P2|572|2015-04-12
P2,572,TYR Boys' Team Digi Jammer,2015-04-19,2,1.0,1083,125,C,1,P2|572|2015-04-19
P2,572,TYR Boys' Team Digi Jammer,2015-04-26,6,22.0,1083,288,C,1,P2|572|2015-04-26
P2,572,TYR Boys' Team Digi Jammer,2015-05-03,10,16.0,1083,119,C,1,P2|572|2015-05-03
P2,572,TYR Boys' Team Digi Jammer,2015-05-10,6,6.0,1083,143,C,1,P2|572|2015-05-10
P2,572,TYR Boys' Team Digi Jammer,2015-05-17,2,0.0,1083,145,C,1,P2|572|2015-05-17
P2,572,TYR Boys' Team Digi Jammer,2015-05-24,15,22.0,1083,121,C,1,P2|572|2015-05-24
P2,572,TYR Boys' Team Digi Jammer,2015-05-31,8,7.0,1083,48,C,1,P2|572|2015-05-31
P2,572,TYR Boys' Team Digi Jammer,2015-06-07,6,0.0,1083,184,C,1,P2|572|2015-06-07
P2,572,TYR Boys' Team Digi Jammer,2015-06-14,23,0.0,1083,256,C,1,P2|572|2015-06-14
P2,572,TYR Boys' Team Digi Jammer,2015-06-21,6,22.0,1083,196,C,1,P2|572|2015-06-21
P2,572,TYR Boys' Team Digi Jammer,2015-06-28,11,16.0,1083,183,C,1,P2|572|2015-06-28
P2,572,TYR Boys' Team Digi Jammer,2015-07-05,10,5.0,1083,139,C,1,P2|572|2015-07-05
P2,572,TYR Boys' Team Digi Jammer,2015-07-12,4,0.0,1083,89,C,1,P2|572|2015-07-12
P2,572,TYR Boys' Team Digi Jammer,2015-07-19,14,22.0,1083,87,C,1,P2|572|2015-07-19
P2,572,TYR Boys' Team Digi Jammer,2015-07-26,4,8.0,1083,132,C,1,P2|572|2015-07-26
P2,572,TYR Boys' Team Digi Jammer,2015-08-02,11,4.0,1083,148,C,1,P2|572|2015-08-02
P2,572,TYR Boys' Team Digi Jammer,2015-08-09,9,0.0,1083,184,C,1,P2|572|2015-08-09
P2,572,TYR Boys' Team Digi Jammer,2015-08-16,15,22.0,1083,113,C,1,P2|572|2015-08-16
P2,572,TYR Boys' Team Digi Jammer,2015-08-23,13,7.0,1083,168,C,1,P2|572|2015-08-23
P2,572,TYR Boys' Team Digi Jammer,2015-08-30,16,0.0,1083,125,C,1,P2|572|2015-08-30
P2,572,TYR Boys' Team Digi Jammer,2015-09-06,9,0.0,1083,181,C,1,P2|572|2015-09-06
P2,572,TYR Boys' Team Digi Jammer,2015-09-13,7,22.0,1083,240,C,1,P2|572|2015-09-13
P2,572,TYR Boys' Team Digi Jammer,2015-09-20,14,15.0,1083,116,C,1,P2|572|2015-09-20
P2,572,TYR Boys' Team Digi Jammer,2015-09-27,6,1.0,1083,35,C,1,P2|572|2015-09-27
P2,572,TYR Boys' Team Digi Jammer,2015-10-04,5,0.0,1083,240,C,1,P2|572|2015-10-04
P2,572,TYR Boys' Team Digi Jammer,2015-10-11,20,22.0,1083,116,C,1,P2|572|2015-10-11
P2,572,TYR Boys' Team Digi Jammer,2015-10-18,6,2.0,1083,53,C,1,P2|572|2015-10-18
P2,572,TYR Boys' Team Digi Jammer,2015-10-25,3,0.0,1083,220,C,1,P2|572|2015-10-25
P2,572,TYR Boys' Team Digi Jammer,2015-11-01,13,0.0,1083,186,C,1,P2|572|2015-11-01
P2,572,TYR Boys' Team Digi Jammer,2015-11-08,5,22.0,1083,125,C,1,P2|572|2015-11-08
P2,572,TYR Boys' Team Digi Jammer,2015-11-15,9,17.0,1083,113,C,1,P2|572|2015-11-15
P2,572,TYR Boys' Team Digi Jammer,2015-11-22,5,8.0,1083,124,C,1,P2|572|2015-11-22
P2,572,TYR Boys' Team Digi Jammer,2015-11-29,0,3.0,1083,225,C,1,P2|572|2015-11-29
P2,572,TYR Boys' Team Digi Jammer,2015-12-06,1,22.0,1083,124,C,1,P2|572|2015-12-06
P2,572,TYR Boys' Team Digi Jammer,2015-12-13,8,21.0,1083,232,C,1,P2|572|2015-12-13
P2,572,TYR Boys' Team Digi Jammer,2015-12-20,1,13.0,1083,141,C,1,P2|572|2015-12-20
P2,572,TYR Boys' Team Digi Jammer,2015-12-27,17,12.0,1083,83,C,1,P2|572|2015-12-27
P2,572,TYR Boys' Team Digi Jammer,2016-01-03,5,22.0,1083,127,C,1,P2|572|2016-01-03
P2,572,TYR Boys' Team Digi Jammer,2016-01-10,8,17.0,1083,150,C,1,P2|572|2016-01-10
P2,572,TYR Boys' Team Digi Jammer,2016-01-17,0,9.0,1083,245,C,1,P2|572|2016-01-17
P2,572,TYR Boys' Team Digi Jammer,2016-01-24,0,9.0,1083,156,C,1,P2|572|2016-01-24
P2,572,TYR Boys' Team Digi Jammer,2016-01-31,9,22.0,1083,129,C,1,P2|572|2016-01-31
P2,572,TYR Boys' Team Digi Jammer,2016-02-07,1,13.0,1083,290,C,1,P2|572|2016-02-07
P2,572,TYR Boys' Team Digi Jammer,2016-02-14,6,12.0,1083,111,C,1,P2|572|2016-02-14
P2,572,TYR Boys' Team Digi Jammer,2016-02-21,5,6.0,1083,205,C,1,P2|572|2016-02-21
P2,572,TYR Boys' Team Digi Jammer,2016-02-28,2,22.0,1083,165,C,1,P2|572|2016-02-28
P2,572,TYR Boys' Team Digi Jammer,2016-03-06,5,20.0,1083,112,C,1,P2|572|2016-03-06
P2,572,TYR Boys' Team Digi Jammer,2016-03-13,15,15.0,1083,255,C,1,P2|572|2016-03-13
P2,572,TYR Boys' Team Digi Jammer,2016-03-20,2,0.0,1083,244,C,1,P2|572|2016-03-20
P2,572,TYR Boys' Team Digi Jammer,2016-03-27,4,22.0,1083,199,C,1,P2|572|2016-03-27
P2,572,TYR Boys' Team Digi Jammer,2016-04-03,4,18.0,1083,70,C,1,P2|572|2016-04-03
P2,572,TYR Boys' Team Digi Jammer,2016-04-10,10,14.0,1083,227,C,1,P2|572|2016-04-10
P2,572,TYR Boys' Team Digi Jammer,2016-04-17,8,4.0,1083,93,C,1,P2|572|2016-04-17
P2,572,TYR Boys' Team Digi Jammer,2016-04-24,9,22.0,1083,114,C,1,P2|572|2016-04-24
P2,572,TYR Boys' Team Digi Jammer,2016-05-01,0,13.0,1083,210,C,1,P2|572|2016-05-01
P2,572,TYR Boys' Team Digi Jammer,2016-05-08,7,13.0,1083,200,C,1,P2|572|2016-05-08
P2,572,TYR Boys' Team Digi Jammer,2016-05-15,8,6.0,1083,123,C,1,P2|572|2016-05-15
P2,572,TYR Boys' Team Digi Jammer,2016-05-22,20,22.0,1083,151,C,1,P2|572|2016-05-22
P2,572,TYR Boys' Team Digi Jammer,2016-05-29,6,2.0,1083,243,C,1,P2|572|2016-05-29
P2,572,TYR Boys' Team Digi Jammer,2016-06-05,0,0.0,1083,136,C,1,P2|572|2016-06-05
P2,572,TYR Boys' Team Digi Jammer,2016-06-12,14,0.0,1083,196,C,1,P2|572|2016-06-12
P2,572,TYR Boys' Team Digi Jammer,2016-06-19,5,22.0,1083,201,C,1,P2|572|2016-06-19
P2,572,TYR Boys' Team Digi Jammer,2016-06-26,8,17.0,1083,48,C,1,P2|572|2016-06-26
P2,572,TYR Boys' Team Digi Jammer,2016-07-03,14,9.0,1083,192,C,1,P2|572|2016-07-03
P2,572,TYR Boys' Team Digi Jammer,2016-07-10,3,0.0,1083,193,C,1,P2|572|2016-07-10
P2,572,TYR Boys' Team Digi Jammer,2016-07-17,6,22.0,1083,117,C,1,P2|572|2016-07-17
P2,572,TYR Boys' Team Digi Jammer,2016-07-24,8,16.0,1083,149,C,1,P2|572|2016-07-24
P2,572,TYR Boys' Team Digi Jammer,2016-07-31,5,8.0,1083,154,C,1,P2|572|2016-07-31
P2,572,TYR Boys' Team Digi Jammer,2016-08-07,3,3.0,1083,117,C,1,P2|572|2016-08-07
P2,572,TYR Boys' Team Digi Jammer,2016-08-14,0,22.0,1083,92,C,1,P2|572|2016-08-14
P2,572,TYR Boys' Team Digi Jammer,2016-08-21,13,22.0,1083,141,C,1,P2|572|2016-08-21
P2,572,TYR Boys' Team Digi Jammer,2016-08-28,6,9.0,1083,160,C,1,P2|572|2016-08-28
P2,572,TYR Boys' Team Digi Jammer,2016-09-04,14,3.0,1083,180,C,1,P2|572|2016-09-04
P2,572,TYR Boys' Team Digi Jammer,2016-09-11,3,22.0,1083,163,C,1,P2|572|2016-09-11
P2,572,TYR Boys' Team Digi Jammer,2016-09-18,4,19.0,1083,87,C,1,P2|572|2016-09-18
P2,572,TYR Boys' Team Digi Jammer,2016-09-25,4,15.0,1083,133,C,1,P2|572|2016-09-25
P2,572,TYR Boys' Team Digi Jammer,2016-10-02,12,11.0,1083,157,C,1,P2|572|2016-10-02
P2,572,TYR Boys' Team Digi Jammer,2016-10-09,8,22.0,1083,168,C,1,P2|572|2016-10-09
P2,572,TYR Boys' Team Digi Jammer,2016-10-16,5,14.0,1083,104,C,1,P2|572|2016-10-16
P2,572,TYR Boys' Team Digi Jammer,2016-10-23,2,9.0,1083,98,C,1,P2|572|2016-10-23
P2,572,TYR Boys' Team Digi Jammer,2016-10-30,5,7.0,1083,197,C,1,P2|572|2016-10-30
P2,572,TYR Boys' Team Digi Jammer,2016-11-06,3,22.0,1083,186,C,1,P2|572|2016-11-06
P2,572,TYR Boys' Team Digi Jammer,2016-11-13,3,19.0,1083,232,C,1,P2|572|2016-11-13
P2,572,TYR Boys' Team Digi Jammer,2016-11-20,8,16.0,1083,176,C,1,P2|572|2016-11-20
P2,572,TYR Boys' Team Digi Jammer,2016-11-27,5,8.0,1083,135,C,1,P2|572|2016-11-27
P2,572,TYR Boys' Team Digi Jammer,2016-12-04,4,22.0,1083,118,C,1,P2|572|2016-12-04
P2,572,TYR Boys' Team Digi Jammer,2016-12-11,6,18.0,1083,145,C,1,P2|572|2016-12-11
P2,572,TYR Boys' Team Digi Jammer,2016-12-18,17,12.0,1083,213,C,1,P2|572|2016-12-18
P2,572,TYR Boys' Team Digi Jammer,2016-12-25,3,0.0,1083,124,C,1,P2|572|2016-12-25
P2,572,TYR Boys' Team Digi Jammer,2017-01-01,11,22.0,1083,161,C,1,P2|572|2017-01-01
P2,572,TYR Boys' Team Digi Jammer,2017-01-08,0,11.0,1083,252,C,1,P2|572|2017-01-08
P2,572,TYR Boys' Team Digi Jammer,2017-01-15,4,11.0,1083,105,C,1,P2|572|2017-01-15
P2,572,TYR Boys' Team Digi Jammer,2017-01-22,4,7.0,1083,119,C,1,P2|572|2017-01-22
P2,572,TYR Boys' Team Digi Jammer,2017-01-29,3,22.0,1083,153,C,1,P2|572|2017-01-29
P2,572,TYR Boys' Team Digi Jammer,2017-02-05,3,19.0,1083,96,C,1,P2|572|2017-02-05
P2,572,TYR Boys' Team Digi Jammer,2017-02-12,15,16.0,1083,122,C,1,P2|572|2017-02-12
P2,572,TYR Boys' Team Digi Jammer,2017-02-19,3,1.0,1083,186,C,1,P2|572|2017-02-19
P2,572,TYR Boys' Team Digi Jammer,2017-02-26,12,22.0,1083,103,C,1,P2|572|2017-02-26
P2,572,TYR Boys' Team Digi Jammer,2017-03-05,11,10.0,1083,38,C,1,P2|572|2017-03-05
P2,572,TYR Boys' Team Digi Jammer,2017-03-12,6,0.0,1083,93,C,1,P2|572|2017-03-12
P2,572,TYR Boys' Team Digi Jammer,2017-03-19,4,0.0,1083,208,C,1,P2|572|2017-03-19
P2,572,TYR Boys' Team Digi Jammer,2017-03-26,2,22.0,1083,181,C,1,P2|572|2017-03-26
P2,572,TYR Boys' Team Digi Jammer,2017-04-02,12,20.0,1083,147,C,1,P2|572|2017-04-02
P2,572,TYR Boys' Team Digi Jammer,2017-04-09,7,8.0,1083,160,C,1,P2|572|2017-04-09
P2,572,TYR Boys' Team Digi Jammer,2017-04-16,11,1.0,1083,244,C,1,P2|572|2017-04-16
P2,572,TYR Boys' Team Digi Jammer,2017-04-23,4,22.0,1083,180,C,1,P2|572|2017-04-23
P2,607,Garmin Approach S3 Golf GPS Watch,2017-04-30,6,58.0,1083,285,C,1,P2|607|2017-04-30
P2,607,Garmin Approach S3 Golf GPS Watch,2017-05-07,4,52.0,1083,287,C,1,P2|607|2017-05-07
P2,607,Garmin Approach S3 Golf GPS Watch,2017-05-14,7,48.0,1083,277,C,1,P2|607|2017-05-14
P2,607,Garmin Approach S3 Golf GPS Watch,2017-05-21,2,41.0,1083,262,C,1,P2|607|2017-05-21
P2,607,Garmin Approach S3 Golf GPS Watch,2017-05-28,3,39.0,1083,329,C,1,P2|607|2017-05-28
P2,607,Garmin Approach S3 Golf GPS Watch,2017-06-04,5,36.0,1083,237,C,1,P2|607|2017-06-04
P2,607,Garmin Approach S3 Golf GPS Watch,2017-06-11,3,31.0,1083,307,C,1,P2|607|2017-06-11
P2,607,Garmin Approach S3 Golf GPS Watch,2017-06-18,1,28.0,1083,317,C,1,P2|607|2017-06-18
P2,607,Garmin Approach S3 Golf GPS Watch,2017-06-25,2,27.0,1083,224,C,1,P2|607|2017-06-25
P2,607,Garmin Approach S3 Golf GPS Watch,2017-07-02,0,25.0,1083,207,C,1,P2|607|2017-07-02
P2,607,Garmin Approach S3 Golf GPS Watch,2017-07-09,4,25.0,1083,290,C,1,P2|607|2017-07-09
P2,607,Garmin Approach S3 Golf GPS Watch,2017-07-16,5,21.0,1083,359,C,1,P2|607|2017-07-16
P2,607,Garmin Approach S3 Golf GPS Watch,2017-07-23,0,16.0,1083,226,C,1,P2|607|2017-07-23
P2,607,Garmin Approach S3 Golf GPS Watch,2017-07-30,6,16.0,1083,322,C,1,P2|607|2017-07-30
P2,607,Garmin Approach S3 Golf GPS Watch,2017-08-06,7,10.0,1083,212,C,1,P2|607|2017-08-06
P2,607,Garmin Approach S3 Golf GPS Watch,2017-08-13,3,3.0,1083,309,C,1,P2|607|2017-08-13
P2,607,Garmin Approach S3 Golf GPS Watch,2017-08-20,6,12.0,1083,291,C,1,P2|607|2017-08-20
P2,607,Garmin Approach S3 Golf GPS Watch,2017-08-27,4,6.0,1083,270,C,1,P2|607|2017-08-27
P2,607,Garmin Approach S3 Golf GPS Watch,2017-09-03,6,2.0,1083,226,C,1,P2|607|2017-09-03
P2,607,Garmin Approach S3 Golf GPS Watch,2017-09-10,3,0.0,1083,233,C,1,P2|607|2017-09-10
P2,625,Nike Men's Kobe IX Elite Low Basketball Shoe,2017-04-23,1,45.0,1083,180,C,1,P2|625|2017-04-23
P2,625,Nike Men's Kobe IX Elite Low Basketball Shoe,2017-04-30,3,44.0,1083,285,C,1,P2|625|2017-04-30
P2,625,Nike Men's Kobe IX Elite Low Basketball Shoe,2017-05-07,4,41.0,1083,287,C,1,P2|625|2017-05-07
P2,625,Nike Men's Kobe IX Elite Low Basketball Shoe,2017-05-14,4,37.0,1083,277,C,1,P2|625|2017-05-14
P2,625,Nike Men's Kobe IX Elite Low Basketball Shoe,2017-05-21,1,33.0,1083,262,C,1,P2|625|2017-05-21
P2,625,Nike Men's Kobe IX Elite Low Basketball Shoe,2017-05-28,8,32.0,1083,329,C,1,P2|625|2017-05-28
P2,625,Nike Men's Kobe IX Elite Low Basketball Shoe,2017-06-04,2,24.0,1083,237,C,1,P2|625|2017-06-04
P2,625,Nike Men's Kobe IX Elite Low Basketball Shoe,2017-06-11,4,22.0,1083,307,C,1,P2|625|2017-06-11
P2,625,Nike Men's Kobe IX Elite Low Basketball Shoe,2017-06-18,5,18.0,1083,317,C,1,P2|625|2017-06-18
P2,625,Nike Men's Kobe IX Elite Low Basketball Shoe,2017-06-25,5,13.0,1083,224,C,1,P2|625|2017-06-25
P2,625,Nike Men's Kobe IX Elite Low Basketball Shoe,2017-07-02,1,8.0,1083,207,C,1,P2|625|2017-07-02
P2,625,Nike Men's Kobe IX Elite Low Basketball Shoe,2017-07-09,1,7.0,1083,290,C,1,P2|625|2017-07-09
P2,625,Nike Men's Kobe IX Elite Low Basketball Shoe,2017-07-16,3,9.0,1083,359,C,1,P2|625|2017-07-16
P2,625,Nike Men's Kobe IX Elite Low Basketball Shoe,2017-07-23,1,6.0,1083,226,C,1,P2|625|2017-07-23
P2,625,Nike Men's Kobe IX Elite Low Basketball Shoe,2017-07-30,1,5.0,1083,322,C,1,P2|625|2017-07-30
P2,625,Nike Men's Kobe IX Elite Low Basketball Shoe,2017-08-06,1,4.0,1083,212,C,1,P2|625|2017-08-06
P2,625,Nike Men's Kobe IX Elite Low Basketball Shoe,2017-08-13,3,9.0,1083,309,C,1,P2|625|2017-08-13
P2,625,Nike Men's Kobe IX Elite Low Basketball Shoe,2017-08-20,5,6.0,1083,291,C,1,P2|625|2017-08-20
P2,625,Nike Men's Kobe IX Elite Low Basketball Shoe,2017-08-27,4,1.0,1083,270,C,1,P2|625|2017-08-27
P2,625,Nike Men's Kobe IX Elite Low Basketball Shoe,2017-09-03,4,0.0,1083,226,C,1,P2|625|2017-09-03
P2,625,Nike Men's Kobe IX Elite Low Basketball Shoe,2017-09-10,2,9.0,1083,233,C,1,P2|625|2017-09-10
P2,627,Under Armour Girls' Toddler Spine Surge Runni,2015-01-04,144,2814.0,1083,548,A,3,P2|627|2015-01-04
P2,627,Under Armour Girls' Toddler Spine Surge Runni,2015-01-11,198,2670.0,1083,249,A,3,P2|627|2015-01-11
P2,627,Under Armour Girls' Toddler Spine Surge Runni,2015-01-18,252,2472.0,1083,64,A,3,P2|627|2015-01-18
P2,627,Under Armour Girls' Toddler Spine Surge Runni,2015-01-25,254,2220.0,1083,167,A,3,P2|627|2015-01-25
P2,627,Under Armour Girls' Toddler Spine Surge Runni,2015-02-01,222,1966.0,1083,93,A,3,P2|627|2015-02-01
P2,627,Under Armour Girls' Toddler Spine Surge Runni,2015-02-08,235,1744.0,1083,203,A,3,P2|627|2015-02-08
P2,627,Under Armour Girls' Toddler Spine Surge Runni,2015-02-15,210,1509.0,1083,178,A,3,P2|627|2015-02-15
P2,627,Under Armour Girls' Toddler Spine Surge Runni,2015-02-22,241,1299.0,1083,95,A,3,P2|627|2015-02-22
P2,627,Under Armour Girls' Toddler Spine Surge Runni,2015-03-01,260,1407.0,1083,93,A,3,P2|627|2015-03-01
P2,627,Under Armour Girls' Toddler Spine Surge Runni,2015-03-08,268,1147.0,1083,47,A,3,P2|627|2015-03-08
P2,627,Under Armour Girls' Toddler Spine Surge Runni,2015-03-15,222,879.0,1083,224,A,3,P2|627|2015-03-15
P2,627,Under Armour Girls' Toddler Spine Surge Runni,2015-03-22,218,657.0,1083,110,A,3,P2|627|2015-03-22
P2,627,Under Armour Girls' Toddler Spine Surge Runni,2015-03-29,254,1407.0,1083,63,A,3,P2|627|2015-03-29
P2,627,Under Armour Girls' Toddler Spine Surge Runni,2015-04-05,206,1153.0,1083,124,A,3,P2|627|2015-04-05
P2,627,Under Armour Girls' Toddler Spine Surge Runni,2015-04-12,227,947.0,1083,64,A,3,P2|627|2015-04-12
P2,627,Under Armour Girls' Toddler Spine Surge Runni,2015-04-19,208,720.0,1083,125,A,3,P2|627|2015-04-19
P2,627,Under Armour Girls' Toddler Spine Surge Runni,2015-04-26,176,1407.0,1083,288,A,3,P2|627|2015-04-26
P2,627,Under Armour Girls' Toddler Spine Surge Runni,2015-05-03,261,1231.0,1083,119,A,3,P2|627|2015-05-03
P2,627,Under Armour Girls' Toddler Spine Surge Runni,2015-05-10,233,970.0,1083,143,A,3,P2|627|2015-05-10
P2,627,Under Armour Girls' Toddler Spine Surge Runni,2015-05-17,232,737.0,1083,145,A,3,P2|627|2015-05-17
P2,627,Under Armour Girls' Toddler Spine Surge Runni,2015-05-24,212,1407.0,1083,121,A,3,P2|627|2015-05-24
P2,627,Under Armour Girls' Toddler Spine Surge Runni,2015-05-31,224,1195.0,1083,48,A,3,P2|627|2015-05-31
P2,627,Under Armour Girls' Toddler Spine Surge Runni,2015-06-07,226,971.0,1083,184,A,3,P2|627|2015-06-07
P2,627,Under Armour Girls' Toddler Spine Surge Runni,2015-06-14,181,745.0,1083,256,A,3,P2|627|2015-06-14
P2,627,Under Armour Girls' Toddler Spine Surge Runni,2015-06-21,236,1407.0,1083,196,A,3,P2|627|2015-06-21
P2,627,Under Armour Girls' Toddler Spine Surge Runni,2015-06-28,203,1171.0,1083,183,A,3,P2|627|2015-06-28
P2,627,Under Armour Girls' Toddler Spine Surge Runni,2015-07-05,248,968.0,1083,139,A,3,P2|627|2015-07-05
P2,627,Under Armour Girls' Toddler Spine Surge Runni,2015-07-12,227,720.0,1083,89,A,3,P2|627|2015-07-12
P2,627,Under Armour Girls' Toddler Spine Surge Runni,2015-07-19,189,1407.0,1083,87,A,3,P2|627|2015-07-19
P2,627,Under Armour Girls' Toddler Spine Surge Runni,2015-07-26,276,1218.0,1083,132,A,3,P2|627|2015-07-26
P2,627,Under Armour Girls' Toddler Spine Surge Runni,2015-08-02,185,942.0,1083,148,A,3,P2|627|2015-08-02
P2,627,Under Armour Girls' Toddler Spine Surge Runni,2015-08-09,190,757.0,1083,184,A,3,P2|627|2015-08-09
P2,627,Under Armour Girls' Toddler Spine Surge Runni,2015-08-16,240,1407.0,1083,113,A,3,P2|627|2015-08-16
P2,627,Under Armour Girls' Toddler Spine Surge Runni,2015-08-23,235,1167.0,1083,168,A,3,P2|627|2015-08-23
P2,627,Under Armour Girls' Toddler Spine Surge Runni,2015-08-30,187,932.0,1083,125,A,3,P2|627|2015-08-30
P2,627,Under Armour Girls' Toddler Spine Surge Runni,2015-09-06,211,745.0,1083,181,A,3,P2|627|2015-09-06
P2,627,Under Armour Girls' Toddler Spine Surge Runni,2015-09-13,212,1407.0,1083,240,A,3,P2|627|2015-09-13
P2,627,Under Armour Girls' Toddler Spine Surge Runni,2015-09-20,276,1195.0,1083,116,A,3,P2|627|2015-09-20
P2,627,Under Armour Girls' Toddler Spine Surge Runni,2015-09-27,218,919.0,1083,35,A,3,P2|627|2015-09-27
P2,627,Under Armour Girls' Toddler Spine Surge Runni,2015-10-04,225,701.0,1083,240,A,3,P2|627|2015-10-04
P2,627,Under Armour Girls' Toddler Spine Surge Runni,2015-10-11,242,1407.0,1083,116,A,3,P2|627|2015-10-11
P2,627,Under Armour Girls' Toddler Spine Surge Runni,2015-10-18,198,1165.0,1083,53,A,3,P2|627|2015-10-18
P2,627,Under Armour Girls' Toddler Spine Surge Runni,2015-10-25,193,967.0,1083,220,A,3,P2|627|2015-10-25
P2,627,Under Armour Girls' Toddler Spine Surge Runni,2015-11-01,237,774.0,1083,186,A,3,P2|627|2015-11-01
P2,627,Under Armour Girls' Toddler Spine Surge Runni,2015-11-08,222,1407.0,1083,125,A,3,P2|627|2015-11-08
P2,627,Under Armour Girls' Toddler Spine Surge Runni,2015-11-15,268,1185.0,1083,113,A,3,P2|627|2015-11-15
P2,627,Under Armour Girls' Toddler Spine Surge Runni,2015-11-22,226,917.0,1083,124,A,3,P2|627|2015-11-22
P2,627,Under Armour Girls' Toddler Spine Surge Runni,2015-11-29,223,691.0,1083,225,A,3,P2|627|2015-11-29
P2,627,Under Armour Girls' Toddler Spine Surge Runni,2015-12-06,228,1407.0,1083,124,A,3,P2|627|2015-12-06
P2,627,Under Armour Girls' Toddler Spine Surge Runni,2015-12-13,195,1179.0,1083,232,A,3,P2|627|2015-12-13
P2,627,Under Armour Girls' Toddler Spine Surge Runni,2015-12-20,238,984.0,1083,141,A,3,P2|627|2015-12-20
P2,627,Under Armour Girls' Toddler Spine Surge Runni,2015-12-27,237,746.0,1083,83,A,3,P2|627|2015-12-27
P2,627,Under Armour Girls' Toddler Spine Surge Runni,2016-01-03,236,1407.0,1083,127,A,3,P2|627|2016-01-03
P2,627,Under Armour Girls' Toddler Spine Surge Runni,2016-01-10,237,1171.0,1083,150,A,3,P2|627|2016-01-10
P2,627,Under Armour Girls' Toddler Spine Surge Runni,2016-01-17,185,934.0,1083,245,A,3,P2|627|2016-01-17
P2,627,Under Armour Girls' Toddler Spine Surge Runni,2016-01-24,187,749.0,1083,156,A,3,P2|627|2016-01-24
P2,627,Under Armour Girls' Toddler Spine Surge Runni,2016-01-31,229,1407.0,1083,129,A,3,P2|627|2016-01-31
P2,627,Under Armour Girls' Toddler Spine Surge Runni,2016-02-07,207,1178.0,1083,290,A,3,P2|627|2016-02-07
P2,627,Under Armour Girls' Toddler Spine Surge Runni,2016-02-14,196,971.0,1083,111,A,3,P2|627|2016-02-14
P2,627,Under Armour Girls' Toddler Spine Surge Runni,2016-02-21,195,775.0,1083,205,A,3,P2|627|2016-02-21
P2,627,Under Armour Girls' Toddler Spine Surge Runni,2016-02-28,221,1407.0,1083,165,A,3,P2|627|2016-02-28
P2,627,Under Armour Girls' Toddler Spine Surge Runni,2016-03-06,241,1186.0,1083,112,A,3,P2|627|2016-03-06
P2,627,Under Armour Girls' Toddler Spine Surge Runni,2016-03-13,196,945.0,1083,255,A,3,P2|627|2016-03-13
P2,627,Under Armour Girls' Toddler Spine Surge Runni,2016-03-20,187,749.0,1083,244,A,3,P2|627|2016-03-20
P2,627,Under Armour Girls' Toddler Spine Surge Runni,2016-03-27,227,1407.0,1083,199,A,3,P2|627|2016-03-27
P2,627,Under Armour Girls' Toddler Spine Surge Runni,2016-04-03,251,1180.0,1083,70,A,3,P2|627|2016-04-03
P2,627,Under Armour Girls' Toddler Spine Surge Runni,2016-04-10,206,929.0,1083,227,A,3,P2|627|2016-04-10
P2,627,Under Armour Girls' Toddler Spine Surge Runni,2016-04-17,271,723.0,1083,93,A,3,P2|627|2016-04-17
P2,627,Under Armour Girls' Toddler Spine Surge Runni,2016-04-24,216,1407.0,1083,114,A,3,P2|627|2016-04-24
P2,627,Under Armour Girls' Toddler Spine Surge Runni,2016-05-01,223,1191.0,1083,210,A,3,P2|627|2016-05-01
P2,627,Under Armour Girls' Toddler Spine Surge Runni,2016-05-08,157,968.0,1083,200,A,3,P2|627|2016-05-08
P2,627,Under Armour Girls' Toddler Spine Surge Runni,2016-05-15,241,811.0,1083,123,A,3,P2|627|2016-05-15
P2,627,Under Armour Girls' Toddler Spine Surge Runni,2016-05-22,213,1407.0,1083,151,A,3,P2|627|2016-05-22
P2,627,Under Armour Girls' Toddler Spine Surge Runni,2016-05-29,193,1194.0,1083,243,A,3,P2|627|2016-05-29
P2,627,Under Armour Girls' Toddler Spine Surge Runni,2016-06-05,238,1001.0,1083,136,A,3,P2|627|2016-06-05
P2,627,Under Armour Girls' Toddler Spine Surge Runni,2016-06-12,173,763.0,1083,196,A,3,P2|627|2016-06-12
P2,627,Under Armour Girls' Toddler Spine Surge Runni,2016-06-19,219,1407.0,1083,201,A,3,P2|627|2016-06-19
P2,627,Under Armour Girls' Toddler Spine Surge Runni,2016-06-26,226,1188.0,1083,48,A,3,P2|627|2016-06-26
P2,627,Under Armour Girls' Toddler Spine Surge Runni,2016-07-03,248,962.0,1083,192,A,3,P2|627|2016-07-03
P2,627,Under Armour Girls' Toddler Spine Surge Runni,2016-07-10,188,714.0,1083,193,A,3,P2|627|2016-07-10
P2,627,Under Armour Girls' Toddler Spine Surge Runni,2016-07-17,220,1407.0,1083,117,A,3,P2|627|2016-07-17
P2,627,Under Armour Girls' Toddler Spine Surge Runni,2016-07-24,186,1187.0,1083,149,A,3,P2|627|2016-07-24
P2,627,Under Armour Girls' Toddler Spine Surge Runni,2016-07-31,183,1001.0,1083,154,A,3,P2|627|2016-07-31
P2,627,Under Armour Girls' Toddler Spine Surge Runni,2016-08-07,240,818.0,1083,117,A,3,P2|627|2016-08-07
P2,627,Under Armour Girls' Toddler Spine Surge Runni,2016-08-14,248,1407.0,1083,92,A,3,P2|627|2016-08-14
P2,627,Under Armour Girls' Toddler Spine Surge Runni,2016-08-21,260,1159.0,1083,141,A,3,P2|627|2016-08-21
P2,627,Under Armour Girls' Toddler Spine Surge Runni,2016-08-28,201,899.0,1083,160,A,3,P2|627|2016-08-28
P2,627,Under Armour Girls' Toddler Spine Surge Runni,2016-09-04,197,698.0,1083,180,A,3,P2|627|2016-09-04
P2,627,Under Armour Girls' Toddler Spine Surge Runni,2016-09-11,222,1407.0,1083,163,A,3,P2|627|2016-09-11
P2,627,Under Armour Girls' Toddler Spine Surge Runni,2016-09-18,240,1185.0,1083,87,A,3,P2|627|2016-09-18
P2,627,Under Armour Girls' Toddler Spine Surge Runni,2016-09-25,256,945.0,1083,133,A,3,P2|627|2016-09-25
P2,627,Under Armour Girls' Toddler Spine Surge Runni,2016-10-02,156,689.0,1083,157,A,3,P2|627|2016-10-02
P2,627,Under Armour Girls' Toddler Spine Surge Runni,2016-10-09,192,1407.0,1083,168,A,3,P2|627|2016-10-09
P2,627,Under Armour Girls' Toddler Spine Surge Runni,2016-10-16,201,1215.0,1083,104,A,3,P2|627|2016-10-16
P2,627,Under Armour Girls' Toddler Spine Surge Runni,2016-10-23,270,1014.0,1083,98,A,3,P2|627|2016-10-23
P2,627,Under Armour Girls' Toddler Spine Surge Runni,2016-10-30,225,744.0,1083,197,A,3,P2|627|2016-10-30
P2,627,Under Armour Girls' Toddler Spine Surge Runni,2016-11-06,200,1407.0,1083,186,A,3,P2|627|2016-11-06
P2,627,Under Armour Girls' Toddler Spine Surge Runni,2016-11-13,216,1207.0,1083,232,A,3,P2|627|2016-11-13
P2,627,Under Armour Girls' Toddler Spine Surge Runni,2016-11-20,200,991.0,1083,176,A,3,P2|627|2016-11-20
P2,627,Under Armour Girls' Toddler Spine Surge Runni,2016-11-27,205,791.0,1083,135,A,3,P2|627|2016-11-27
P2,627,Under Armour Girls' Toddler Spine Surge Runni,2016-12-04,276,1407.0,1083,118,A,3,P2|627|2016-12-04
P2,627,Under Armour Girls' Toddler Spine Surge Runni,2016-12-11,194,1131.0,1083,145,A,3,P2|627|2016-12-11
P2,627,Under Armour Girls' Toddler Spine Surge Runni,2016-12-18,189,937.0,1083,213,A,3,P2|627|2016-12-18
P2,627,Under Armour Girls' Toddler Spine Surge Runni,2016-12-25,269,748.0,1083,124,A,3,P2|627|2016-12-25
P2,627,Under Armour Girls' Toddler Spine Surge Runni,2017-01-01,129,1407.0,1083,161,A,3,P2|627|2017-01-01
P2,627,Under Armour Girls' Toddler Spine Surge Runni,2017-01-08,233,1278.0,1083,252,A,3,P2|627|2017-01-08
P2,627,Under Armour Girls' Toddler Spine Surge Runni,2017-01-15,212,1045.0,1083,105,A,3,P2|627|2017-01-15
P2,627,Under Armour Girls' Toddler Spine Surge Runni,2017-01-22,230,833.0,1083,119,A,3,P2|627|2017-01-22
P2,627,Under Armour Girls' Toddler Spine Surge Runni,2017-01-29,269,1407.0,1083,153,A,3,P2|627|2017-01-29
P2,627,Under Armour Girls' Toddler Spine Surge Runni,2017-02-05,246,1138.0,1083,96,A,3,P2|627|2017-02-05
P2,627,Under Armour Girls' Toddler Spine Surge Runni,2017-02-12,193,892.0,1083,122,A,3,P2|627|2017-02-12
P2,627,Under Armour Girls' Toddler Spine Surge Runni,2017-02-19,157,699.0,1083,186,A,3,P2|627|2017-02-19
P2,627,Under Armour Girls' Toddler Spine Surge Runni,2017-02-26,201,1407.0,1083,103,A,3,P2|627|2017-02-26
P2,627,Under Armour Girls' Toddler Spine Surge Runni,2017-03-05,230,1206.0,1083,38,A,3,P2|627|2017-03-05
P2,627,Under Armour Girls' Toddler Spine Surge Runni,2017-03-12,194,976.0,1083,93,A,3,P2|627|2017-03-12
P2,627,Under Armour Girls' Toddler Spine Surge Runni,2017-03-19,232,782.0,1083,208,A,3,P2|627|2017-03-19
P2,627,Under Armour Girls' Toddler Spine Surge Runni,2017-03-26,223,1407.0,1083,181,A,3,P2|627|2017-03-26
P2,627,Under Armour Girls' Toddler Spine Surge Runni,2017-04-02,219,1184.0,1083,147,A,3,P2|627|2017-04-02
P2,627,Under Armour Girls' Toddler Spine Surge Runni,2017-04-09,249,965.0,1083,160,A,3,P2|627|2017-04-09
P2,627,Under Armour Girls' Toddler Spine Surge Runni,2017-04-16,215,716.0,1083,244,A,3,P2|627|2017-04-16
P2,627,Under Armour Girls' Toddler Spine Surge Runni,2017-04-23,257,1407.0,1083,180,A,3,P2|627|2017-04-23
P2,627,Under Armour Girls' Toddler Spine Surge Runni,2017-04-30,255,1150.0,1083,285,A,3,P2|627|2017-04-30
P2,627,Under Armour Girls' Toddler Spine Surge Runni,2017-05-07,216,895.0,1083,287,A,3,P2|627|2017-05-07
P2,627,Under Armour Girls' Toddler Spine Surge Runni,2017-05-14,239,679.0,1083,277,A,3,P2|627|2017-05-14
P2,627,Under Armour Girls' Toddler Spine Surge Runni,2017-05-21,250,1407.0,1083,262,A,3,P2|627|2017-05-21
P2,627,Under Armour Girls' Toddler Spine Surge Runni,2017-05-28,201,1157.0,1083,329,A,3,P2|627|2017-05-28
P2,627,Under Armour Girls' Toddler Spine Surge Runni,2017-06-04,209,956.0,1083,237,A,3,P2|627|2017-06-04
P2,627,Under Armour Girls' Toddler Spine Surge Runni,2017-06-11,227,747.0,1083,307,A,3,P2|627|2017-06-11
P2,627,Under Armour Girls' Toddler Spine Surge Runni,2017-06-18,196,1407.0,1083,317,A,3,P2|627|2017-06-18
P2,627,Under Armour Girls' Toddler Spine Surge Runni,2017-06-25,231,1211.0,1083,224,A,3,P2|627|2017-06-25
P2,627,Under Armour Girls' Toddler Spine Surge Runni,2017-07-02,239,980.0,1083,207,A,3,P2|627|2017-07-02
P2,627,Under Armour Girls' Toddler Spine Surge Runni,2017-07-09,227,741.0,1083,290,A,3,P2|627|2017-07-09
P2,627,Under Armour Girls' Toddler Spine Surge Runni,2017-07-16,195,1407.0,1083,359,A,3,P2|627|2017-07-16
P2,627,Under Armour Girls' Toddler Spine Surge Runni,2017-07-23,263,1212.0,1083,226,A,3,P2|627|2017-07-23
P2,627,Under Armour Girls' Toddler Spine Surge Runni,2017-07-30,249,949.0,1083,322,A,3,P2|627|2017-07-30
P2,627,Under Armour Girls' Toddler Spine Surge Runni,2017-08-06,224,700.0,1083,212,A,3,P2|627|2017-08-06
P2,627,Under Armour Girls' Toddler Spine Surge Runni,2017-08-13,200,1407.0,1083,309,A,3,P2|627|2017-08-13
P2,627,Under Armour Girls' Toddler Spine Surge Runni,2017-08-20,228,1207.0,1083,291,A,3,P2|627|2017-08-20
P2,627,Under Armour Girls' Toddler Spine Surge Runni,2017-08-27,188,979.0,1083,270,A,3,P2|627|2017-08-27
P2,627,Under Armour Girls' Toddler Spine Surge Runni,2017-09-03,239,791.0,1083,226,A,3,P2|627|2017-09-03
P2,627,Under Armour Girls' Toddler Spine Surge Runni,2017-09-10,233,1407.0,1083,233,A,3,P2|627|2017-09-10
P2,627,Under Armour Girls' Toddler Spine Surge Runni,2017-09-17,229,1174.0,1083,344,A,3,P2|627|2017-09-17
P2,627,Under Armour Girls' Toddler Spine Surge Runni,2017-09-24,226,945.0,1083,329,A,3,P2|627|2017-09-24
P2,627,Under Armour Girls' Toddler Spine Surge Runni,2017-10-01,195,719.0,1083,353,A,3,P2|627|2017-10-01
P2,627,Under Armour Girls' Toddler Spine Surge Runni,2017-10-08,5,1407.0,1083,1049,A,3,P2|627|2017-10-08
P2,642,Columbia Men's PFG Anchor Tough T-Shirt,2015-01-04,4,99.0,1083,548,B,2,P2|642|2015-01-04
P2,642,Columbia Men's PFG Anchor Tough T-Shirt,2015-01-11,8,95.0,1083,249,B,2,P2|642|2015-01-11
P2,642,Columbia Men's PFG Anchor Tough T-Shirt,2015-01-18,5,87.0,1083,64,B,2,P2|642|2015-01-18
P2,642,Columbia Men's PFG Anchor Tough T-Shirt,2015-01-25,10,82.0,1083,167,B,2,P2|642|2015-01-25
P2,642,Columbia Men's PFG Anchor Tough T-Shirt,2015-02-01,8,72.0,1083,93,B,2,P2|642|2015-02-01
P2,642,Columbia Men's PFG Anchor Tough T-Shirt,2015-02-08,9,64.0,1083,203,B,2,P2|642|2015-02-08
P2,642,Columbia Men's PFG Anchor Tough T-Shirt,2015-02-15,0,55.0,1083,178,B,2,P2|642|2015-02-15
P2,642,Columbia Men's PFG Anchor Tough T-Shirt,2015-02-22,0,55.0,1083,95,B,2,P2|642|2015-02-22
P2,642,Columbia Men's PFG Anchor Tough T-Shirt,2015-03-01,7,55.0,1083,93,B,2,P2|642|2015-03-01
P2,642,Columbia Men's PFG Anchor Tough T-Shirt,2015-03-08,8,48.0,1083,47,B,2,P2|642|2015-03-08
P2,642,Columbia Men's PFG Anchor Tough T-Shirt,2015-03-15,10,40.0,1083,224,B,2,P2|642|2015-03-15
P2,642,Columbia Men's PFG Anchor Tough T-Shirt,2015-03-22,7,30.0,1083,110,B,2,P2|642|2015-03-22
P2,642,Columbia Men's PFG Anchor Tough T-Shirt,2015-03-29,2,33.0,1083,63,B,2,P2|642|2015-03-29
P2,642,Columbia Men's PFG Anchor Tough T-Shirt,2015-04-05,12,31.0,1083,124,B,2,P2|642|2015-04-05
P2,642,Columbia Men's PFG Anchor Tough T-Shirt,2015-04-12,14,19.0,1083,64,B,2,P2|642|2015-04-12
P2,642,Columbia Men's PFG Anchor Tough T-Shirt,2015-04-19,10,5.0,1083,125,B,2,P2|642|2015-04-19
P2,642,Columbia Men's PFG Anchor Tough T-Shirt,2015-04-26,7,33.0,1083,288,B,2,P2|642|2015-04-26
P2,642,Columbia Men's PFG Anchor Tough T-Shirt,2015-05-03,10,26.0,1083,119,B,2,P2|642|2015-05-03
P2,642,Columbia Men's PFG Anchor Tough T-Shirt,2015-05-10,2,16.0,1083,143,B,2,P2|642|2015-05-10
P2,642,Columbia Men's PFG Anchor Tough T-Shirt,2015-05-17,0,14.0,1083,145,B,2,P2|642|2015-05-17
P2,642,Columbia Men's PFG Anchor Tough T-Shirt,2015-05-24,12,33.0,1083,121,B,2,P2|642|2015-05-24
P2,642,Columbia Men's PFG Anchor Tough T-Shirt,2015-05-31,7,21.0,1083,48,B,2,P2|642|2015-05-31
P2,642,Columbia Men's PFG Anchor Tough T-Shirt,2015-06-07,1,14.0,1083,184,B,2,P2|642|2015-06-07
P2,642,Columbia Men's PFG Anchor Tough T-Shirt,2015-06-14,8,13.0,1083,256,B,2,P2|642|2015-06-14
P2,642,Columbia Men's PFG Anchor Tough T-Shirt,2015-06-21,7,33.0,1083,196,B,2,P2|642|2015-06-21
P2,642,Columbia Men's PFG Anchor Tough T-Shirt,2015-06-28,5,26.0,1083,183,B,2,P2|642|2015-06-28
P2,642,Columbia Men's PFG Anchor Tough T-Shirt,2015-07-05,11,21.0,1083,139,B,2,P2|642|2015-07-05
P2,642,Columbia Men's PFG Anchor Tough T-Shirt,2015-07-12,3,10.0,1083,89,B,2,P2|642|2015-07-12
P2,642,Columbia Men's PFG Anchor Tough T-Shirt,2015-07-19,2,33.0,1083,87,B,2,P2|642|2015-07-19
P2,642,Columbia Men's PFG Anchor Tough T-Shirt,2015-07-26,4,31.0,1083,132,B,2,P2|642|2015-07-26
P2,642,Columbia Men's PFG Anchor Tough T-Shirt,2015-08-02,0,27.0,1083,148,B,2,P2|642|2015-08-02
P2,642,Columbia Men's PFG Anchor Tough T-Shirt,2015-08-09,17,27.0,1083,184,B,2,P2|642|2015-08-09
P2,642,Columbia Men's PFG Anchor Tough T-Shirt,2015-08-16,8,33.0,1083,113,B,2,P2|642|2015-08-16
P2,642,Columbia Men's PFG Anchor Tough T-Shirt,2015-08-23,20,25.0,1083,168,B,2,P2|642|2015-08-23
P2,642,Columbia Men's PFG Anchor Tough T-Shirt,2015-08-30,21,5.0,1083,125,B,2,P2|642|2015-08-30
P2,642,Columbia Men's PFG Anchor Tough T-Shirt,2015-09-06,15,0.0,1083,181,B,2,P2|642|2015-09-06
P2,642,Columbia Men's PFG Anchor Tough T-Shirt,2015-09-13,1,33.0,1083,240,B,2,P2|642|2015-09-13
P2,642,Columbia Men's PFG Anchor Tough T-Shirt,2015-09-20,3,32.0,1083,116,B,2,P2|642|2015-09-20
P2,642,Columbia Men's PFG Anchor Tough T-Shirt,2015-09-27,8,29.0,1083,35,B,2,P2|642|2015-09-27
P2,642,Columbia Men's PFG Anchor Tough T-Shirt,2015-10-04,7,21.0,1083,240,B,2,P2|642|2015-10-04
P2,642,Columbia Men's PFG Anchor Tough T-Shirt,2015-10-11,2,33.0,1083,116,B,2,P2|642|2015-10-11
P2,642,Columbia Men's PFG Anchor Tough T-Shirt,2015-10-18,8,31.0,1083,53,B,2,P2|642|2015-10-18
P2,642,Columbia Men's PFG Anchor Tough T-Shirt,2015-10-25,11,23.0,1083,220,B,2,P2|642|2015-10-25
P2,642,Columbia Men's PFG Anchor Tough T-Shirt,2015-11-01,15,12.0,1083,186,B,2,P2|642|2015-11-01
P2,642,Columbia Men's PFG Anchor Tough T-Shirt,2015-11-08,5,33.0,1083,125,B,2,P2|642|2015-11-08
P2,642,Columbia Men's PFG Anchor Tough T-Shirt,2015-11-15,17,28.0,1083,113,B,2,P2|642|2015-11-15
P2,642,Columbia Men's PFG Anchor Tough T-Shirt,2015-11-22,9,11.0,1083,124,B,2,P2|642|2015-11-22
P2,642,Columbia Men's PFG Anchor Tough T-Shirt,2015-11-29,5,2.0,1083,225,B,2,P2|642|2015-11-29
P2,642,Columbia Men's PFG Anchor Tough T-Shirt,2015-12-06,0,33.0,1083,124,B,2,P2|642|2015-12-06
P2,642,Columbia Men's PFG Anchor Tough T-Shirt,2015-12-13,2,33.0,1083,232,B,2,P2|642|2015-12-13
P2,642,Columbia Men's PFG Anchor Tough T-Shirt,2015-12-20,12,31.0,1083,141,B,2,P2|642|2015-12-20
P2,642,Columbia Men's PFG Anchor Tough T-Shirt,2015-12-27,5,19.0,1083,83,B,2,P2|642|2015-12-27
P2,642,Columbia Men's PFG Anchor Tough T-Shirt,2016-01-03,9,33.0,1083,127,B,2,P2|642|2016-01-03
P2,642,Columbia Men's PFG Anchor Tough T-Shirt,2016-01-10,5,24.0,1083,150,B,2,P2|642|2016-01-10
P2,642,Columbia Men's PFG Anchor Tough T-Shirt,2016-01-17,0,19.0,1083,245,B,2,P2|642|2016-01-17
P2,642,Columbia Men's PFG Anchor Tough T-Shirt,2016-01-24,7,19.0,1083,156,B,2,P2|642|2016-01-24
P2,642,Columbia Men's PFG Anchor Tough T-Shirt,2016-01-31,1,33.0,1083,129,B,2,P2|642|2016-01-31
P2,642,Columbia Men's PFG Anchor Tough T-Shirt,2016-02-07,3,32.0,1083,290,B,2,P2|642|2016-02-07
P2,642,Columbia Men's PFG Anchor Tough T-Shirt,2016-02-14,8,29.0,1083,111,B,2,P2|642|2016-02-14
P2,642,Columbia Men's PFG Anchor Tough T-Shirt,2016-02-21,10,21.0,1083,205,B,2,P2|642|2016-02-21
P2,642,Columbia Men's PFG Anchor Tough T-Shirt,2016-02-28,3,33.0,1083,165,B,2,P2|642|2016-02-28
P2,642,Columbia Men's PFG Anchor Tough T-Shirt,2016-03-06,21,30.0,1083,112,B,2,P2|642|2016-03-06
P2,642,Columbia Men's PFG Anchor Tough T-Shirt,2016-03-13,0,9.0,1083,255,B,2,P2|642|2016-03-13
P2,642,Columbia Men's PFG Anchor Tough T-Shirt,2016-03-20,6,9.0,1083,244,B,2,P2|642|2016-03-20
P2,642,Columbia Men's PFG Anchor Tough T-Shirt,2016-03-27,11,33.0,1083,199,B,2,P2|642|2016-03-27
P2,642,Columbia Men's PFG Anchor Tough T-Shirt,2016-04-03,8,22.0,1083,70,B,2,P2|642|2016-04-03
P2,642,Columbia Men's PFG Anchor Tough T-Shirt,2016-04-10,5,14.0,1083,227,B,2,P2|642|2016-04-10
P2,642,Columbia Men's PFG Anchor Tough T-Shirt,2016-04-17,11,9.0,1083,93,B,2,P2|642|2016-04-17
P2,642,Columbia Men's PFG Anchor Tough T-Shirt,2016-04-24,7,33.0,1083,114,B,2,P2|642|2016-04-24
P2,642,Columbia Men's PFG Anchor Tough T-Shirt,2016-05-01,14,26.0,1083,210,B,2,P2|642|2016-05-01
P2,642,Columbia Men's PFG Anchor Tough T-Shirt,2016-05-08,4,12.0,1083,200,B,2,P2|642|2016-05-08
P2,642,Columbia Men's PFG Anchor Tough T-Shirt,2016-05-15,9,8.0,1083,123,B,2,P2|642|2016-05-15
P2,642,Columbia Men's PFG Anchor Tough T-Shirt,2016-05-22,10,33.0,1083,151,B,2,P2|642|2016-05-22
P2,642,Columbia Men's PFG Anchor Tough T-Shirt,2016-05-29,7,23.0,1083,243,B,2,P2|642|2016-05-29
P2,642,Columbia Men's PFG Anchor Tough T-Shirt,2016-06-05,12,16.0,1083,136,B,2,P2|642|2016-06-05
P2,642,Columbia Men's PFG Anchor Tough T-Shirt,2016-06-12,9,4.0,1083,196,B,2,P2|642|2016-06-12
P2,642,Columbia Men's PFG Anchor Tough T-Shirt,2016-06-19,15,33.0,1083,201,B,2,P2|642|2016-06-19
P2,642,Columbia Men's PFG Anchor Tough T-Shirt,2016-06-26,18,18.0,1083,48,B,2,P2|642|2016-06-26
P2,642,Columbia Men's PFG Anchor Tough T-Shirt,2016-07-03,2,0.0,1083,192,B,2,P2|642|2016-07-03
P2,642,Columbia Men's PFG Anchor Tough T-Shirt,2016-07-10,2,0.0,1083,193,B,2,P2|642|2016-07-10
P2,642,Columbia Men's PFG Anchor Tough T-Shirt,2016-07-17,3,33.0,1083,117,B,2,P2|642|2016-07-17
P2,642,Columbia Men's PFG Anchor Tough T-Shirt,2016-07-24,17,30.0,1083,149,B,2,P2|642|2016-07-24
P2,642,Columbia Men's PFG Anchor Tough T-Shirt,2016-07-31,6,13.0,1083,154,B,2,P2|642|2016-07-31
P2,642,Columbia Men's PFG Anchor Tough T-Shirt,2016-08-07,7,7.0,1083,117,B,2,P2|642|2016-08-07
P2,642,Columbia Men's PFG Anchor Tough T-Shirt,2016-08-14,0,33.0,1083,92,B,2,P2|642|2016-08-14
P2,642,Columbia Men's PFG Anchor Tough T-Shirt,2016-08-21,4,33.0,1083,141,B,2,P2|642|2016-08-21
P2,642,Columbia Men's PFG Anchor Tough T-Shirt,2016-08-28,18,29.0,1083,160,B,2,P2|642|2016-08-28
P2,642,Columbia Men's PFG Anchor Tough T-Shirt,2016-09-04,3,11.0,1083,180,B,2,P2|642|2016-09-04
P2,642,Columbia Men's PFG Anchor Tough T-Shirt,2016-09-11,0,33.0,1083,163,B,2,P2|642|2016-09-11
P2,642,Columbia Men's PFG Anchor Tough T-Shirt,2016-09-18,5,33.0,1083,87,B,2,P2|642|2016-09-18
P2,642,Columbia Men's PFG Anchor Tough T-Shirt,2016-09-25,4,28.0,1083,133,B,2,P2|642|2016-09-25
P2,642,Columbia Men's PFG Anchor Tough T-Shirt,2016-10-02,5,24.0,1083,157,B,2,P2|642|2016-10-02
P2,642,Columbia Men's PFG Anchor Tough T-Shirt,2016-10-09,16,33.0,1083,168,B,2,P2|642|2016-10-09
P2,642,Columbia Men's PFG Anchor Tough T-Shirt,2016-10-16,1,17.0,1083,104,B,2,P2|642|2016-10-16
P2,642,Columbia Men's PFG Anchor Tough T-Shirt,2016-10-23,12,16.0,1083,98,B,2,P2|642|2016-10-23
P2,642,Columbia Men's PFG Anchor Tough T-Shirt,2016-10-30,3,4.0,1083,197,B,2,P2|642|2016-10-30
P2,642,Columbia Men's PFG Anchor Tough T-Shirt,2016-11-06,14,33.0,1083,186,B,2,P2|642|2016-11-06
P2,642,Columbia Men's PFG Anchor Tough T-Shirt,2016-11-13,6,19.0,1083,232,B,2,P2|642|2016-11-13
P2,642,Columbia Men's PFG Anchor Tough T-Shirt,2016-11-20,18,13.0,1083,176,B,2,P2|642|2016-11-20
P2,642,Columbia Men's PFG Anchor Tough T-Shirt,2016-11-27,11,0.0,1083,135,B,2,P2|642|2016-11-27
P2,642,Columbia Men's PFG Anchor Tough T-Shirt,2016-12-04,7,33.0,1083,118,B,2,P2|642|2016-12-04
P2,642,Columbia Men's PFG Anchor Tough T-Shirt,2016-12-11,4,26.0,1083,145,B,2,P2|642|2016-12-11
P2,642,Columbia Men's PFG Anchor Tough T-Shirt,2016-12-18,8,22.0,1083,213,B,2,P2|642|2016-12-18
P2,642,Columbia Men's PFG Anchor Tough T-Shirt,2016-12-25,25,14.0,1083,124,B,2,P2|642|2016-12-25
P2,642,Columbia Men's PFG Anchor Tough T-Shirt,2017-01-01,1,33.0,1083,161,B,2,P2|642|2017-01-01
P2,642,Columbia Men's PFG Anchor Tough T-Shirt,2017-01-08,4,32.0,1083,252,B,2,P2|642|2017-01-08
P2,642,Columbia Men's PFG Anchor Tough T-Shirt,2017-01-15,1,28.0,1083,105,B,2,P2|642|2017-01-15
P2,642,Columbia Men's PFG Anchor Tough T-Shirt,2017-01-22,16,27.0,1083,119,B,2,P2|642|2017-01-22
P2,642,Columbia Men's PFG Anchor Tough T-Shirt,2017-01-29,0,33.0,1083,153,B,2,P2|642|2017-01-29
P2,642,Columbia Men's PFG Anchor Tough T-Shirt,2017-02-05,13,33.0,1083,96,B,2,P2|642|2017-02-05
P2,642,Columbia Men's PFG Anchor Tough T-Shirt,2017-02-12,9,20.0,1083,122,B,2,P2|642|2017-02-12
P2,642,Columbia Men's PFG Anchor Tough T-Shirt,2017-02-19,11,11.0,1083,186,B,2,P2|642|2017-02-19
P2,642,Columbia Men's PFG Anchor Tough T-Shirt,2017-02-26,7,33.0,1083,103,B,2,P2|642|2017-02-26
P2,642,Columbia Men's PFG Anchor Tough T-Shirt,2017-03-05,6,26.0,1083,38,B,2,P2|642|2017-03-05
P2,642,Columbia Men's PFG Anchor Tough T-Shirt,2017-03-12,8,20.0,1083,93,B,2,P2|642|2017-03-12
P2,642,Columbia Men's PFG Anchor Tough T-Shirt,2017-03-19,10,12.0,1083,208,B,2,P2|642|2017-03-19
P2,642,Columbia Men's PFG Anchor Tough T-Shirt,2017-03-26,15,33.0,1083,181,B,2,P2|642|2017-03-26
P2,642,Columbia Men's PFG Anchor Tough T-Shirt,2017-04-02,5,18.0,1083,147,B,2,P2|642|2017-04-02
P2,642,Columbia Men's PFG Anchor Tough T-Shirt,2017-04-09,5,13.0,1083,160,B,2,P2|642|2017-04-09
P2,642,Columbia Men's PFG Anchor Tough T-Shirt,2017-04-16,8,8.0,1083,244,B,2,P2|642|2017-04-16
P2,642,Columbia Men's PFG Anchor Tough T-Shirt,2017-04-23,11,33.0,1083,180,B,2,P2|642|2017-04-23
P2,646,Merrell Women's Grassbow Sport Hiking Shoe,2017-04-23,1,141.0,1083,180,C,1,P2|646|2017-04-23
P2,646,Merrell Women's Grassbow Sport Hiking Shoe,2017-04-30,5,140.0,1083,285,C,1,P2|646|2017-04-30
P2,646,Merrell Women's Grassbow Sport Hiking Shoe,2017-05-07,11,135.0,1083,287,C,1,P2|646|2017-05-07
P2,646,Merrell Women's Grassbow Sport Hiking Shoe,2017-05-14,14,124.0,1083,277,C,1,P2|646|2017-05-14
P2,646,Merrell Women's Grassbow Sport Hiking Shoe,2017-05-21,12,110.0,1083,262,C,1,P2|646|2017-05-21
P2,646,Merrell Women's Grassbow Sport Hiking Shoe,2017-05-28,11,98.0,1083,329,C,1,P2|646|2017-05-28
P2,646,Merrell Women's Grassbow Sport Hiking Shoe,2017-06-04,4,87.0,1083,237,C,1,P2|646|2017-06-04
P2,646,Merrell Women's Grassbow Sport Hiking Shoe,2017-06-11,14,83.0,1083,307,C,1,P2|646|2017-06-11
P2,646,Merrell Women's Grassbow Sport Hiking Shoe,2017-06-18,5,69.0,1083,317,C,1,P2|646|2017-06-18
P2,646,Merrell Women's Grassbow Sport Hiking Shoe,2017-06-25,9,64.0,1083,224,C,1,P2|646|2017-06-25
P2,646,Merrell Women's Grassbow Sport Hiking Shoe,2017-07-02,7,55.0,1083,207,C,1,P2|646|2017-07-02
P2,646,Merrell Women's Grassbow Sport Hiking Shoe,2017-07-09,3,48.0,1083,290,C,1,P2|646|2017-07-09
P2,646,Merrell Women's Grassbow Sport Hiking Shoe,2017-07-16,16,45.0,1083,359,C,1,P2|646|2017-07-16
P2,646,Merrell Women's Grassbow Sport Hiking Shoe,2017-07-23,7,29.0,1083,226,C,1,P2|646|2017-07-23
P2,646,Merrell Women's Grassbow Sport Hiking Shoe,2017-07-30,24,22.0,1083,322,C,1,P2|646|2017-07-30
P2,646,Merrell Women's Grassbow Sport Hiking Shoe,2017-08-06,11,0.0,1083,212,C,1,P2|646|2017-08-06
P2,646,Merrell Women's Grassbow Sport Hiking Shoe,2017-08-13,1,28.0,1083,309,C,1,P2|646|2017-08-13
P2,646,Merrell Women's Grassbow Sport Hiking Shoe,2017-08-20,7,27.0,1083,291,C,1,P2|646|2017-08-20
P2,646,Merrell Women's Grassbow Sport Hiking Shoe,2017-08-27,9,20.0,1083,270,C,1,P2|646|2017-08-27
P2,646,Merrell Women's Grassbow Sport Hiking Shoe,2017-09-03,21,11.0,1083,226,C,1,P2|646|2017-09-03
P2,646,Merrell Women's Grassbow Sport Hiking Shoe,2017-09-10,13,28.0,1083,233,C,1,P2|646|2017-09-10
P2,646,Merrell Women's Grassbow Sport Hiking Shoe,2017-09-17,2,15.0,1083,344,C,1,P2|646|2017-09-17
P2,647,Merrell Women's Siren Mid Waterproof Hiking B,2017-04-30,3,52.0,1083,285,C,1,P2|647|2017-04-30
P2,647,Merrell Women's Siren Mid Waterproof Hiking B,2017-05-07,6,49.0,1083,287,C,1,P2|647|2017-05-07
P2,647,Merrell Women's Siren Mid Waterproof Hiking B,2017-05-14,5,43.0,1083,277,C,1,P2|647|2017-05-14
P2,647,Merrell Women's Siren Mid Waterproof Hiking B,2017-05-21,5,38.0,1083,262,C,1,P2|647|2017-05-21
P2,647,Merrell Women's Siren Mid Waterproof Hiking B,2017-05-28,7,33.0,1083,329,C,1,P2|647|2017-05-28
P2,647,Merrell Women's Siren Mid Waterproof Hiking B,2017-06-04,2,26.0,1083,237,C,1,P2|647|2017-06-04
P2,647,Merrell Women's Siren Mid Waterproof Hiking B,2017-06-11,3,24.0,1083,307,C,1,P2|647|2017-06-11
P2,647,Merrell Women's Siren Mid Waterproof Hiking B,2017-06-18,3,21.0,1083,317,C,1,P2|647|2017-06-18
P2,647,Merrell Women's Siren Mid Waterproof Hiking B,2017-06-25,2,18.0,1083,224,C,1,P2|647|2017-06-25
P2,647,Merrell Women's Siren Mid Waterproof Hiking B,2017-07-02,3,16.0,1083,207,C,1,P2|647|2017-07-02
P2,647,Merrell Women's Siren Mid Waterproof Hiking B,2017-07-09,0,13.0,1083,290,C,1,P2|647|2017-07-09
P2,647,Merrell Women's Siren Mid Waterproof Hiking B,2017-07-16,3,13.0,1083,359,C,1,P2|647|2017-07-16
P2,647,Merrell Women's Siren Mid Waterproof Hiking B,2017-07-23,4,10.0,1083,226,C,1,P2|647|2017-07-23
P2,647,Merrell Women's Siren Mid Waterproof Hiking B,2017-07-30,3,6.0,1083,322,C,1,P2|647|2017-07-30
P2,647,Merrell Women's Siren Mid Waterproof Hiking B,2017-08-06,4,3.0,1083,212,C,1,P2|647|2017-08-06
P2,647,Merrell Women's Siren Mid Waterproof Hiking B,2017-08-13,4,0.0,1083,309,C,1,P2|647|2017-08-13
P2,647,Merrell Women's Siren Mid Waterproof Hiking B,2017-08-20,1,10.0,1083,291,C,1,P2|647|2017-08-20
P2,647,Merrell Women's Siren Mid Waterproof Hiking B,2017-08-27,5,9.0,1083,270,C,1,P2|647|2017-08-27
P2,647,Merrell Women's Siren Mid Waterproof Hiking B,2017-09-03,5,4.0,1083,226,C,1,P2|647|2017-09-03
P2,647,Merrell Women's Siren Mid Waterproof Hiking B,2017-09-10,2,0.0,1083,233,C,1,P2|647|2017-09-10
P2,652,Merrell Women's Grassbow Sport Waterproof Hik,2017-04-23,1,41.0,1083,180,C,1,P2|652|2017-04-23
P2,652,Merrell Women's Grassbow Sport Waterproof Hik,2017-04-30,1,40.0,1083,285,C,1,P2|652|2017-04-30
P2,652,Merrell Women's Grassbow Sport Waterproof Hik,2017-05-07,3,39.0,1083,287,C,1,P2|652|2017-05-07
P2,652,Merrell Women's Grassbow Sport Waterproof Hik,2017-05-14,3,36.0,1083,277,C,1,P2|652|2017-05-14
P2,652,Merrell Women's Grassbow Sport Waterproof Hik,2017-05-21,2,33.0,1083,262,C,1,P2|652|2017-05-21
P2,652,Merrell Women's Grassbow Sport Waterproof Hik,2017-05-28,5,31.0,1083,329,C,1,P2|652|2017-05-28
P2,652,Merrell Women's Grassbow Sport Waterproof Hik,2017-06-04,4,26.0,1083,237,C,1,P2|652|2017-06-04
P2,652,Merrell Women's Grassbow Sport Waterproof Hik,2017-06-11,4,22.0,1083,307,C,1,P2|652|2017-06-11
P2,652,Merrell Women's Grassbow Sport Waterproof Hik,2017-06-18,4,18.0,1083,317,C,1,P2|652|2017-06-18
P2,652,Merrell Women's Grassbow Sport Waterproof Hik,2017-06-25,1,14.0,1083,224,C,1,P2|652|2017-06-25
P2,652,Merrell Women's Grassbow Sport Waterproof Hik,2017-07-02,4,13.0,1083,207,C,1,P2|652|2017-07-02
P2,652,Merrell Women's Grassbow Sport Waterproof Hik,2017-07-09,2,9.0,1083,290,C,1,P2|652|2017-07-09
P2,652,Merrell Women's Grassbow Sport Waterproof Hik,2017-07-16,3,8.0,1083,359,C,1,P2|652|2017-07-16
P2,652,Merrell Women's Grassbow Sport Waterproof Hik,2017-07-23,6,5.0,1083,226,C,1,P2|652|2017-07-23
P2,652,Merrell Women's Grassbow Sport Waterproof Hik,2017-07-30,2,0.0,1083,322,C,1,P2|652|2017-07-30
P2,652,Merrell Women's Grassbow Sport Waterproof Hik,2017-08-06,1,0.0,1083,212,C,1,P2|652|2017-08-06
P2,652,Merrell Women's Grassbow Sport Waterproof Hik,2017-08-13,1,8.0,1083,309,C,1,P2|652|2017-08-13
P2,652,Merrell Women's Grassbow Sport Waterproof Hik,2017-08-20,2,7.0,1083,291,C,1,P2|652|2017-08-20
P2,652,Merrell Women's Grassbow Sport Waterproof Hik,2017-08-27,4,5.0,1083,270,C,1,P2|652|2017-08-27
P2,652,Merrell Women's Grassbow Sport Waterproof Hik,2017-09-03,3,1.0,1083,226,C,1,P2|652|2017-09-03
P2,652,Merrell Women's Grassbow Sport Waterproof Hik,2017-09-10,2,8.0,1083,233,C,1,P2|652|2017-09-10
P2,666,Merrell Men's All Out Flash Trail Running Sho,2017-04-23,2,61.0,1083,180,C,1,P2|666|2017-04-23
P2,666,Merrell Men's All Out Flash Trail Running Sho,2017-04-30,5,59.0,1083,285,C,1,P2|666|2017-04-30
P2,666,Merrell Men's All Out Flash Trail Running Sho,2017-05-07,2,54.0,1083,287,C,1,P2|666|2017-05-07
P2,666,Merrell Men's All Out Flash Trail Running Sho,2017-05-14,3,52.0,1083,277,C,1,P2|666|2017-05-14
P2,666,Merrell Men's All Out Flash Trail Running Sho,2017-05-21,3,49.0,1083,262,C,1,P2|666|2017-05-21
P2,666,Merrell Men's All Out Flash Trail Running Sho,2017-05-28,3,46.0,1083,329,C,1,P2|666|2017-05-28
P2,666,Merrell Men's All Out Flash Trail Running Sho,2017-06-04,4,43.0,1083,237,C,1,P2|666|2017-06-04
P2,666,Merrell Men's All Out Flash Trail Running Sho,2017-06-11,6,39.0,1083,307,C,1,P2|666|2017-06-11
P2,666,Merrell Men's All Out Flash Trail Running Sho,2017-06-18,7,33.0,1083,317,C,1,P2|666|2017-06-18
P2,666,Merrell Men's All Out Flash Trail Running Sho,2017-06-25,5,26.0,1083,224,C,1,P2|666|2017-06-25
P2,666,Merrell Men's All Out Flash Trail Running Sho,2017-07-02,3,21.0,1083,207,C,1,P2|666|2017-07-02
P2,666,Merrell Men's All Out Flash Trail Running Sho,2017-07-09,5,18.0,1083,290,C,1,P2|666|2017-07-09
P2,666,Merrell Men's All Out Flash Trail Running Sho,2017-07-16,3,13.0,1083,359,C,1,P2|666|2017-07-16
P2,666,Merrell Men's All Out Flash Trail Running Sho,2017-07-23,6,10.0,1083,226,C,1,P2|666|2017-07-23
P2,666,Merrell Men's All Out Flash Trail Running Sho,2017-07-30,5,4.0,1083,322,C,1,P2|666|2017-07-30
P2,666,Merrell Men's All Out Flash Trail Running Sho,2017-08-06,4,0.0,1083,212,C,1,P2|666|2017-08-06
P2,666,Merrell Men's All Out Flash Trail Running Sho,2017-08-13,3,12.0,1083,309,C,1,P2|666|2017-08-13
P2,666,Merrell Men's All Out Flash Trail Running Sho,2017-08-20,7,9.0,1083,291,C,1,P2|666|2017-08-20
P2,666,Merrell Men's All Out Flash Trail Running Sho,2017-08-27,4,2.0,1083,270,C,1,P2|666|2017-08-27
P2,666,Merrell Men's All Out Flash Trail Running Sho,2017-09-03,2,0.0,1083,226,C,1,P2|666|2017-09-03
P2,666,Merrell Men's All Out Flash Trail Running Sho,2017-09-10,3,12.0,1083,233,C,1,P2|666|2017-09-10
P2,671,Cleveland Golf Collegiate My Custom Wedge 588,2017-04-30,5,49.0,1083,285,C,1,P2|671|2017-04-30
P2,671,Cleveland Golf Collegiate My Custom Wedge 588,2017-05-07,3,44.0,1083,287,C,1,P2|671|2017-05-07
P2,671,Cleveland Golf Collegiate My Custom Wedge 588,2017-05-14,4,41.0,1083,277,C,1,P2|671|2017-05-14
P2,671,Cleveland Golf Collegiate My Custom Wedge 588,2017-05-21,4,37.0,1083,262,C,1,P2|671|2017-05-21
P2,671,Cleveland Golf Collegiate My Custom Wedge 588,2017-05-28,4,33.0,1083,329,C,1,P2|671|2017-05-28
P2,671,Cleveland Golf Collegiate My Custom Wedge 588,2017-06-04,3,29.0,1083,237,C,1,P2|671|2017-06-04
P2,671,Cleveland Golf Collegiate My Custom Wedge 588,2017-06-11,2,26.0,1083,307,C,1,P2|671|2017-06-11
P2,671,Cleveland Golf Collegiate My Custom Wedge 588,2017-06-18,3,24.0,1083,317,C,1,P2|671|2017-06-18
P2,671,Cleveland Golf Collegiate My Custom Wedge 588,2017-06-25,3,21.0,1083,224,C,1,P2|671|2017-06-25
P2,671,Cleveland Golf Collegiate My Custom Wedge 588,2017-07-02,2,18.0,1083,207,C,1,P2|671|2017-07-02
P2,671,Cleveland Golf Collegiate My Custom Wedge 588,2017-07-09,5,16.0,1083,290,C,1,P2|671|2017-07-09
P2,671,Cleveland Golf Collegiate My Custom Wedge 588,2017-07-16,4,11.0,1083,359,C,1,P2|671|2017-07-16
P2,671,Cleveland Golf Collegiate My Custom Wedge 588,2017-07-23,4,10.0,1083,226,C,1,P2|671|2017-07-23
P2,671,Cleveland Golf Collegiate My Custom Wedge 588,2017-07-30,4,6.0,1083,322,C,1,P2|671|2017-07-30
P2,671,Cleveland Golf Collegiate My Custom Wedge 588,2017-08-06,3,2.0,1083,212,C,1,P2|671|2017-08-06
P2,671,Cleveland Golf Collegiate My Custom Wedge 588,2017-08-13,5,0.0,1083,309,C,1,P2|671|2017-08-13
P2,671,Cleveland Golf Collegiate My Custom Wedge 588,2017-08-20,3,10.0,1083,291,C,1,P2|671|2017-08-20
P2,671,Cleveland Golf Collegiate My Custom Wedge 588,2017-08-27,2,7.0,1083,270,C,1,P2|671|2017-08-27
P2,671,Cleveland Golf Collegiate My Custom Wedge 588,2017-09-03,1,5.0,1083,226,C,1,P2|671|2017-09-03
P2,671,Cleveland Golf Collegiate My Custom Wedge 588,2017-09-10,1,4.0,1083,233,C,1,P2|671|2017-09-10
P2,677,TaylorMade White Smoke IN-12 Putter,2017-04-30,7,145.0,1083,285,C,1,P2|677|2017-04-30
P2,677,TaylorMade White Smoke IN-12 Putter,2017-05-07,3,138.0,1083,287,C,1,P2|677|2017-05-07
P2,677,TaylorMade White Smoke IN-12 Putter,2017-05-14,17,135.0,1083,277,C,1,P2|677|2017-05-14
P2,677,TaylorMade White Smoke IN-12 Putter,2017-05-21,17,118.0,1083,262,C,1,P2|677|2017-05-21
P2,677,TaylorMade White Smoke IN-12 Putter,2017-05-28,1,101.0,1083,329,C,1,P2|677|2017-05-28
P2,677,TaylorMade White Smoke IN-12 Putter,2017-06-04,14,100.0,1083,237,C,1,P2|677|2017-06-04
P2,677,TaylorMade White Smoke IN-12 Putter,2017-06-11,3,86.0,1083,307,C,1,P2|677|2017-06-11
P2,677,TaylorMade White Smoke IN-12 Putter,2017-06-18,10,83.0,1083,317,C,1,P2|677|2017-06-18
P2,677,TaylorMade White Smoke IN-12 Putter,2017-06-25,8,73.0,1083,224,C,1,P2|677|2017-06-25
P2,677,TaylorMade White Smoke IN-12 Putter,2017-07-02,12,65.0,1083,207,C,1,P2|677|2017-07-02
P2,677,TaylorMade White Smoke IN-12 Putter,2017-07-09,12,53.0,1083,290,C,1,P2|677|2017-07-09
P2,677,TaylorMade White Smoke IN-12 Putter,2017-07-16,4,41.0,1083,359,C,1,P2|677|2017-07-16
P2,677,TaylorMade White Smoke IN-12 Putter,2017-07-23,6,37.0,1083,226,C,1,P2|677|2017-07-23
P2,677,TaylorMade White Smoke IN-12 Putter,2017-07-30,9,31.0,1083,322,C,1,P2|677|2017-07-30
P2,677,TaylorMade White Smoke IN-12 Putter,2017-08-06,16,22.0,1083,212,C,1,P2|677|2017-08-06
P2,677,TaylorMade White Smoke IN-12 Putter,2017-08-13,15,6.0,1083,309,C,1,P2|677|2017-08-13
P2,677,TaylorMade White Smoke IN-12 Putter,2017-08-20,12,29.0,1083,291,C,1,P2|677|2017-08-20
P2,677,TaylorMade White Smoke IN-12 Putter,2017-08-27,6,17.0,1083,270,C,1,P2|677|2017-08-27
P2,677,TaylorMade White Smoke IN-12 Putter,2017-09-03,8,11.0,1083,226,C,1,P2|677|2017-09-03
P2,677,TaylorMade White Smoke IN-12 Putter,2017-09-10,13,3.0,1083,233,C,1,P2|677|2017-09-10
P2,691,MDGolf Pittsburgh Penguins Putter,2017-04-23,8,109.0,1083,180,C,1,P2|691|2017-04-23
P2,691,MDGolf Pittsburgh Penguins Putter,2017-04-30,7,101.0,1083,285,C,1,P2|691|2017-04-30
P2,691,MDGolf Pittsburgh Penguins Putter,2017-05-07,2,94.0,1083,287,C,1,P2|691|2017-05-07
P2,691,MDGolf Pittsburgh Penguins Putter,2017-05-14,8,92.0,1083,277,C,1,P2|691|2017-05-14
P2,691,MDGolf Pittsburgh Penguins Putter,2017-05-21,5,84.0,1083,262,C,1,P2|691|2017-05-21
P2,691,MDGolf Pittsburgh Penguins Putter,2017-05-28,8,79.0,1083,329,C,1,P2|691|2017-05-28
P2,691,MDGolf Pittsburgh Penguins Putter,2017-06-04,1,71.0,1083,237,C,1,P2|691|2017-06-04
P2,691,MDGolf Pittsburgh Penguins Putter,2017-06-11,6,70.0,1083,307,C,1,P2|691|2017-06-11
P2,691,MDGolf Pittsburgh Penguins Putter,2017-06-18,2,64.0,1083,317,C,1,P2|691|2017-06-18
P2,691,MDGolf Pittsburgh Penguins Putter,2017-06-25,9,62.0,1083,224,C,1,P2|691|2017-06-25
P2,691,MDGolf Pittsburgh Penguins Putter,2017-07-02,3,53.0,1083,207,C,1,P2|691|2017-07-02
P2,691,MDGolf Pittsburgh Penguins Putter,2017-07-09,4,50.0,1083,290,C,1,P2|691|2017-07-09
P2,691,MDGolf Pittsburgh Penguins Putter,2017-07-16,5,46.0,1083,359,C,1,P2|691|2017-07-16
P2,691,MDGolf Pittsburgh Penguins Putter,2017-07-23,12,41.0,1083,226,C,1,P2|691|2017-07-23
P2,691,MDGolf Pittsburgh Penguins Putter,2017-07-30,4,29.0,1083,322,C,1,P2|691|2017-07-30
P2,691,MDGolf Pittsburgh Penguins Putter,2017-08-06,13,25.0,1083,212,C,1,P2|691|2017-08-06
P2,691,MDGolf Pittsburgh Penguins Putter,2017-08-13,16,22.0,1083,309,C,1,P2|691|2017-08-13
P2,691,MDGolf Pittsburgh Penguins Putter,2017-08-20,7,6.0,1083,291,C,1,P2|691|2017-08-20
P2,691,MDGolf Pittsburgh Penguins Putter,2017-08-27,9,0.0,1083,270,C,1,P2|691|2017-08-27
P2,691,MDGolf Pittsburgh Penguins Putter,2017-09-03,16,0.0,1083,226,C,1,P2|691|2017-09-03
P2,703,Top Flite Women's 2014 XL Hybrid,2015-01-11,8,111.0,1083,249,C,1,P2|703|2015-01-11
P2,703,Top Flite Women's 2014 XL Hybrid,2015-01-18,4,103.0,1083,64,C,1,P2|703|2015-01-18
P2,703,Top Flite Women's 2014 XL Hybrid,2015-01-25,4,99.0,1083,167,C,1,P2|703|2015-01-25
P2,703,Top Flite Women's 2014 XL Hybrid,2015-02-01,2,95.0,1083,93,C,1,P2|703|2015-02-01
P2,703,Top Flite Women's 2014 XL Hybrid,2015-02-08,9,93.0,1083,203,C,1,P2|703|2015-02-08
P2,703,Top Flite Women's 2014 XL Hybrid,2015-02-15,15,84.0,1083,178,C,1,P2|703|2015-02-15
P2,703,Top Flite Women's 2014 XL Hybrid,2015-02-22,3,69.0,1083,95,C,1,P2|703|2015-02-22
P2,703,Top Flite Women's 2014 XL Hybrid,2015-03-01,5,66.0,1083,93,C,1,P2|703|2015-03-01
P2,703,Top Flite Women's 2014 XL Hybrid,2015-03-08,0,61.0,1083,47,C,1,P2|703|2015-03-08
P2,703,Top Flite Women's 2014 XL Hybrid,2015-03-15,2,61.0,1083,224,C,1,P2|703|2015-03-15
P2,703,Top Flite Women's 2014 XL Hybrid,2015-03-22,3,59.0,1083,110,C,1,P2|703|2015-03-22
P2,703,Top Flite Women's 2014 XL Hybrid,2015-03-29,5,56.0,1083,63,C,1,P2|703|2015-03-29
P2,703,Top Flite Women's 2014 XL Hybrid,2015-04-05,10,51.0,1083,124,C,1,P2|703|2015-04-05
P2,703,Top Flite Women's 2014 XL Hybrid,2015-04-12,4,41.0,1083,64,C,1,P2|703|2015-04-12
P2,703,Top Flite Women's 2014 XL Hybrid,2015-04-19,17,37.0,1083,125,C,1,P2|703|2015-04-19
P2,703,Top Flite Women's 2014 XL Hybrid,2015-04-26,8,20.0,1083,288,C,1,P2|703|2015-04-26
P2,703,Top Flite Women's 2014 XL Hybrid,2015-05-03,5,22.0,1083,119,C,1,P2|703|2015-05-03
P2,703,Top Flite Women's 2014 XL Hybrid,2015-05-10,9,17.0,1083,143,C,1,P2|703|2015-05-10
P2,703,Top Flite Women's 2014 XL Hybrid,2015-05-17,5,8.0,1083,145,C,1,P2|703|2015-05-17
P2,703,Top Flite Women's 2014 XL Hybrid,2015-05-24,9,3.0,1083,121,C,1,P2|703|2015-05-24
P2,703,Top Flite Women's 2014 XL Hybrid,2015-05-31,5,22.0,1083,48,C,1,P2|703|2015-05-31
P2,703,Top Flite Women's 2014 XL Hybrid,2015-06-07,9,17.0,1083,184,C,1,P2|703|2015-06-07
P2,703,Top Flite Women's 2014 XL Hybrid,2015-06-14,18,8.0,1083,256,C,1,P2|703|2015-06-14
P2,703,Top Flite Women's 2014 XL Hybrid,2015-06-21,5,0.0,1083,196,C,1,P2|703|2015-06-21
P2,703,Top Flite Women's 2014 XL Hybrid,2015-06-28,9,22.0,1083,183,C,1,P2|703|2015-06-28
P2,703,Top Flite Women's 2014 XL Hybrid,2015-07-05,0,13.0,1083,139,C,1,P2|703|2015-07-05
P2,703,Top Flite Women's 2014 XL Hybrid,2015-07-12,29,13.0,1083,89,C,1,P2|703|2015-07-12
P2,703,Top Flite Women's 2014 XL Hybrid,2015-07-19,7,0.0,1083,87,C,1,P2|703|2015-07-19
P2,703,Top Flite Women's 2014 XL Hybrid,2015-07-26,4,22.0,1083,132,C,1,P2|703|2015-07-26
P2,703,Top Flite Women's 2014 XL Hybrid,2015-08-02,8,18.0,1083,148,C,1,P2|703|2015-08-02
P2,703,Top Flite Women's 2014 XL Hybrid,2015-08-09,12,10.0,1083,184,C,1,P2|703|2015-08-09
P2,703,Top Flite Women's 2014 XL Hybrid,2015-08-16,15,0.0,1083,113,C,1,P2|703|2015-08-16
P2,703,Top Flite Women's 2014 XL Hybrid,2015-08-23,15,22.0,1083,168,C,1,P2|703|2015-08-23
P2,703,Top Flite Women's 2014 XL Hybrid,2015-08-30,3,7.0,1083,125,C,1,P2|703|2015-08-30
P2,703,Top Flite Women's 2014 XL Hybrid,2015-09-06,0,4.0,1083,181,C,1,P2|703|2015-09-06
P2,703,Top Flite Women's 2014 XL Hybrid,2015-09-13,0,4.0,1083,240,C,1,P2|703|2015-09-13
P2,703,Top Flite Women's 2014 XL Hybrid,2015-09-20,3,22.0,1083,116,C,1,P2|703|2015-09-20
P2,703,Top Flite Women's 2014 XL Hybrid,2015-09-27,10,19.0,1083,35,C,1,P2|703|2015-09-27
P2,703,Top Flite Women's 2014 XL Hybrid,2015-10-04,8,9.0,1083,240,C,1,P2|703|2015-10-04
P2,703,Top Flite Women's 2014 XL Hybrid,2015-10-11,8,1.0,1083,116,C,1,P2|703|2015-10-11
P2,703,Top Flite Women's 2014 XL Hybrid,2015-10-18,10,22.0,1083,53,C,1,P2|703|2015-10-18
P2,703,Top Flite Women's 2014 XL Hybrid,2015-10-25,5,12.0,1083,220,C,1,P2|703|2015-10-25
P2,703,Top Flite Women's 2014 XL Hybrid,2015-11-01,5,7.0,1083,186,C,1,P2|703|2015-11-01
P2,703,Top Flite Women's 2014 XL Hybrid,2015-11-08,7,2.0,1083,125,C,1,P2|703|2015-11-08
P2,703,Top Flite Women's 2014 XL Hybrid,2015-11-15,3,22.0,1083,113,C,1,P2|703|2015-11-15
P2,703,Top Flite Women's 2014 XL Hybrid,2015-11-22,18,19.0,1083,124,C,1,P2|703|2015-11-22
P2,703,Top Flite Women's 2014 XL Hybrid,2015-11-29,4,1.0,1083,225,C,1,P2|703|2015-11-29
P2,703,Top Flite Women's 2014 XL Hybrid,2015-12-06,11,0.0,1083,124,C,1,P2|703|2015-12-06
P2,703,Top Flite Women's 2014 XL Hybrid,2015-12-13,1,22.0,1083,232,C,1,P2|703|2015-12-13
P2,703,Top Flite Women's 2014 XL Hybrid,2015-12-20,13,21.0,1083,141,C,1,P2|703|2015-12-20
P2,703,Top Flite Women's 2014 XL Hybrid,2015-12-27,5,8.0,1083,83,C,1,P2|703|2015-12-27
P2,703,Top Flite Women's 2014 XL Hybrid,2016-01-03,2,3.0,1083,127,C,1,P2|703|2016-01-03
P2,703,Top Flite Women's 2014 XL Hybrid,2016-01-10,7,22.0,1083,150,C,1,P2|703|2016-01-10
P2,703,Top Flite Women's 2014 XL Hybrid,2016-01-17,1,15.0,1083,245,C,1,P2|703|2016-01-17
P2,703,Top Flite Women's 2014 XL Hybrid,2016-01-24,9,14.0,1083,156,C,1,P2|703|2016-01-24
P2,703,Top Flite Women's 2014 XL Hybrid,2016-01-31,3,5.0,1083,129,C,1,P2|703|2016-01-31
P2,703,Top Flite Women's 2014 XL Hybrid,2016-02-07,7,22.0,1083,290,C,1,P2|703|2016-02-07
P2,703,Top Flite Women's 2014 XL Hybrid,2016-02-14,4,15.0,1083,111,C,1,P2|703|2016-02-14
P2,703,Top Flite Women's 2014 XL Hybrid,2016-02-21,10,11.0,1083,205,C,1,P2|703|2016-02-21
P2,703,Top Flite Women's 2014 XL Hybrid,2016-02-28,4,1.0,1083,165,C,1,P2|703|2016-02-28
P2,703,Top Flite Women's 2014 XL Hybrid,2016-03-06,6,22.0,1083,112,C,1,P2|703|2016-03-06
P2,703,Top Flite Women's 2014 XL Hybrid,2016-03-13,13,16.0,1083,255,C,1,P2|703|2016-03-13
P2,703,Top Flite Women's 2014 XL Hybrid,2016-03-20,10,3.0,1083,244,C,1,P2|703|2016-03-20
P2,703,Top Flite Women's 2014 XL Hybrid,2016-03-27,3,0.0,1083,199,C,1,P2|703|2016-03-27
P2,703,Top Flite Women's 2014 XL Hybrid,2016-04-03,5,22.0,1083,70,C,1,P2|703|2016-04-03
P2,703,Top Flite Women's 2014 XL Hybrid,2016-04-10,11,17.0,1083,227,C,1,P2|703|2016-04-10
P2,703,Top Flite Women's 2014 XL Hybrid,2016-04-17,12,6.0,1083,93,C,1,P2|703|2016-04-17
P2,703,Top Flite Women's 2014 XL Hybrid,2016-04-24,4,0.0,1083,114,C,1,P2|703|2016-04-24
P2,703,Top Flite Women's 2014 XL Hybrid,2016-05-01,8,22.0,1083,210,C,1,P2|703|2016-05-01
P2,703,Top Flite Women's 2014 XL Hybrid,2016-05-08,15,14.0,1083,200,C,1,P2|703|2016-05-08
P2,703,Top Flite Women's 2014 XL Hybrid,2016-05-15,6,0.0,1083,123,C,1,P2|703|2016-05-15
P2,703,Top Flite Women's 2014 XL Hybrid,2016-05-22,7,0.0,1083,151,C,1,P2|703|2016-05-22
P2,703,Top Flite Women's 2014 XL Hybrid,2016-05-29,10,22.0,1083,243,C,1,P2|703|2016-05-29
P2,703,Top Flite Women's 2014 XL Hybrid,2016-06-05,0,12.0,1083,136,C,1,P2|703|2016-06-05
P2,703,Top Flite Women's 2014 XL Hybrid,2016-06-12,6,12.0,1083,196,C,1,P2|703|2016-06-12
P2,703,Top Flite Women's 2014 XL Hybrid,2016-06-19,7,6.0,1083,201,C,1,P2|703|2016-06-19
P2,703,Top Flite Women's 2014 XL Hybrid,2016-06-26,9,22.0,1083,48,C,1,P2|703|2016-06-26
P2,703,Top Flite Women's 2014 XL Hybrid,2016-07-03,1,13.0,1083,192,C,1,P2|703|2016-07-03
P2,703,Top Flite Women's 2014 XL Hybrid,2016-07-10,14,12.0,1083,193,C,1,P2|703|2016-07-10
P2,703,Top Flite Women's 2014 XL Hybrid,2016-07-17,7,0.0,1083,117,C,1,P2|703|2016-07-17
P2,703,Top Flite Women's 2014 XL Hybrid,2016-07-24,9,22.0,1083,149,C,1,P2|703|2016-07-24
P2,703,Top Flite Women's 2014 XL Hybrid,2016-07-31,9,13.0,1083,154,C,1,P2|703|2016-07-31
P2,703,Top Flite Women's 2014 XL Hybrid,2016-08-07,10,4.0,1083,117,C,1,P2|703|2016-08-07
P2,703,Top Flite Women's 2014 XL Hybrid,2016-08-14,4,0.0,1083,92,C,1,P2|703|2016-08-14
P2,703,Top Flite Women's 2014 XL Hybrid,2016-08-21,18,22.0,1083,141,C,1,P2|703|2016-08-21
P2,703,Top Flite Women's 2014 XL Hybrid,2016-08-28,12,4.0,1083,160,C,1,P2|703|2016-08-28
P2,703,Top Flite Women's 2014 XL Hybrid,2016-09-04,9,0.0,1083,180,C,1,P2|703|2016-09-04
P2,703,Top Flite Women's 2014 XL Hybrid,2016-09-11,10,0.0,1083,163,C,1,P2|703|2016-09-11
P2,703,Top Flite Women's 2014 XL Hybrid,2016-09-18,6,22.0,1083,87,C,1,P2|703|2016-09-18
P2,703,Top Flite Women's 2014 XL Hybrid,2016-09-25,7,16.0,1083,133,C,1,P2|703|2016-09-25
P2,703,Top Flite Women's 2014 XL Hybrid,2016-10-02,15,9.0,1083,157,C,1,P2|703|2016-10-02
P2,703,Top Flite Women's 2014 XL Hybrid,2016-10-09,12,0.0,1083,168,C,1,P2|703|2016-10-09
P2,703,Top Flite Women's 2014 XL Hybrid,2016-10-16,5,22.0,1083,104,C,1,P2|703|2016-10-16
P2,703,Top Flite Women's 2014 XL Hybrid,2016-10-23,4,17.0,1083,98,C,1,P2|703|2016-10-23
P2,703,Top Flite Women's 2014 XL Hybrid,2016-10-30,3,13.0,1083,197,C,1,P2|703|2016-10-30
P2,703,Top Flite Women's 2014 XL Hybrid,2016-11-06,13,10.0,1083,186,C,1,P2|703|2016-11-06
P2,703,Top Flite Women's 2014 XL Hybrid,2016-11-13,9,22.0,1083,232,C,1,P2|703|2016-11-13
P2,703,Top Flite Women's 2014 XL Hybrid,2016-11-20,8,13.0,1083,176,C,1,P2|703|2016-11-20
P2,703,Top Flite Women's 2014 XL Hybrid,2016-11-27,8,5.0,1083,135,C,1,P2|703|2016-11-27
P2,703,Top Flite Women's 2014 XL Hybrid,2016-12-04,3,0.0,1083,118,C,1,P2|703|2016-12-04
P2,703,Top Flite Women's 2014 XL Hybrid,2016-12-11,4,22.0,1083,145,C,1,P2|703|2016-12-11
P2,703,Top Flite Women's 2014 XL Hybrid,2016-12-18,0,18.0,1083,213,C,1,P2|703|2016-12-18
P2,703,Top Flite Women's 2014 XL Hybrid,2016-12-25,7,18.0,1083,124,C,1,P2|703|2016-12-25
P2,703,Top Flite Women's 2014 XL Hybrid,2017-01-01,18,11.0,1083,161,C,1,P2|703|2017-01-01
P2,703,Top Flite Women's 2014 XL Hybrid,2017-01-08,7,22.0,1083,252,C,1,P2|703|2017-01-08
P2,703,Top Flite Women's 2014 XL Hybrid,2017-01-15,8,15.0,1083,105,C,1,P2|703|2017-01-15
P2,703,Top Flite Women's 2014 XL Hybrid,2017-01-22,5,7.0,1083,119,C,1,P2|703|2017-01-22
P2,703,Top Flite Women's 2014 XL Hybrid,2017-01-29,2,2.0,1083,153,C,1,P2|703|2017-01-29
P2,703,Top Flite Women's 2014 XL Hybrid,2017-02-05,14,22.0,1083,96,C,1,P2|703|2017-02-05
P2,703,Top Flite Women's 2014 XL Hybrid,2017-02-12,6,8.0,1083,122,C,1,P2|703|2017-02-12
P2,703,Top Flite Women's 2014 XL Hybrid,2017-02-19,5,2.0,1083,186,C,1,P2|703|2017-02-19
P2,703,Top Flite Women's 2014 XL Hybrid,2017-02-26,9,0.0,1083,103,C,1,P2|703|2017-02-26
P2,703,Top Flite Women's 2014 XL Hybrid,2017-03-05,5,22.0,1083,38,C,1,P2|703|2017-03-05
P2,703,Top Flite Women's 2014 XL Hybrid,2017-03-12,11,17.0,1083,93,C,1,P2|703|2017-03-12
P2,703,Top Flite Women's 2014 XL Hybrid,2017-03-19,3,6.0,1083,208,C,1,P2|703|2017-03-19
P2,703,Top Flite Women's 2014 XL Hybrid,2017-03-26,3,3.0,1083,181,C,1,P2|703|2017-03-26
P2,703,Top Flite Women's 2014 XL Hybrid,2017-04-02,1,22.0,1083,147,C,1,P2|703|2017-04-02
P2,703,Top Flite Women's 2014 XL Hybrid,2017-04-09,13,21.0,1083,160,C,1,P2|703|2017-04-09
P2,703,Top Flite Women's 2014 XL Hybrid,2017-04-16,11,8.0,1083,244,C,1,P2|703|2017-04-16
P2,703,Top Flite Women's 2014 XL Hybrid,2017-04-23,3,0.0,1083,180,C,1,P2|703|2017-04-23
P2,705,Cleveland Golf Women's 588 RTX CB Satin Chrom,2017-04-23,2,50.0,1083,180,C,1,P2|705|2017-04-23
P2,705,Cleveland Golf Women's 588 RTX CB Satin Chrom,2017-04-30,6,48.0,1083,285,C,1,P2|705|2017-04-30
P2,705,Cleveland Golf Women's 588 RTX CB Satin Chrom,2017-05-07,3,42.0,1083,287,C,1,P2|705|2017-05-07
P2,705,Cleveland Golf Women's 588 RTX CB Satin Chrom,2017-05-14,1,39.0,1083,277,C,1,P2|705|2017-05-14
P2,705,Cleveland Golf Women's 588 RTX CB Satin Chrom,2017-05-21,0,38.0,1083,262,C,1,P2|705|2017-05-21
P2,705,Cleveland Golf Women's 588 RTX CB Satin Chrom,2017-05-28,4,38.0,1083,329,C,1,P2|705|2017-05-28
P2,705,Cleveland Golf Women's 588 RTX CB Satin Chrom,2017-06-04,4,34.0,1083,237,C,1,P2|705|2017-06-04
P2,705,Cleveland Golf Women's 588 RTX CB Satin Chrom,2017-06-11,3,30.0,1083,307,C,1,P2|705|2017-06-11
P2,705,Cleveland Golf Women's 588 RTX CB Satin Chrom,2017-06-18,5,27.0,1083,317,C,1,P2|705|2017-06-18
P2,705,Cleveland Golf Women's 588 RTX CB Satin Chrom,2017-06-25,0,22.0,1083,224,C,1,P2|705|2017-06-25
P2,705,Cleveland Golf Women's 588 RTX CB Satin Chrom,2017-07-02,5,22.0,1083,207,C,1,P2|705|2017-07-02
P2,705,Cleveland Golf Women's 588 RTX CB Satin Chrom,2017-07-09,5,17.0,1083,290,C,1,P2|705|2017-07-09
P2,705,Cleveland Golf Women's 588 RTX CB Satin Chrom,2017-07-16,4,12.0,1083,359,C,1,P2|705|2017-07-16
P2,705,Cleveland Golf Women's 588 RTX CB Satin Chrom,2017-07-23,4,8.0,1083,226,C,1,P2|705|2017-07-23
P2,705,Cleveland Golf Women's 588 RTX CB Satin Chrom,2017-07-30,5,4.0,1083,322,C,1,P2|705|2017-07-30
P2,705,Cleveland Golf Women's 588 RTX CB Satin Chrom,2017-08-06,2,0.0,1083,212,C,1,P2|705|2017-08-06
P2,705,Cleveland Golf Women's 588 RTX CB Satin Chrom,2017-08-13,2,10.0,1083,309,C,1,P2|705|2017-08-13
P2,705,Cleveland Golf Women's 588 RTX CB Satin Chrom,2017-08-20,3,8.0,1083,291,C,1,P2|705|2017-08-20
P2,705,Cleveland Golf Women's 588 RTX CB Satin Chrom,2017-08-27,6,5.0,1083,270,C,1,P2|705|2017-08-27
P2,705,Cleveland Golf Women's 588 RTX CB Satin Chrom,2017-09-03,5,0.0,1083,226,C,1,P2|705|2017-09-03
P2,705,Cleveland Golf Women's 588 RTX CB Satin Chrom,2017-09-10,1,10.0,1083,233,C,1,P2|705|2017-09-10
P2,715,TaylorMade Women's RBZ SL Rescue,2017-04-23,1,49.0,1083,180,C,1,P2|715|2017-04-23
P2,715,TaylorMade Women's RBZ SL Rescue,2017-04-30,3,48.0,1083,285,C,1,P2|715|2017-04-30
P2,715,TaylorMade Women's RBZ SL Rescue,2017-05-07,3,45.0,1083,287,C,1,P2|715|2017-05-07
P2,715,TaylorMade Women's RBZ SL Rescue,2017-05-14,3,42.0,1083,277,C,1,P2|715|2017-05-14
P2,715,TaylorMade Women's RBZ SL Rescue,2017-05-21,2,39.0,1083,262,C,1,P2|715|2017-05-21
P2,715,TaylorMade Women's RBZ SL Rescue,2017-05-28,0,37.0,1083,329,C,1,P2|715|2017-05-28
P2,715,TaylorMade Women's RBZ SL Rescue,2017-06-04,9,37.0,1083,237,C,1,P2|715|2017-06-04
P2,715,TaylorMade Women's RBZ SL Rescue,2017-06-11,1,28.0,1083,307,C,1,P2|715|2017-06-11
P2,715,TaylorMade Women's RBZ SL Rescue,2017-06-18,3,27.0,1083,317,C,1,P2|715|2017-06-18
P2,715,TaylorMade Women's RBZ SL Rescue,2017-06-25,2,24.0,1083,224,C,1,P2|715|2017-06-25
P2,715,TaylorMade Women's RBZ SL Rescue,2017-07-02,4,22.0,1083,207,C,1,P2|715|2017-07-02
P2,715,TaylorMade Women's RBZ SL Rescue,2017-07-09,2,18.0,1083,290,C,1,P2|715|2017-07-09
P2,715,TaylorMade Women's RBZ SL Rescue,2017-07-16,2,16.0,1083,359,C,1,P2|715|2017-07-16
P2,715,TaylorMade Women's RBZ SL Rescue,2017-07-23,2,14.0,1083,226,C,1,P2|715|2017-07-23
P2,715,TaylorMade Women's RBZ SL Rescue,2017-07-30,2,12.0,1083,322,C,1,P2|715|2017-07-30
P2,715,TaylorMade Women's RBZ SL Rescue,2017-08-06,8,10.0,1083,212,C,1,P2|715|2017-08-06
P2,715,TaylorMade Women's RBZ SL Rescue,2017-08-13,6,10.0,1083,309,C,1,P2|715|2017-08-13
P2,715,TaylorMade Women's RBZ SL Rescue,2017-08-20,4,4.0,1083,291,C,1,P2|715|2017-08-20
P2,715,TaylorMade Women's RBZ SL Rescue,2017-08-27,5,0.0,1083,270,C,1,P2|715|2017-08-27
P2,715,TaylorMade Women's RBZ SL Rescue,2017-09-03,2,0.0,1083,226,C,1,P2|715|2017-09-03
P2,715,TaylorMade Women's RBZ SL Rescue,2017-09-10,4,10.0,1083,233,C,1,P2|715|2017-09-10
P2,724,LIJA Women's Mid-Length Panel Golf Shorts,2017-04-23,3,162.0,1083,180,C,1,P2|724|2017-04-23
P2,724,LIJA Women's Mid-Length Panel Golf Shorts,2017-04-30,6,159.0,1083,285,C,1,P2|724|2017-04-30
P2,724,LIJA Women's Mid-Length Panel Golf Shorts,2017-05-07,8,153.0,1083,287,C,1,P2|724|2017-05-07
P2,724,LIJA Women's Mid-Length Panel Golf Shorts,2017-05-14,17,145.0,1083,277,C,1,P2|724|2017-05-14
P2,724,LIJA Women's Mid-Length Panel Golf Shorts,2017-05-21,3,128.0,1083,262,C,1,P2|724|2017-05-21
P2,724,LIJA Women's Mid-Length Panel Golf Shorts,2017-05-28,3,125.0,1083,329,C,1,P2|724|2017-05-28
P2,724,LIJA Women's Mid-Length Panel Golf Shorts,2017-06-04,11,122.0,1083,237,C,1,P2|724|2017-06-04
P2,724,LIJA Women's Mid-Length Panel Golf Shorts,2017-06-11,5,111.0,1083,307,C,1,P2|724|2017-06-11
P2,724,LIJA Women's Mid-Length Panel Golf Shorts,2017-06-18,21,106.0,1083,317,C,1,P2|724|2017-06-18
P2,724,LIJA Women's Mid-Length Panel Golf Shorts,2017-06-25,23,85.0,1083,224,C,1,P2|724|2017-06-25
P2,724,LIJA Women's Mid-Length Panel Golf Shorts,2017-07-02,12,62.0,1083,207,C,1,P2|724|2017-07-02
P2,724,LIJA Women's Mid-Length Panel Golf Shorts,2017-07-09,22,50.0,1083,290,C,1,P2|724|2017-07-09
P2,724,LIJA Women's Mid-Length Panel Golf Shorts,2017-07-16,9,32.0,1083,359,C,1,P2|724|2017-07-16
P2,724,LIJA Women's Mid-Length Panel Golf Shorts,2017-07-23,8,23.0,1083,226,C,1,P2|724|2017-07-23
P2,724,LIJA Women's Mid-Length Panel Golf Shorts,2017-07-30,4,15.0,1083,322,C,1,P2|724|2017-07-30
P2,724,LIJA Women's Mid-Length Panel Golf Shorts,2017-08-06,23,11.0,1083,212,C,1,P2|724|2017-08-06
P2,724,LIJA Women's Mid-Length Panel Golf Shorts,2017-08-13,8,32.0,1083,309,C,1,P2|724|2017-08-13
P2,724,LIJA Women's Mid-Length Panel Golf Shorts,2017-08-20,13,24.0,1083,291,C,1,P2|724|2017-08-20
P2,724,LIJA Women's Mid-Length Panel Golf Shorts,2017-08-27,1,11.0,1083,270,C,1,P2|724|2017-08-27
P2,724,LIJA Women's Mid-Length Panel Golf Shorts,2017-09-03,21,10.0,1083,226,C,1,P2|724|2017-09-03
P2,724,LIJA Women's Mid-Length Panel Golf Shorts,2017-09-10,6,32.0,1083,233,C,1,P2|724|2017-09-10
P2,725,LIJA Women's Button Golf Dress,2017-04-23,2,54.0,1083,180,C,1,P2|725|2017-04-23
P2,725,LIJA Women's Button Golf Dress,2017-04-30,6,52.0,1083,285,C,1,P2|725|2017-04-30
P2,725,LIJA Women's Button Golf Dress,2017-05-07,2,46.0,1083,287,C,1,P2|725|2017-05-07
P2,725,LIJA Women's Button Golf Dress,2017-05-14,4,44.0,1083,277,C,1,P2|725|2017-05-14
P2,725,LIJA Women's Button Golf Dress,2017-05-21,4,40.0,1083,262,C,1,P2|725|2017-05-21
P2,725,LIJA Women's Button Golf Dress,2017-05-28,1,36.0,1083,329,C,1,P2|725|2017-05-28
P2,725,LIJA Women's Button Golf Dress,2017-06-04,4,35.0,1083,237,C,1,P2|725|2017-06-04
P2,725,LIJA Women's Button Golf Dress,2017-06-11,6,31.0,1083,307,C,1,P2|725|2017-06-11
P2,725,LIJA Women's Button Golf Dress,2017-06-18,5,25.0,1083,317,C,1,P2|725|2017-06-18
P2,725,LIJA Women's Button Golf Dress,2017-06-25,2,20.0,1083,224,C,1,P2|725|2017-06-25
P2,725,LIJA Women's Button Golf Dress,2017-07-02,6,18.0,1083,207,C,1,P2|725|2017-07-02
P2,725,LIJA Women's Button Golf Dress,2017-07-09,4,12.0,1083,290,C,1,P2|725|2017-07-09
P2,725,LIJA Women's Button Golf Dress,2017-07-16,7,11.0,1083,359,C,1,P2|725|2017-07-16
P2,725,LIJA Women's Button Golf Dress,2017-07-23,2,4.0,1083,226,C,1,P2|725|2017-07-23
P2,725,LIJA Women's Button Golf Dress,2017-07-30,4,2.0,1083,322,C,1,P2|725|2017-07-30
P2,725,LIJA Women's Button Golf Dress,2017-08-06,2,0.0,1083,212,C,1,P2|725|2017-08-06
P2,725,LIJA Women's Button Golf Dress,2017-08-13,4,11.0,1083,309,C,1,P2|725|2017-08-13
P2,725,LIJA Women's Button Golf Dress,2017-08-20,6,7.0,1083,291,C,1,P2|725|2017-08-20
P2,725,LIJA Women's Button Golf Dress,2017-08-27,1,1.0,1083,270,C,1,P2|725|2017-08-27
P2,725,LIJA Women's Button Golf Dress,2017-09-03,3,0.0,1083,226,C,1,P2|725|2017-09-03
P2,725,LIJA Women's Button Golf Dress,2017-09-10,1,11.0,1083,233,C,1,P2|725|2017-09-10
P2,728,LIJA Women's Eyelet Sleeveless Golf Polo,2015-01-11,13,101.0,1083,249,B,2,P2|728|2015-01-11
P2,728,LIJA Women's Eyelet Sleeveless Golf Polo,2015-01-18,5,88.0,1083,64,B,2,P2|728|2015-01-18
P2,728,LIJA Women's Eyelet Sleeveless Golf Polo,2015-01-25,13,83.0,1083,167,B,2,P2|728|2015-01-25
P2,728,LIJA Women's Eyelet Sleeveless Golf Polo,2015-02-01,19,70.0,1083,93,B,2,P2|728|2015-02-01
P2,728,LIJA Women's Eyelet Sleeveless Golf Polo,2015-02-08,5,51.0,1083,203,B,2,P2|728|2015-02-08
P2,728,LIJA Women's Eyelet Sleeveless Golf Polo,2015-02-15,11,46.0,1083,178,B,2,P2|728|2015-02-15
P2,728,LIJA Women's Eyelet Sleeveless Golf Polo,2015-02-22,9,35.0,1083,95,B,2,P2|728|2015-02-22
P2,728,LIJA Women's Eyelet Sleeveless Golf Polo,2015-03-01,13,26.0,1083,93,B,2,P2|728|2015-03-01
P2,728,LIJA Women's Eyelet Sleeveless Golf Polo,2015-03-08,9,34.0,1083,47,B,2,P2|728|2015-03-08
P2,728,LIJA Women's Eyelet Sleeveless Golf Polo,2015-03-15,7,25.0,1083,224,B,2,P2|728|2015-03-15
P2,728,LIJA Women's Eyelet Sleeveless Golf Polo,2015-03-22,16,18.0,1083,110,B,2,P2|728|2015-03-22
P2,728,LIJA Women's Eyelet Sleeveless Golf Polo,2015-03-29,10,2.0,1083,63,B,2,P2|728|2015-03-29
P2,728,LIJA Women's Eyelet Sleeveless Golf Polo,2015-04-05,0,34.0,1083,124,B,2,P2|728|2015-04-05
P2,728,LIJA Women's Eyelet Sleeveless Golf Polo,2015-04-12,2,34.0,1083,64,B,2,P2|728|2015-04-12
P2,728,LIJA Women's Eyelet Sleeveless Golf Polo,2015-04-19,4,32.0,1083,125,B,2,P2|728|2015-04-19
P2,728,LIJA Women's Eyelet Sleeveless Golf Polo,2015-04-26,4,28.0,1083,288,B,2,P2|728|2015-04-26
P2,728,LIJA Women's Eyelet Sleeveless Golf Polo,2015-05-03,8,34.0,1083,119,B,2,P2|728|2015-05-03
P2,728,LIJA Women's Eyelet Sleeveless Golf Polo,2015-05-10,10,26.0,1083,143,B,2,P2|728|2015-05-10
P2,728,LIJA Women's Eyelet Sleeveless Golf Polo,2015-05-17,8,16.0,1083,145,B,2,P2|728|2015-05-17
P2,728,LIJA Women's Eyelet Sleeveless Golf Polo,2015-05-24,13,8.0,1083,121,B,2,P2|728|2015-05-24
P2,728,LIJA Women's Eyelet Sleeveless Golf Polo,2015-05-31,14,34.0,1083,48,B,2,P2|728|2015-05-31
P2,728,LIJA Women's Eyelet Sleeveless Golf Polo,2015-06-07,26,20.0,1083,184,B,2,P2|728|2015-06-07
P2,728,LIJA Women's Eyelet Sleeveless Golf Polo,2015-06-14,0,0.0,1083,256,B,2,P2|728|2015-06-14
P2,728,LIJA Women's Eyelet Sleeveless Golf Polo,2015-06-21,16,0.0,1083,196,B,2,P2|728|2015-06-21
P2,728,LIJA Women's Eyelet Sleeveless Golf Polo,2015-06-28,6,34.0,1083,183,B,2,P2|728|2015-06-28
P2,728,LIJA Women's Eyelet Sleeveless Golf Polo,2015-07-05,5,28.0,1083,139,B,2,P2|728|2015-07-05
P2,728,LIJA Women's Eyelet Sleeveless Golf Polo,2015-07-12,6,23.0,1083,89,B,2,P2|728|2015-07-12
P2,728,LIJA Women's Eyelet Sleeveless Golf Polo,2015-07-19,17,17.0,1083,87,B,2,P2|728|2015-07-19
P2,728,LIJA Women's Eyelet Sleeveless Golf Polo,2015-07-26,3,34.0,1083,132,B,2,P2|728|2015-07-26
P2,728,LIJA Women's Eyelet Sleeveless Golf Polo,2015-08-02,5,31.0,1083,148,B,2,P2|728|2015-08-02
P2,728,LIJA Women's Eyelet Sleeveless Golf Polo,2015-08-09,2,26.0,1083,184,B,2,P2|728|2015-08-09
P2,728,LIJA Women's Eyelet Sleeveless Golf Polo,2015-08-16,4,24.0,1083,113,B,2,P2|728|2015-08-16
P2,728,LIJA Women's Eyelet Sleeveless Golf Polo,2015-08-23,3,34.0,1083,168,B,2,P2|728|2015-08-23
P2,728,LIJA Women's Eyelet Sleeveless Golf Polo,2015-08-30,21,31.0,1083,125,B,2,P2|728|2015-08-30
P2,728,LIJA Women's Eyelet Sleeveless Golf Polo,2015-09-06,10,10.0,1083,181,B,2,P2|728|2015-09-06
P2,728,LIJA Women's Eyelet Sleeveless Golf Polo,2015-09-13,12,0.0,1083,240,B,2,P2|728|2015-09-13
P2,728,LIJA Women's Eyelet Sleeveless Golf Polo,2015-09-20,5,34.0,1083,116,B,2,P2|728|2015-09-20
P2,728,LIJA Women's Eyelet Sleeveless Golf Polo,2015-09-27,9,29.0,1083,35,B,2,P2|728|2015-09-27
P2,728,LIJA Women's Eyelet Sleeveless Golf Polo,2015-10-04,0,20.0,1083,240,B,2,P2|728|2015-10-04
P2,728,LIJA Women's Eyelet Sleeveless Golf Polo,2015-10-11,9,20.0,1083,116,B,2,P2|728|2015-10-11
P2,728,LIJA Women's Eyelet Sleeveless Golf Polo,2015-10-18,15,34.0,1083,53,B,2,P2|728|2015-10-18
P2,728,LIJA Women's Eyelet Sleeveless Golf Polo,2015-10-25,8,19.0,1083,220,B,2,P2|728|2015-10-25
P2,728,LIJA Women's Eyelet Sleeveless Golf Polo,2015-11-01,6,11.0,1083,186,B,2,P2|728|2015-11-01
P2,728,LIJA Women's Eyelet Sleeveless Golf Polo,2015-11-08,10,5.0,1083,125,B,2,P2|728|2015-11-08
P2,728,LIJA Women's Eyelet Sleeveless Golf Polo,2015-11-15,0,34.0,1083,113,B,2,P2|728|2015-11-15
P2,728,LIJA Women's Eyelet Sleeveless Golf Polo,2015-11-22,9,34.0,1083,124,B,2,P2|728|2015-11-22
P2,728,LIJA Women's Eyelet Sleeveless Golf Polo,2015-11-29,4,25.0,1083,225,B,2,P2|728|2015-11-29
P2,728,LIJA Women's Eyelet Sleeveless Golf Polo,2015-12-06,12,21.0,1083,124,B,2,P2|728|2015-12-06
P2,728,LIJA Women's Eyelet Sleeveless Golf Polo,2015-12-13,14,34.0,1083,232,B,2,P2|728|2015-12-13
P2,728,LIJA Women's Eyelet Sleeveless Golf Polo,2015-12-20,1,20.0,1083,141,B,2,P2|728|2015-12-20
P2,728,LIJA Women's Eyelet Sleeveless Golf Polo,2015-12-27,4,19.0,1083,83,B,2,P2|728|2015-12-27
P2,728,LIJA Women's Eyelet Sleeveless Golf Polo,2016-01-03,9,15.0,1083,127,B,2,P2|728|2016-01-03
P2,728,LIJA Women's Eyelet Sleeveless Golf Polo,2016-01-10,2,34.0,1083,150,B,2,P2|728|2016-01-10
P2,728,LIJA Women's Eyelet Sleeveless Golf Polo,2016-01-17,5,32.0,1083,245,B,2,P2|728|2016-01-17
P2,728,LIJA Women's Eyelet Sleeveless Golf Polo,2016-01-24,11,27.0,1083,156,B,2,P2|728|2016-01-24
P2,728,LIJA Women's Eyelet Sleeveless Golf Polo,2016-01-31,0,16.0,1083,129,B,2,P2|728|2016-01-31
P2,728,LIJA Women's Eyelet Sleeveless Golf Polo,2016-02-07,12,34.0,1083,290,B,2,P2|728|2016-02-07
P2,728,LIJA Women's Eyelet Sleeveless Golf Polo,2016-02-14,5,22.0,1083,111,B,2,P2|728|2016-02-14
P2,728,LIJA Women's Eyelet Sleeveless Golf Polo,2016-02-21,13,17.0,1083,205,B,2,P2|728|2016-02-21
P2,728,LIJA Women's Eyelet Sleeveless Golf Polo,2016-02-28,2,4.0,1083,165,B,2,P2|728|2016-02-28
P2,728,LIJA Women's Eyelet Sleeveless Golf Polo,2016-03-06,12,34.0,1083,112,B,2,P2|728|2016-03-06
P2,728,LIJA Women's Eyelet Sleeveless Golf Polo,2016-03-13,8,22.0,1083,255,B,2,P2|728|2016-03-13
P2,728,LIJA Women's Eyelet Sleeveless Golf Polo,2016-03-20,1,14.0,1083,244,B,2,P2|728|2016-03-20
P2,728,LIJA Women's Eyelet Sleeveless Golf Polo,2016-03-27,5,13.0,1083,199,B,2,P2|728|2016-03-27
P2,728,LIJA Women's Eyelet Sleeveless Golf Polo,2016-04-03,11,34.0,1083,70,B,2,P2|728|2016-04-03
P2,728,LIJA Women's Eyelet Sleeveless Golf Polo,2016-04-10,9,23.0,1083,227,B,2,P2|728|2016-04-10
P2,728,LIJA Women's Eyelet Sleeveless Golf Polo,2016-04-17,9,14.0,1083,93,B,2,P2|728|2016-04-17
P2,728,LIJA Women's Eyelet Sleeveless Golf Polo,2016-04-24,12,5.0,1083,114,B,2,P2|728|2016-04-24
P2,728,LIJA Women's Eyelet Sleeveless Golf Polo,2016-05-01,11,34.0,1083,210,B,2,P2|728|2016-05-01
P2,728,LIJA Women's Eyelet Sleeveless Golf Polo,2016-05-08,21,23.0,1083,200,B,2,P2|728|2016-05-08
P2,728,LIJA Women's Eyelet Sleeveless Golf Polo,2016-05-15,13,2.0,1083,123,B,2,P2|728|2016-05-15
P2,728,LIJA Women's Eyelet Sleeveless Golf Polo,2016-05-22,2,0.0,1083,151,B,2,P2|728|2016-05-22
P2,728,LIJA Women's Eyelet Sleeveless Golf Polo,2016-05-29,9,34.0,1083,243,B,2,P2|728|2016-05-29
P2,728,LIJA Women's Eyelet Sleeveless Golf Polo,2016-06-05,0,25.0,1083,136,B,2,P2|728|2016-06-05
P2,728,LIJA Women's Eyelet Sleeveless Golf Polo,2016-06-12,6,25.0,1083,196,B,2,P2|728|2016-06-12
P2,728,LIJA Women's Eyelet Sleeveless Golf Polo,2016-06-19,11,19.0,1083,201,B,2,P2|728|2016-06-19
P2,728,LIJA Women's Eyelet Sleeveless Golf Polo,2016-06-26,13,34.0,1083,48,B,2,P2|728|2016-06-26
P2,728,LIJA Women's Eyelet Sleeveless Golf Polo,2016-07-03,11,21.0,1083,192,B,2,P2|728|2016-07-03
P2,728,LIJA Women's Eyelet Sleeveless Golf Polo,2016-07-10,2,10.0,1083,193,B,2,P2|728|2016-07-10
P2,728,LIJA Women's Eyelet Sleeveless Golf Polo,2016-07-17,6,8.0,1083,117,B,2,P2|728|2016-07-17
P2,728,LIJA Women's Eyelet Sleeveless Golf Polo,2016-07-24,16,34.0,1083,149,B,2,P2|728|2016-07-24
P2,728,LIJA Women's Eyelet Sleeveless Golf Polo,2016-07-31,5,18.0,1083,154,B,2,P2|728|2016-07-31
P2,728,LIJA Women's Eyelet Sleeveless Golf Polo,2016-08-07,6,13.0,1083,117,B,2,P2|728|2016-08-07
P2,728,LIJA Women's Eyelet Sleeveless Golf Polo,2016-08-14,5,7.0,1083,92,B,2,P2|728|2016-08-14
P2,728,LIJA Women's Eyelet Sleeveless Golf Polo,2016-08-21,4,34.0,1083,141,B,2,P2|728|2016-08-21
P2,728,LIJA Women's Eyelet Sleeveless Golf Polo,2016-08-28,12,30.0,1083,160,B,2,P2|728|2016-08-28
P2,728,LIJA Women's Eyelet Sleeveless Golf Polo,2016-09-04,0,18.0,1083,180,B,2,P2|728|2016-09-04
P2,728,LIJA Women's Eyelet Sleeveless Golf Polo,2016-09-11,6,18.0,1083,163,B,2,P2|728|2016-09-11
P2,728,LIJA Women's Eyelet Sleeveless Golf Polo,2016-09-18,18,34.0,1083,87,B,2,P2|728|2016-09-18
P2,728,LIJA Women's Eyelet Sleeveless Golf Polo,2016-09-25,5,16.0,1083,133,B,2,P2|728|2016-09-25
P2,728,LIJA Women's Eyelet Sleeveless Golf Polo,2016-10-02,6,11.0,1083,157,B,2,P2|728|2016-10-02
P2,728,LIJA Women's Eyelet Sleeveless Golf Polo,2016-10-09,11,5.0,1083,168,B,2,P2|728|2016-10-09
P2,728,LIJA Women's Eyelet Sleeveless Golf Polo,2016-10-16,7,34.0,1083,104,B,2,P2|728|2016-10-16
P2,728,LIJA Women's Eyelet Sleeveless Golf Polo,2016-10-23,5,27.0,1083,98,B,2,P2|728|2016-10-23
P2,728,LIJA Women's Eyelet Sleeveless Golf Polo,2016-10-30,3,22.0,1083,197,B,2,P2|728|2016-10-30
P2,728,LIJA Women's Eyelet Sleeveless Golf Polo,2016-11-06,2,19.0,1083,186,B,2,P2|728|2016-11-06
P2,728,LIJA Women's Eyelet Sleeveless Golf Polo,2016-11-13,0,34.0,1083,232,B,2,P2|728|2016-11-13
P2,728,LIJA Women's Eyelet Sleeveless Golf Polo,2016-11-20,1,34.0,1083,176,B,2,P2|728|2016-11-20
P2,728,LIJA Women's Eyelet Sleeveless Golf Polo,2016-11-27,5,33.0,1083,135,B,2,P2|728|2016-11-27
P2,728,LIJA Women's Eyelet Sleeveless Golf Polo,2016-12-04,16,28.0,1083,118,B,2,P2|728|2016-12-04
P2,728,LIJA Women's Eyelet Sleeveless Golf Polo,2016-12-11,2,34.0,1083,145,B,2,P2|728|2016-12-11
P2,728,LIJA Women's Eyelet Sleeveless Golf Polo,2016-12-18,2,32.0,1083,213,B,2,P2|728|2016-12-18
P2,728,LIJA Women's Eyelet Sleeveless Golf Polo,2016-12-25,8,30.0,1083,124,B,2,P2|728|2016-12-25
P2,728,LIJA Women's Eyelet Sleeveless Golf Polo,2017-01-01,25,22.0,1083,161,B,2,P2|728|2017-01-01
P2,728,LIJA Women's Eyelet Sleeveless Golf Polo,2017-01-08,4,34.0,1083,252,B,2,P2|728|2017-01-08
P2,728,LIJA Women's Eyelet Sleeveless Golf Polo,2017-01-15,10,30.0,1083,105,B,2,P2|728|2017-01-15
P2,728,LIJA Women's Eyelet Sleeveless Golf Polo,2017-01-22,1,20.0,1083,119,B,2,P2|728|2017-01-22
P2,728,LIJA Women's Eyelet Sleeveless Golf Polo,2017-01-29,4,19.0,1083,153,B,2,P2|728|2017-01-29
P2,728,LIJA Women's Eyelet Sleeveless Golf Polo,2017-02-05,14,34.0,1083,96,B,2,P2|728|2017-02-05
P2,728,LIJA Women's Eyelet Sleeveless Golf Polo,2017-02-12,12,20.0,1083,122,B,2,P2|728|2017-02-12
P2,728,LIJA Women's Eyelet Sleeveless Golf Polo,2017-02-19,11,8.0,1083,186,B,2,P2|728|2017-02-19
P2,728,LIJA Women's Eyelet Sleeveless Golf Polo,2017-02-26,4,0.0,1083,103,B,2,P2|728|2017-02-26
P2,728,LIJA Women's Eyelet Sleeveless Golf Polo,2017-03-05,3,34.0,1083,38,B,2,P2|728|2017-03-05
P2,728,LIJA Women's Eyelet Sleeveless Golf Polo,2017-03-12,6,31.0,1083,93,B,2,P2|728|2017-03-12
P2,728,LIJA Women's Eyelet Sleeveless Golf Polo,2017-03-19,3,25.0,1083,208,B,2,P2|728|2017-03-19
P2,728,LIJA Women's Eyelet Sleeveless Golf Polo,2017-03-26,6,22.0,1083,181,B,2,P2|728|2017-03-26
P2,728,LIJA Women's Eyelet Sleeveless Golf Polo,2017-04-02,11,34.0,1083,147,B,2,P2|728|2017-04-02
P2,728,LIJA Women's Eyelet Sleeveless Golf Polo,2017-04-09,10,23.0,1083,160,B,2,P2|728|2017-04-09
P2,728,LIJA Women's Eyelet Sleeveless Golf Polo,2017-04-16,6,13.0,1083,244,B,2,P2|728|2017-04-16
P2,728,LIJA Women's Eyelet Sleeveless Golf Polo,2017-04-23,5,7.0,1083,180,B,2,P2|728|2017-04-23
P2,730,LIJA Women's Argyle Golf Polo,2017-04-30,3,146.0,1083,285,C,1,P2|730|2017-04-30
P2,730,LIJA Women's Argyle Golf Polo,2017-05-07,14,143.0,1083,287,C,1,P2|730|2017-05-07
P2,730,LIJA Women's Argyle Golf Polo,2017-05-14,12,129.0,1083,277,C,1,P2|730|2017-05-14
P2,730,LIJA Women's Argyle Golf Polo,2017-05-21,13,117.0,1083,262,C,1,P2|730|2017-05-21
P2,730,LIJA Women's Argyle Golf Polo,2017-05-28,9,104.0,1083,329,C,1,P2|730|2017-05-28
P2,730,LIJA Women's Argyle Golf Polo,2017-06-04,15,95.0,1083,237,C,1,P2|730|2017-06-04
P2,730,LIJA Women's Argyle Golf Polo,2017-06-11,12,80.0,1083,307,C,1,P2|730|2017-06-11
P2,730,LIJA Women's Argyle Golf Polo,2017-06-18,16,68.0,1083,317,C,1,P2|730|2017-06-18
P2,730,LIJA Women's Argyle Golf Polo,2017-06-25,6,52.0,1083,224,C,1,P2|730|2017-06-25
P2,730,LIJA Women's Argyle Golf Polo,2017-07-02,4,46.0,1083,207,C,1,P2|730|2017-07-02
P2,730,LIJA Women's Argyle Golf Polo,2017-07-09,5,42.0,1083,290,C,1,P2|730|2017-07-09
P2,730,LIJA Women's Argyle Golf Polo,2017-07-16,14,37.0,1083,359,C,1,P2|730|2017-07-16
P2,730,LIJA Women's Argyle Golf Polo,2017-07-23,6,29.0,1083,226,C,1,P2|730|2017-07-23
P2,730,LIJA Women's Argyle Golf Polo,2017-07-30,5,23.0,1083,322,C,1,P2|730|2017-07-30
P2,730,LIJA Women's Argyle Golf Polo,2017-08-06,5,18.0,1083,212,C,1,P2|730|2017-08-06
P2,730,LIJA Women's Argyle Golf Polo,2017-08-13,5,13.0,1083,309,C,1,P2|730|2017-08-13
P2,730,LIJA Women's Argyle Golf Polo,2017-08-20,13,29.0,1083,291,C,1,P2|730|2017-08-20
P2,730,LIJA Women's Argyle Golf Polo,2017-08-27,12,16.0,1083,270,C,1,P2|730|2017-08-27
P2,730,LIJA Women's Argyle Golf Polo,2017-09-03,11,4.0,1083,226,C,1,P2|730|2017-09-03
P2,730,LIJA Women's Argyle Golf Polo,2017-09-10,15,0.0,1083,233,C,1,P2|730|2017-09-10
P2,743,Ogio Race Golf Shoes,2017-04-30,4,48.0,1083,285,C,1,P2|743|2017-04-30
P2,743,Ogio Race Golf Shoes,2017-05-07,4,44.0,1083,287,C,1,P2|743|2017-05-07
P2,743,Ogio Race Golf Shoes,2017-05-14,2,40.0,1083,277,C,1,P2|743|2017-05-14
P2,743,Ogio Race Golf Shoes,2017-05-21,3,38.0,1083,262,C,1,P2|743|2017-05-21
P2,743,Ogio Race Golf Shoes,2017-05-28,6,35.0,1083,329,C,1,P2|743|2017-05-28
P2,743,Ogio Race Golf Shoes,2017-06-04,3,29.0,1083,237,C,1,P2|743|2017-06-04
P2,743,Ogio Race Golf Shoes,2017-06-11,2,26.0,1083,307,C,1,P2|743|2017-06-11
P2,743,Ogio Race Golf Shoes,2017-06-18,1,24.0,1083,317,C,1,P2|743|2017-06-18
P2,743,Ogio Race Golf Shoes,2017-06-25,6,23.0,1083,224,C,1,P2|743|2017-06-25
P2,743,Ogio Race Golf Shoes,2017-07-02,3,17.0,1083,207,C,1,P2|743|2017-07-02
P2,743,Ogio Race Golf Shoes,2017-07-09,4,14.0,1083,290,C,1,P2|743|2017-07-09
P2,743,Ogio Race Golf Shoes,2017-07-16,4,10.0,1083,359,C,1,P2|743|2017-07-16
P2,743,Ogio Race Golf Shoes,2017-07-23,1,10.0,1083,226,C,1,P2|743|2017-07-23
P2,743,Ogio Race Golf Shoes,2017-07-30,2,9.0,1083,322,C,1,P2|743|2017-07-30
P2,743,Ogio Race Golf Shoes,2017-08-06,3,7.0,1083,212,C,1,P2|743|2017-08-06
P2,743,Ogio Race Golf Shoes,2017-08-13,4,4.0,1083,309,C,1,P2|743|2017-08-13
P2,743,Ogio Race Golf Shoes,2017-08-20,6,10.0,1083,291,C,1,P2|743|2017-08-20
P2,743,Ogio Race Golf Shoes,2017-08-27,0,4.0,1083,270,C,1,P2|743|2017-08-27
P2,743,Ogio Race Golf Shoes,2017-09-03,3,4.0,1083,226,C,1,P2|743|2017-09-03
P2,768,Titleist Club Glove Travel Cover,2017-09-17,12,170.0,1083,344,C,1,P2|768|2017-09-17
P2,768,Titleist Club Glove Travel Cover,2017-09-24,10,158.0,1083,329,C,1,P2|768|2017-09-24
P2,768,Titleist Club Glove Travel Cover,2017-10-01,12,148.0,1083,353,C,1,P2|768|2017-10-01
P2,771,Clicgear Rovic Cooler Bag,2015-01-04,9,107.0,1083,548,C,1,P2|771|2015-01-04
P2,771,Clicgear Rovic Cooler Bag,2015-01-11,7,98.0,1083,249,C,1,P2|771|2015-01-11
P2,771,Clicgear Rovic Cooler Bag,2015-01-18,0,91.0,1083,64,C,1,P2|771|2015-01-18
P2,771,Clicgear Rovic Cooler Bag,2015-01-25,0,91.0,1083,167,C,1,P2|771|2015-01-25
P2,771,Clicgear Rovic Cooler Bag,2015-02-01,8,91.0,1083,93,C,1,P2|771|2015-02-01
P2,771,Clicgear Rovic Cooler Bag,2015-02-08,5,83.0,1083,203,C,1,P2|771|2015-02-08
P2,771,Clicgear Rovic Cooler Bag,2015-02-15,6,78.0,1083,178,C,1,P2|771|2015-02-15
P2,771,Clicgear Rovic Cooler Bag,2015-02-22,2,72.0,1083,95,C,1,P2|771|2015-02-22
P2,771,Clicgear Rovic Cooler Bag,2015-03-01,7,70.0,1083,93,C,1,P2|771|2015-03-01
P2,771,Clicgear Rovic Cooler Bag,2015-03-08,15,63.0,1083,47,C,1,P2|771|2015-03-08
P2,771,Clicgear Rovic Cooler Bag,2015-03-15,0,48.0,1083,224,C,1,P2|771|2015-03-15
P2,771,Clicgear Rovic Cooler Bag,2015-03-22,10,48.0,1083,110,C,1,P2|771|2015-03-22
P2,771,Clicgear Rovic Cooler Bag,2015-03-29,13,38.0,1083,63,C,1,P2|771|2015-03-29
P2,771,Clicgear Rovic Cooler Bag,2015-04-05,5,25.0,1083,124,C,1,P2|771|2015-04-05
P2,771,Clicgear Rovic Cooler Bag,2015-04-12,10,20.0,1083,64,C,1,P2|771|2015-04-12
P2,771,Clicgear Rovic Cooler Bag,2015-04-19,0,10.0,1083,125,C,1,P2|771|2015-04-19
P2,771,Clicgear Rovic Cooler Bag,2015-04-26,6,21.0,1083,288,C,1,P2|771|2015-04-26
P2,771,Clicgear Rovic Cooler Bag,2015-05-03,8,15.0,1083,119,C,1,P2|771|2015-05-03
P2,771,Clicgear Rovic Cooler Bag,2015-05-10,20,7.0,1083,143,C,1,P2|771|2015-05-10
P2,771,Clicgear Rovic Cooler Bag,2015-05-17,18,0.0,1083,145,C,1,P2|771|2015-05-17
P2,771,Clicgear Rovic Cooler Bag,2015-05-24,9,21.0,1083,121,C,1,P2|771|2015-05-24
P2,771,Clicgear Rovic Cooler Bag,2015-05-31,5,12.0,1083,48,C,1,P2|771|2015-05-31
P2,771,Clicgear Rovic Cooler Bag,2015-06-07,8,7.0,1083,184,C,1,P2|771|2015-06-07
P2,771,Clicgear Rovic Cooler Bag,2015-06-14,2,0.0,1083,256,C,1,P2|771|2015-06-14
P2,771,Clicgear Rovic Cooler Bag,2015-06-21,7,21.0,1083,196,C,1,P2|771|2015-06-21
P2,771,Clicgear Rovic Cooler Bag,2015-06-28,5,14.0,1083,183,C,1,P2|771|2015-06-28
P2,771,Clicgear Rovic Cooler Bag,2015-07-05,0,9.0,1083,139,C,1,P2|771|2015-07-05
P2,771,Clicgear Rovic Cooler Bag,2015-07-12,8,9.0,1083,89,C,1,P2|771|2015-07-12
P2,771,Clicgear Rovic Cooler Bag,2015-07-19,12,21.0,1083,87,C,1,P2|771|2015-07-19
P2,771,Clicgear Rovic Cooler Bag,2015-07-26,10,9.0,1083,132,C,1,P2|771|2015-07-26
P2,771,Clicgear Rovic Cooler Bag,2015-08-02,14,0.0,1083,148,C,1,P2|771|2015-08-02
P2,771,Clicgear Rovic Cooler Bag,2015-08-09,8,0.0,1083,184,C,1,P2|771|2015-08-09
P2,771,Clicgear Rovic Cooler Bag,2015-08-16,7,21.0,1083,113,C,1,P2|771|2015-08-16
P2,771,Clicgear Rovic Cooler Bag,2015-08-23,5,14.0,1083,168,C,1,P2|771|2015-08-23
P2,771,Clicgear Rovic Cooler Bag,2015-08-30,5,9.0,1083,125,C,1,P2|771|2015-08-30
P2,771,Clicgear Rovic Cooler Bag,2015-09-06,0,4.0,1083,181,C,1,P2|771|2015-09-06
P2,771,Clicgear Rovic Cooler Bag,2015-09-13,0,21.0,1083,240,C,1,P2|771|2015-09-13
P2,771,Clicgear Rovic Cooler Bag,2015-09-20,0,21.0,1083,116,C,1,P2|771|2015-09-20
P2,771,Clicgear Rovic Cooler Bag,2015-09-27,4,21.0,1083,35,C,1,P2|771|2015-09-27
P2,771,Clicgear Rovic Cooler Bag,2015-10-04,13,17.0,1083,240,C,1,P2|771|2015-10-04
P2,771,Clicgear Rovic Cooler Bag,2015-10-11,5,21.0,1083,116,C,1,P2|771|2015-10-11
P2,771,Clicgear Rovic Cooler Bag,2015-10-18,7,16.0,1083,53,C,1,P2|771|2015-10-18
P2,771,Clicgear Rovic Cooler Bag,2015-10-25,0,9.0,1083,220,C,1,P2|771|2015-10-25
P2,771,Clicgear Rovic Cooler Bag,2015-11-01,16,9.0,1083,186,C,1,P2|771|2015-11-01
P2,771,Clicgear Rovic Cooler Bag,2015-11-08,10,21.0,1083,125,C,1,P2|771|2015-11-08
P2,771,Clicgear Rovic Cooler Bag,2015-11-15,13,11.0,1083,113,C,1,P2|771|2015-11-15
P2,771,Clicgear Rovic Cooler Bag,2015-11-22,10,0.0,1083,124,C,1,P2|771|2015-11-22
P2,771,Clicgear Rovic Cooler Bag,2015-11-29,7,0.0,1083,225,C,1,P2|771|2015-11-29
P2,771,Clicgear Rovic Cooler Bag,2015-12-06,8,21.0,1083,124,C,1,P2|771|2015-12-06
P2,771,Clicgear Rovic Cooler Bag,2015-12-13,9,13.0,1083,232,C,1,P2|771|2015-12-13
P2,771,Clicgear Rovic Cooler Bag,2015-12-20,6,4.0,1083,141,C,1,P2|771|2015-12-20
P2,771,Clicgear Rovic Cooler Bag,2015-12-27,3,0.0,1083,83,C,1,P2|771|2015-12-27
P2,771,Clicgear Rovic Cooler Bag,2016-01-03,7,21.0,1083,127,C,1,P2|771|2016-01-03
P2,771,Clicgear Rovic Cooler Bag,2016-01-10,0,14.0,1083,150,C,1,P2|771|2016-01-10
P2,771,Clicgear Rovic Cooler Bag,2016-01-17,8,14.0,1083,245,C,1,P2|771|2016-01-17
P2,771,Clicgear Rovic Cooler Bag,2016-01-24,5,6.0,1083,156,C,1,P2|771|2016-01-24
P2,771,Clicgear Rovic Cooler Bag,2016-01-31,14,21.0,1083,129,C,1,P2|771|2016-01-31
P2,771,Clicgear Rovic Cooler Bag,2016-02-07,0,7.0,1083,290,C,1,P2|771|2016-02-07
P2,771,Clicgear Rovic Cooler Bag,2016-02-14,21,7.0,1083,111,C,1,P2|771|2016-02-14
P2,771,Clicgear Rovic Cooler Bag,2016-02-21,4,0.0,1083,205,C,1,P2|771|2016-02-21
P2,771,Clicgear Rovic Cooler Bag,2016-02-28,4,21.0,1083,165,C,1,P2|771|2016-02-28
P2,771,Clicgear Rovic Cooler Bag,2016-03-06,7,17.0,1083,112,C,1,P2|771|2016-03-06
P2,771,Clicgear Rovic Cooler Bag,2016-03-13,5,10.0,1083,255,C,1,P2|771|2016-03-13
P2,771,Clicgear Rovic Cooler Bag,2016-03-20,11,5.0,1083,244,C,1,P2|771|2016-03-20
P2,771,Clicgear Rovic Cooler Bag,2016-03-27,9,21.0,1083,199,C,1,P2|771|2016-03-27
P2,771,Clicgear Rovic Cooler Bag,2016-04-03,6,12.0,1083,70,C,1,P2|771|2016-04-03
P2,771,Clicgear Rovic Cooler Bag,2016-04-10,14,6.0,1083,227,C,1,P2|771|2016-04-10
P2,771,Clicgear Rovic Cooler Bag,2016-04-17,0,0.0,1083,93,C,1,P2|771|2016-04-17
P2,771,Clicgear Rovic Cooler Bag,2016-04-24,0,21.0,1083,114,C,1,P2|771|2016-04-24
P2,771,Clicgear Rovic Cooler Bag,2016-05-01,12,21.0,1083,210,C,1,P2|771|2016-05-01
P2,771,Clicgear Rovic Cooler Bag,2016-05-08,4,9.0,1083,200,C,1,P2|771|2016-05-08
P2,771,Clicgear Rovic Cooler Bag,2016-05-15,23,5.0,1083,123,C,1,P2|771|2016-05-15
P2,771,Clicgear Rovic Cooler Bag,2016-05-22,5,21.0,1083,151,C,1,P2|771|2016-05-22
P2,771,Clicgear Rovic Cooler Bag,2016-05-29,5,16.0,1083,243,C,1,P2|771|2016-05-29
P2,771,Clicgear Rovic Cooler Bag,2016-06-05,9,11.0,1083,136,C,1,P2|771|2016-06-05
P2,771,Clicgear Rovic Cooler Bag,2016-06-12,7,2.0,1083,196,C,1,P2|771|2016-06-12
P2,771,Clicgear Rovic Cooler Bag,2016-06-19,8,21.0,1083,201,C,1,P2|771|2016-06-19
P2,771,Clicgear Rovic Cooler Bag,2016-06-26,6,13.0,1083,48,C,1,P2|771|2016-06-26
P2,771,Clicgear Rovic Cooler Bag,2016-07-03,5,7.0,1083,192,C,1,P2|771|2016-07-03
P2,771,Clicgear Rovic Cooler Bag,2016-07-10,8,2.0,1083,193,C,1,P2|771|2016-07-10
P2,771,Clicgear Rovic Cooler Bag,2016-07-17,6,21.0,1083,117,C,1,P2|771|2016-07-17
P2,771,Clicgear Rovic Cooler Bag,2016-07-24,19,15.0,1083,149,C,1,P2|771|2016-07-24
P2,771,Clicgear Rovic Cooler Bag,2016-07-31,0,0.0,1083,154,C,1,P2|771|2016-07-31
P2,771,Clicgear Rovic Cooler Bag,2016-08-07,7,0.0,1083,117,C,1,P2|771|2016-08-07
P2,771,Clicgear Rovic Cooler Bag,2016-08-14,13,21.0,1083,92,C,1,P2|771|2016-08-14
P2,771,Clicgear Rovic Cooler Bag,2016-08-21,6,8.0,1083,141,C,1,P2|771|2016-08-21
P2,771,Clicgear Rovic Cooler Bag,2016-08-28,4,2.0,1083,160,C,1,P2|771|2016-08-28
P2,771,Clicgear Rovic Cooler Bag,2016-09-04,3,0.0,1083,180,C,1,P2|771|2016-09-04
P2,771,Clicgear Rovic Cooler Bag,2016-09-11,0,21.0,1083,163,C,1,P2|771|2016-09-11
P2,771,Clicgear Rovic Cooler Bag,2016-09-18,6,21.0,1083,87,C,1,P2|771|2016-09-18
P2,771,Clicgear Rovic Cooler Bag,2016-09-25,6,15.0,1083,133,C,1,P2|771|2016-09-25
P2,771,Clicgear Rovic Cooler Bag,2016-10-02,1,9.0,1083,157,C,1,P2|771|2016-10-02
P2,771,Clicgear Rovic Cooler Bag,2016-10-09,7,21.0,1083,168,C,1,P2|771|2016-10-09
P2,771,Clicgear Rovic Cooler Bag,2016-10-16,9,14.0,1083,104,C,1,P2|771|2016-10-16
P2,771,Clicgear Rovic Cooler Bag,2016-10-23,17,5.0,1083,98,C,1,P2|771|2016-10-23
P2,771,Clicgear Rovic Cooler Bag,2016-10-30,8,0.0,1083,197,C,1,P2|771|2016-10-30
P2,771,Clicgear Rovic Cooler Bag,2016-11-06,1,21.0,1083,186,C,1,P2|771|2016-11-06
P2,771,Clicgear Rovic Cooler Bag,2016-11-13,12,20.0,1083,232,C,1,P2|771|2016-11-13
P2,771,Clicgear Rovic Cooler Bag,2016-11-20,12,8.0,1083,176,C,1,P2|771|2016-11-20
P2,771,Clicgear Rovic Cooler Bag,2016-11-27,3,0.0,1083,135,C,1,P2|771|2016-11-27
P2,771,Clicgear Rovic Cooler Bag,2016-12-04,6,21.0,1083,118,C,1,P2|771|2016-12-04
P2,771,Clicgear Rovic Cooler Bag,2016-12-11,7,15.0,1083,145,C,1,P2|771|2016-12-11
P2,771,Clicgear Rovic Cooler Bag,2016-12-18,6,8.0,1083,213,C,1,P2|771|2016-12-18
P2,771,Clicgear Rovic Cooler Bag,2016-12-25,8,2.0,1083,124,C,1,P2|771|2016-12-25
P2,771,Clicgear Rovic Cooler Bag,2017-01-01,7,21.0,1083,161,C,1,P2|771|2017-01-01
P2,771,Clicgear Rovic Cooler Bag,2017-01-08,17,14.0,1083,252,C,1,P2|771|2017-01-08
P2,771,Clicgear Rovic Cooler Bag,2017-01-15,5,0.0,1083,105,C,1,P2|771|2017-01-15
P2,771,Clicgear Rovic Cooler Bag,2017-01-22,0,0.0,1083,119,C,1,P2|771|2017-01-22
P2,771,Clicgear Rovic Cooler Bag,2017-01-29,11,21.0,1083,153,C,1,P2|771|2017-01-29
P2,771,Clicgear Rovic Cooler Bag,2017-02-05,4,10.0,1083,96,C,1,P2|771|2017-02-05
P2,771,Clicgear Rovic Cooler Bag,2017-02-12,0,6.0,1083,122,C,1,P2|771|2017-02-12
P2,771,Clicgear Rovic Cooler Bag,2017-02-19,5,6.0,1083,186,C,1,P2|771|2017-02-19
P2,771,Clicgear Rovic Cooler Bag,2017-02-26,1,21.0,1083,103,C,1,P2|771|2017-02-26
P2,771,Clicgear Rovic Cooler Bag,2017-03-05,12,20.0,1083,38,C,1,P2|771|2017-03-05
P2,771,Clicgear Rovic Cooler Bag,2017-03-12,16,8.0,1083,93,C,1,P2|771|2017-03-12
P2,771,Clicgear Rovic Cooler Bag,2017-03-19,10,0.0,1083,208,C,1,P2|771|2017-03-19
P2,771,Clicgear Rovic Cooler Bag,2017-03-26,18,21.0,1083,181,C,1,P2|771|2017-03-26
P2,771,Clicgear Rovic Cooler Bag,2017-04-02,3,3.0,1083,147,C,1,P2|771|2017-04-02
P2,771,Clicgear Rovic Cooler Bag,2017-04-09,4,0.0,1083,160,C,1,P2|771|2017-04-09
P2,771,Clicgear Rovic Cooler Bag,2017-04-16,6,0.0,1083,244,C,1,P2|771|2017-04-16
P2,771,Clicgear Rovic Cooler Bag,2017-04-23,9,21.0,1083,180,C,1,P2|771|2017-04-23
P2,773,Titleist Small Wheeled Travel Cover,2017-04-30,1,40.0,1083,285,C,1,P2|773|2017-04-30
P2,773,Titleist Small Wheeled Travel Cover,2017-05-07,1,39.0,1083,287,C,1,P2|773|2017-05-07
P2,773,Titleist Small Wheeled Travel Cover,2017-05-14,2,38.0,1083,277,C,1,P2|773|2017-05-14
P2,773,Titleist Small Wheeled Travel Cover,2017-05-21,0,36.0,1083,262,C,1,P2|773|2017-05-21
P2,773,Titleist Small Wheeled Travel Cover,2017-05-28,6,36.0,1083,329,C,1,P2|773|2017-05-28
P2,773,Titleist Small Wheeled Travel Cover,2017-06-04,3,30.0,1083,237,C,1,P2|773|2017-06-04
P2,773,Titleist Small Wheeled Travel Cover,2017-06-11,9,27.0,1083,307,C,1,P2|773|2017-06-11
P2,773,Titleist Small Wheeled Travel Cover,2017-06-18,1,18.0,1083,317,C,1,P2|773|2017-06-18
P2,773,Titleist Small Wheeled Travel Cover,2017-06-25,1,17.0,1083,224,C,1,P2|773|2017-06-25
P2,773,Titleist Small Wheeled Travel Cover,2017-07-02,3,16.0,1083,207,C,1,P2|773|2017-07-02
P2,773,Titleist Small Wheeled Travel Cover,2017-07-09,2,13.0,1083,290,C,1,P2|773|2017-07-09
P2,773,Titleist Small Wheeled Travel Cover,2017-07-16,1,11.0,1083,359,C,1,P2|773|2017-07-16
P2,773,Titleist Small Wheeled Travel Cover,2017-07-23,4,10.0,1083,226,C,1,P2|773|2017-07-23
P2,773,Titleist Small Wheeled Travel Cover,2017-07-30,2,6.0,1083,322,C,1,P2|773|2017-07-30
P2,773,Titleist Small Wheeled Travel Cover,2017-08-06,2,4.0,1083,212,C,1,P2|773|2017-08-06
P2,773,Titleist Small Wheeled Travel Cover,2017-08-13,1,2.0,1083,309,C,1,P2|773|2017-08-13
P2,773,Titleist Small Wheeled Travel Cover,2017-08-20,0,8.0,1083,291,C,1,P2|773|2017-08-20
P2,773,Titleist Small Wheeled Travel Cover,2017-08-27,5,8.0,1083,270,C,1,P2|773|2017-08-27
P2,773,Titleist Small Wheeled Travel Cover,2017-09-03,3,3.0,1083,226,C,1,P2|773|2017-09-03
P2,773,Titleist Small Wheeled Travel Cover,2017-09-10,7,0.0,1083,233,C,1,P2|773|2017-09-10
P2,775,Clicgear 8.0 Shoe Brush,2015-01-04,10,110.0,1083,548,C,1,P2|775|2015-01-04
P2,775,Clicgear 8.0 Shoe Brush,2015-01-11,3,100.0,1083,249,C,1,P2|775|2015-01-11
P2,775,Clicgear 8.0 Shoe Brush,2015-01-18,0,97.0,1083,64,C,1,P2|775|2015-01-18
P2,775,Clicgear 8.0 Shoe Brush,2015-01-25,2,97.0,1083,167,C,1,P2|775|2015-01-25
P2,775,Clicgear 8.0 Shoe Brush,2015-02-01,21,95.0,1083,93,C,1,P2|775|2015-02-01
P2,775,Clicgear 8.0 Shoe Brush,2015-02-08,19,74.0,1083,203,C,1,P2|775|2015-02-08
P2,775,Clicgear 8.0 Shoe Brush,2015-02-15,9,55.0,1083,178,C,1,P2|775|2015-02-15
P2,775,Clicgear 8.0 Shoe Brush,2015-02-22,5,46.0,1083,95,C,1,P2|775|2015-02-22
P2,775,Clicgear 8.0 Shoe Brush,2015-03-01,11,41.0,1083,93,C,1,P2|775|2015-03-01
P2,775,Clicgear 8.0 Shoe Brush,2015-03-08,8,30.0,1083,47,C,1,P2|775|2015-03-08
P2,775,Clicgear 8.0 Shoe Brush,2015-03-15,12,22.0,1083,224,C,1,P2|775|2015-03-15
P2,775,Clicgear 8.0 Shoe Brush,2015-03-22,4,10.0,1083,110,C,1,P2|775|2015-03-22
P2,775,Clicgear 8.0 Shoe Brush,2015-03-29,2,22.0,1083,63,C,1,P2|775|2015-03-29
P2,775,Clicgear 8.0 Shoe Brush,2015-04-05,9,20.0,1083,124,C,1,P2|775|2015-04-05
P2,775,Clicgear 8.0 Shoe Brush,2015-04-12,0,11.0,1083,64,C,1,P2|775|2015-04-12
P2,775,Clicgear 8.0 Shoe Brush,2015-04-19,14,11.0,1083,125,C,1,P2|775|2015-04-19
P2,775,Clicgear 8.0 Shoe Brush,2015-04-26,10,22.0,1083,288,C,1,P2|775|2015-04-26
P2,775,Clicgear 8.0 Shoe Brush,2015-05-03,17,12.0,1083,119,C,1,P2|775|2015-05-03
P2,775,Clicgear 8.0 Shoe Brush,2015-05-10,19,0.0,1083,143,C,1,P2|775|2015-05-10
P2,775,Clicgear 8.0 Shoe Brush,2015-05-17,4,0.0,1083,145,C,1,P2|775|2015-05-17
P2,775,Clicgear 8.0 Shoe Brush,2015-05-24,15,22.0,1083,121,C,1,P2|775|2015-05-24
P2,775,Clicgear 8.0 Shoe Brush,2015-05-31,8,7.0,1083,48,C,1,P2|775|2015-05-31
P2,775,Clicgear 8.0 Shoe Brush,2015-06-07,21,0.0,1083,184,C,1,P2|775|2015-06-07
P2,775,Clicgear 8.0 Shoe Brush,2015-06-14,1,0.0,1083,256,C,1,P2|775|2015-06-14
P2,775,Clicgear 8.0 Shoe Brush,2015-06-21,4,22.0,1083,196,C,1,P2|775|2015-06-21
P2,775,Clicgear 8.0 Shoe Brush,2015-06-28,5,18.0,1083,183,C,1,P2|775|2015-06-28
P2,775,Clicgear 8.0 Shoe Brush,2015-07-05,5,13.0,1083,139,C,1,P2|775|2015-07-05
P2,775,Clicgear 8.0 Shoe Brush,2015-07-12,2,8.0,1083,89,C,1,P2|775|2015-07-12
P2,775,Clicgear 8.0 Shoe Brush,2015-07-19,8,22.0,1083,87,C,1,P2|775|2015-07-19
P2,775,Clicgear 8.0 Shoe Brush,2015-07-26,3,14.0,1083,132,C,1,P2|775|2015-07-26
P2,775,Clicgear 8.0 Shoe Brush,2015-08-02,11,11.0,1083,148,C,1,P2|775|2015-08-02
P2,775,Clicgear 8.0 Shoe Brush,2015-08-09,2,0.0,1083,184,C,1,P2|775|2015-08-09
P2,775,Clicgear 8.0 Shoe Brush,2015-08-16,8,22.0,1083,113,C,1,P2|775|2015-08-16
P2,775,Clicgear 8.0 Shoe Brush,2015-08-23,5,14.0,1083,168,C,1,P2|775|2015-08-23
P2,775,Clicgear 8.0 Shoe Brush,2015-08-30,3,9.0,1083,125,C,1,P2|775|2015-08-30
P2,775,Clicgear 8.0 Shoe Brush,2015-09-06,12,6.0,1083,181,C,1,P2|775|2015-09-06
P2,775,Clicgear 8.0 Shoe Brush,2015-09-13,10,22.0,1083,240,C,1,P2|775|2015-09-13
P2,775,Clicgear 8.0 Shoe Brush,2015-09-20,4,12.0,1083,116,C,1,P2|775|2015-09-20
P2,775,Clicgear 8.0 Shoe Brush,2015-09-27,5,8.0,1083,35,C,1,P2|775|2015-09-27
P2,775,Clicgear 8.0 Shoe Brush,2015-10-04,4,3.0,1083,240,C,1,P2|775|2015-10-04
P2,775,Clicgear 8.0 Shoe Brush,2015-10-11,0,22.0,1083,116,C,1,P2|775|2015-10-11
P2,775,Clicgear 8.0 Shoe Brush,2015-10-18,10,22.0,1083,53,C,1,P2|775|2015-10-18
P2,775,Clicgear 8.0 Shoe Brush,2015-10-25,3,12.0,1083,220,C,1,P2|775|2015-10-25
P2,775,Clicgear 8.0 Shoe Brush,2015-11-01,5,9.0,1083,186,C,1,P2|775|2015-11-01
P2,775,Clicgear 8.0 Shoe Brush,2015-11-08,9,22.0,1083,125,C,1,P2|775|2015-11-08
P2,775,Clicgear 8.0 Shoe Brush,2015-11-15,14,13.0,1083,113,C,1,P2|775|2015-11-15
P2,775,Clicgear 8.0 Shoe Brush,2015-11-22,9,0.0,1083,124,C,1,P2|775|2015-11-22
P2,775,Clicgear 8.0 Shoe Brush,2015-11-29,17,0.0,1083,225,C,1,P2|775|2015-11-29
P2,775,Clicgear 8.0 Shoe Brush,2015-12-06,3,22.0,1083,124,C,1,P2|775|2015-12-06
P2,775,Clicgear 8.0 Shoe Brush,2015-12-13,6,19.0,1083,232,C,1,P2|775|2015-12-13
P2,775,Clicgear 8.0 Shoe Brush,2015-12-20,12,13.0,1083,141,C,1,P2|775|2015-12-20
P2,775,Clicgear 8.0 Shoe Brush,2015-12-27,7,1.0,1083,83,C,1,P2|775|2015-12-27
P2,775,Clicgear 8.0 Shoe Brush,2016-01-03,0,22.0,1083,127,C,1,P2|775|2016-01-03
P2,775,Clicgear 8.0 Shoe Brush,2016-01-10,9,22.0,1083,150,C,1,P2|775|2016-01-10
P2,775,Clicgear 8.0 Shoe Brush,2016-01-17,0,13.0,1083,245,C,1,P2|775|2016-01-17
P2,775,Clicgear 8.0 Shoe Brush,2016-01-24,11,13.0,1083,156,C,1,P2|775|2016-01-24
P2,775,Clicgear 8.0 Shoe Brush,2016-01-31,0,22.0,1083,129,C,1,P2|775|2016-01-31
P2,775,Clicgear 8.0 Shoe Brush,2016-02-07,1,22.0,1083,290,C,1,P2|775|2016-02-07
P2,775,Clicgear 8.0 Shoe Brush,2016-02-14,9,21.0,1083,111,C,1,P2|775|2016-02-14
P2,775,Clicgear 8.0 Shoe Brush,2016-02-21,5,12.0,1083,205,C,1,P2|775|2016-02-21
P2,775,Clicgear 8.0 Shoe Brush,2016-02-28,5,22.0,1083,165,C,1,P2|775|2016-02-28
P2,775,Clicgear 8.0 Shoe Brush,2016-03-06,10,17.0,1083,112,C,1,P2|775|2016-03-06
P2,775,Clicgear 8.0 Shoe Brush,2016-03-13,7,7.0,1083,255,C,1,P2|775|2016-03-13
P2,775,Clicgear 8.0 Shoe Brush,2016-03-20,5,0.0,1083,244,C,1,P2|775|2016-03-20
P2,775,Clicgear 8.0 Shoe Brush,2016-03-27,7,22.0,1083,199,C,1,P2|775|2016-03-27
P2,775,Clicgear 8.0 Shoe Brush,2016-04-03,5,15.0,1083,70,C,1,P2|775|2016-04-03
P2,775,Clicgear 8.0 Shoe Brush,2016-04-10,14,10.0,1083,227,C,1,P2|775|2016-04-10
P2,775,Clicgear 8.0 Shoe Brush,2016-04-17,14,0.0,1083,93,C,1,P2|775|2016-04-17
P2,775,Clicgear 8.0 Shoe Brush,2016-04-24,5,22.0,1083,114,C,1,P2|775|2016-04-24
P2,775,Clicgear 8.0 Shoe Brush,2016-05-01,5,17.0,1083,210,C,1,P2|775|2016-05-01
P2,775,Clicgear 8.0 Shoe Brush,2016-05-08,7,12.0,1083,200,C,1,P2|775|2016-05-08
P2,775,Clicgear 8.0 Shoe Brush,2016-05-15,5,5.0,1083,123,C,1,P2|775|2016-05-15
P2,775,Clicgear 8.0 Shoe Brush,2016-05-22,7,22.0,1083,151,C,1,P2|775|2016-05-22
P2,775,Clicgear 8.0 Shoe Brush,2016-05-29,12,15.0,1083,243,C,1,P2|775|2016-05-29
P2,775,Clicgear 8.0 Shoe Brush,2016-06-05,9,3.0,1083,136,C,1,P2|775|2016-06-05
P2,775,Clicgear 8.0 Shoe Brush,2016-06-12,4,0.0,1083,196,C,1,P2|775|2016-06-12
P2,775,Clicgear 8.0 Shoe Brush,2016-06-19,4,22.0,1083,201,C,1,P2|775|2016-06-19
P2,775,Clicgear 8.0 Shoe Brush,2016-06-26,4,18.0,1083,48,C,1,P2|775|2016-06-26
P2,775,Clicgear 8.0 Shoe Brush,2016-07-03,5,14.0,1083,192,C,1,P2|775|2016-07-03
P2,775,Clicgear 8.0 Shoe Brush,2016-07-10,5,9.0,1083,193,C,1,P2|775|2016-07-10
P2,775,Clicgear 8.0 Shoe Brush,2016-07-17,8,22.0,1083,117,C,1,P2|775|2016-07-17
P2,775,Clicgear 8.0 Shoe Brush,2016-07-24,11,14.0,1083,149,C,1,P2|775|2016-07-24
P2,775,Clicgear 8.0 Shoe Brush,2016-07-31,2,3.0,1083,154,C,1,P2|775|2016-07-31
P2,775,Clicgear 8.0 Shoe Brush,2016-08-07,11,1.0,1083,117,C,1,P2|775|2016-08-07
P2,775,Clicgear 8.0 Shoe Brush,2016-08-14,6,22.0,1083,92,C,1,P2|775|2016-08-14
P2,775,Clicgear 8.0 Shoe Brush,2016-08-21,4,16.0,1083,141,C,1,P2|775|2016-08-21
P2,775,Clicgear 8.0 Shoe Brush,2016-08-28,11,12.0,1083,160,C,1,P2|775|2016-08-28
P2,775,Clicgear 8.0 Shoe Brush,2016-09-04,6,1.0,1083,180,C,1,P2|775|2016-09-04
P2,775,Clicgear 8.0 Shoe Brush,2016-09-11,6,22.0,1083,163,C,1,P2|775|2016-09-11
P2,775,Clicgear 8.0 Shoe Brush,2016-09-18,6,16.0,1083,87,C,1,P2|775|2016-09-18
P2,775,Clicgear 8.0 Shoe Brush,2016-09-25,1,10.0,1083,133,C,1,P2|775|2016-09-25
P2,775,Clicgear 8.0 Shoe Brush,2016-10-02,7,9.0,1083,157,C,1,P2|775|2016-10-02
P2,775,Clicgear 8.0 Shoe Brush,2016-10-09,8,22.0,1083,168,C,1,P2|775|2016-10-09
P2,775,Clicgear 8.0 Shoe Brush,2016-10-16,5,14.0,1083,104,C,1,P2|775|2016-10-16
P2,775,Clicgear 8.0 Shoe Brush,2016-10-23,4,9.0,1083,98,C,1,P2|775|2016-10-23
P2,775,Clicgear 8.0 Shoe Brush,2016-10-30,15,5.0,1083,197,C,1,P2|775|2016-10-30
P2,775,Clicgear 8.0 Shoe Brush,2016-11-06,8,22.0,1083,186,C,1,P2|775|2016-11-06
P2,775,Clicgear 8.0 Shoe Brush,2016-11-13,5,14.0,1083,232,C,1,P2|775|2016-11-13
P2,775,Clicgear 8.0 Shoe Brush,2016-11-20,9,9.0,1083,176,C,1,P2|775|2016-11-20
P2,775,Clicgear 8.0 Shoe Brush,2016-11-27,18,0.0,1083,135,C,1,P2|775|2016-11-27
P2,775,Clicgear 8.0 Shoe Brush,2016-12-04,7,22.0,1083,118,C,1,P2|775|2016-12-04
P2,775,Clicgear 8.0 Shoe Brush,2016-12-11,4,15.0,1083,145,C,1,P2|775|2016-12-11
P2,775,Clicgear 8.0 Shoe Brush,2016-12-18,19,11.0,1083,213,C,1,P2|775|2016-12-18
P2,775,Clicgear 8.0 Shoe Brush,2016-12-25,2,0.0,1083,124,C,1,P2|775|2016-12-25
P2,775,Clicgear 8.0 Shoe Brush,2017-01-01,3,22.0,1083,161,C,1,P2|775|2017-01-01
P2,775,Clicgear 8.0 Shoe Brush,2017-01-08,8,19.0,1083,252,C,1,P2|775|2017-01-08
P2,775,Clicgear 8.0 Shoe Brush,2017-01-15,6,11.0,1083,105,C,1,P2|775|2017-01-15
P2,775,Clicgear 8.0 Shoe Brush,2017-01-22,8,5.0,1083,119,C,1,P2|775|2017-01-22
P2,775,Clicgear 8.0 Shoe Brush,2017-01-29,4,22.0,1083,153,C,1,P2|775|2017-01-29
P2,775,Clicgear 8.0 Shoe Brush,2017-02-05,5,18.0,1083,96,C,1,P2|775|2017-02-05
P2,775,Clicgear 8.0 Shoe Brush,2017-02-12,7,13.0,1083,122,C,1,P2|775|2017-02-12
P2,775,Clicgear 8.0 Shoe Brush,2017-02-19,10,6.0,1083,186,C,1,P2|775|2017-02-19
P2,775,Clicgear 8.0 Shoe Brush,2017-02-26,5,22.0,1083,103,C,1,P2|775|2017-02-26
P2,775,Clicgear 8.0 Shoe Brush,2017-03-05,14,17.0,1083,38,C,1,P2|775|2017-03-05
P2,775,Clicgear 8.0 Shoe Brush,2017-03-12,4,3.0,1083,93,C,1,P2|775|2017-03-12
P2,775,Clicgear 8.0 Shoe Brush,2017-03-19,8,0.0,1083,208,C,1,P2|775|2017-03-19
P2,775,Clicgear 8.0 Shoe Brush,2017-03-26,0,22.0,1083,181,C,1,P2|775|2017-03-26
P2,775,Clicgear 8.0 Shoe Brush,2017-04-02,16,22.0,1083,147,C,1,P2|775|2017-04-02
P2,775,Clicgear 8.0 Shoe Brush,2017-04-09,13,6.0,1083,160,C,1,P2|775|2017-04-09
P2,775,Clicgear 8.0 Shoe Brush,2017-04-16,3,0.0,1083,244,C,1,P2|775|2017-04-16
P2,775,Clicgear 8.0 Shoe Brush,2017-04-23,7,22.0,1083,180,C,1,P2|775|2017-04-23
P2,777,Bag Boy M330 Push Cart,2017-04-30,4,149.0,1083,285,C,1,P2|777|2017-04-30
P2,777,Bag Boy M330 Push Cart,2017-05-07,14,145.0,1083,287,C,1,P2|777|2017-05-07
P2,777,Bag Boy M330 Push Cart,2017-05-14,16,131.0,1083,277,C,1,P2|777|2017-05-14
P2,777,Bag Boy M330 Push Cart,2017-05-21,9,115.0,1083,262,C,1,P2|777|2017-05-21
P2,777,Bag Boy M330 Push Cart,2017-05-28,25,106.0,1083,329,C,1,P2|777|2017-05-28
P2,777,Bag Boy M330 Push Cart,2017-06-04,7,81.0,1083,237,C,1,P2|777|2017-06-04
P2,777,Bag Boy M330 Push Cart,2017-06-11,8,74.0,1083,307,C,1,P2|777|2017-06-11
P2,777,Bag Boy M330 Push Cart,2017-06-18,0,66.0,1083,317,C,1,P2|777|2017-06-18
P2,777,Bag Boy M330 Push Cart,2017-06-25,19,66.0,1083,224,C,1,P2|777|2017-06-25
P2,777,Bag Boy M330 Push Cart,2017-07-02,9,47.0,1083,207,C,1,P2|777|2017-07-02
P2,777,Bag Boy M330 Push Cart,2017-07-09,4,38.0,1083,290,C,1,P2|777|2017-07-09
P2,777,Bag Boy M330 Push Cart,2017-07-16,9,34.0,1083,359,C,1,P2|777|2017-07-16
P2,777,Bag Boy M330 Push Cart,2017-07-23,5,30.0,1083,226,C,1,P2|777|2017-07-23
P2,777,Bag Boy M330 Push Cart,2017-07-30,3,25.0,1083,322,C,1,P2|777|2017-07-30
P2,777,Bag Boy M330 Push Cart,2017-08-06,15,22.0,1083,212,C,1,P2|777|2017-08-06
P2,777,Bag Boy M330 Push Cart,2017-08-13,17,7.0,1083,309,C,1,P2|777|2017-08-13
P2,777,Bag Boy M330 Push Cart,2017-08-20,6,30.0,1083,291,C,1,P2|777|2017-08-20
P2,777,Bag Boy M330 Push Cart,2017-08-27,4,24.0,1083,270,C,1,P2|777|2017-08-27
P2,777,Bag Boy M330 Push Cart,2017-09-03,13,20.0,1083,226,C,1,P2|777|2017-09-03
P2,777,Bag Boy M330 Push Cart,2017-09-10,16,7.0,1083,233,C,1,P2|777|2017-09-10
P2,777,Bag Boy M330 Push Cart,2017-09-17,5,30.0,1083,344,C,1,P2|777|2017-09-17
P2,778,Bag Boy Beverage Holder,2015-01-04,7,105.0,1083,548,C,1,P2|778|2015-01-04
P2,778,Bag Boy Beverage Holder,2015-01-11,4,98.0,1083,249,C,1,P2|778|2015-01-11
P2,778,Bag Boy Beverage Holder,2015-01-18,11,94.0,1083,64,C,1,P2|778|2015-01-18
P2,778,Bag Boy Beverage Holder,2015-01-25,17,83.0,1083,167,C,1,P2|778|2015-01-25
P2,778,Bag Boy Beverage Holder,2015-02-01,0,66.0,1083,93,C,1,P2|778|2015-02-01
P2,778,Bag Boy Beverage Holder,2015-02-08,4,66.0,1083,203,C,1,P2|778|2015-02-08
P2,778,Bag Boy Beverage Holder,2015-02-15,5,62.0,1083,178,C,1,P2|778|2015-02-15
P2,778,Bag Boy Beverage Holder,2015-02-22,7,57.0,1083,95,C,1,P2|778|2015-02-22
P2,778,Bag Boy Beverage Holder,2015-03-01,1,50.0,1083,93,C,1,P2|778|2015-03-01
P2,778,Bag Boy Beverage Holder,2015-03-08,20,49.0,1083,47,C,1,P2|778|2015-03-08
P2,778,Bag Boy Beverage Holder,2015-03-15,6,29.0,1083,224,C,1,P2|778|2015-03-15
P2,778,Bag Boy Beverage Holder,2015-03-22,7,23.0,1083,110,C,1,P2|778|2015-03-22
P2,778,Bag Boy Beverage Holder,2015-03-29,4,21.0,1083,63,C,1,P2|778|2015-03-29
P2,778,Bag Boy Beverage Holder,2015-04-05,10,17.0,1083,124,C,1,P2|778|2015-04-05
P2,778,Bag Boy Beverage Holder,2015-04-12,10,7.0,1083,64,C,1,P2|778|2015-04-12
P2,778,Bag Boy Beverage Holder,2015-04-19,5,0.0,1083,125,C,1,P2|778|2015-04-19
P2,778,Bag Boy Beverage Holder,2015-04-26,10,21.0,1083,288,C,1,P2|778|2015-04-26
P2,778,Bag Boy Beverage Holder,2015-05-03,8,11.0,1083,119,C,1,P2|778|2015-05-03
P2,778,Bag Boy Beverage Holder,2015-05-10,5,3.0,1083,143,C,1,P2|778|2015-05-10
P2,778,Bag Boy Beverage Holder,2015-05-17,10,0.0,1083,145,C,1,P2|778|2015-05-17
P2,778,Bag Boy Beverage Holder,2015-05-24,0,21.0,1083,121,C,1,P2|778|2015-05-24
P2,778,Bag Boy Beverage Holder,2015-05-31,13,21.0,1083,48,C,1,P2|778|2015-05-31
P2,778,Bag Boy Beverage Holder,2015-06-07,10,8.0,1083,184,C,1,P2|778|2015-06-07
P2,778,Bag Boy Beverage Holder,2015-06-14,6,0.0,1083,256,C,1,P2|778|2015-06-14
P2,778,Bag Boy Beverage Holder,2015-06-21,5,21.0,1083,196,C,1,P2|778|2015-06-21
P2,778,Bag Boy Beverage Holder,2015-06-28,12,16.0,1083,183,C,1,P2|778|2015-06-28
P2,778,Bag Boy Beverage Holder,2015-07-05,6,4.0,1083,139,C,1,P2|778|2015-07-05
P2,778,Bag Boy Beverage Holder,2015-07-12,5,0.0,1083,89,C,1,P2|778|2015-07-12
P2,778,Bag Boy Beverage Holder,2015-07-19,1,21.0,1083,87,C,1,P2|778|2015-07-19
P2,778,Bag Boy Beverage Holder,2015-07-26,3,20.0,1083,132,C,1,P2|778|2015-07-26
P2,778,Bag Boy Beverage Holder,2015-08-02,15,17.0,1083,148,C,1,P2|778|2015-08-02
P2,778,Bag Boy Beverage Holder,2015-08-09,1,2.0,1083,184,C,1,P2|778|2015-08-09
P2,778,Bag Boy Beverage Holder,2015-08-16,7,21.0,1083,113,C,1,P2|778|2015-08-16
P2,778,Bag Boy Beverage Holder,2015-08-23,8,14.0,1083,168,C,1,P2|778|2015-08-23
P2,778,Bag Boy Beverage Holder,2015-08-30,2,6.0,1083,125,C,1,P2|778|2015-08-30
P2,778,Bag Boy Beverage Holder,2015-09-06,8,4.0,1083,181,C,1,P2|778|2015-09-06
P2,778,Bag Boy Beverage Holder,2015-09-13,13,21.0,1083,240,C,1,P2|778|2015-09-13
P2,778,Bag Boy Beverage Holder,2015-09-20,4,8.0,1083,116,C,1,P2|778|2015-09-20
P2,778,Bag Boy Beverage Holder,2015-09-27,7,4.0,1083,35,C,1,P2|778|2015-09-27
P2,778,Bag Boy Beverage Holder,2015-10-04,12,0.0,1083,240,C,1,P2|778|2015-10-04
P2,778,Bag Boy Beverage Holder,2015-10-11,0,21.0,1083,116,C,1,P2|778|2015-10-11
P2,778,Bag Boy Beverage Holder,2015-10-18,10,21.0,1083,53,C,1,P2|778|2015-10-18
P2,778,Bag Boy Beverage Holder,2015-10-25,9,11.0,1083,220,C,1,P2|778|2015-10-25
P2,778,Bag Boy Beverage Holder,2015-11-01,7,2.0,1083,186,C,1,P2|778|2015-11-01
P2,778,Bag Boy Beverage Holder,2015-11-08,27,21.0,1083,125,C,1,P2|778|2015-11-08
P2,778,Bag Boy Beverage Holder,2015-11-15,12,0.0,1083,113,C,1,P2|778|2015-11-15
P2,778,Bag Boy Beverage Holder,2015-11-22,0,0.0,1083,124,C,1,P2|778|2015-11-22
P2,778,Bag Boy Beverage Holder,2015-11-29,8,0.0,1083,225,C,1,P2|778|2015-11-29
P2,778,Bag Boy Beverage Holder,2015-12-06,2,21.0,1083,124,C,1,P2|778|2015-12-06
P2,778,Bag Boy Beverage Holder,2015-12-13,12,19.0,1083,232,C,1,P2|778|2015-12-13
P2,778,Bag Boy Beverage Holder,2015-12-20,14,7.0,1083,141,C,1,P2|778|2015-12-20
P2,778,Bag Boy Beverage Holder,2015-12-27,6,0.0,1083,83,C,1,P2|778|2015-12-27
P2,778,Bag Boy Beverage Holder,2016-01-03,0,21.0,1083,127,C,1,P2|778|2016-01-03
P2,778,Bag Boy Beverage Holder,2016-01-10,12,21.0,1083,150,C,1,P2|778|2016-01-10
P2,778,Bag Boy Beverage Holder,2016-01-17,6,9.0,1083,245,C,1,P2|778|2016-01-17
P2,778,Bag Boy Beverage Holder,2016-01-24,2,3.0,1083,156,C,1,P2|778|2016-01-24
P2,778,Bag Boy Beverage Holder,2016-01-31,1,21.0,1083,129,C,1,P2|778|2016-01-31
P2,778,Bag Boy Beverage Holder,2016-02-07,12,20.0,1083,290,C,1,P2|778|2016-02-07
P2,778,Bag Boy Beverage Holder,2016-02-14,1,8.0,1083,111,C,1,P2|778|2016-02-14
P2,778,Bag Boy Beverage Holder,2016-02-21,0,7.0,1083,205,C,1,P2|778|2016-02-21
P2,778,Bag Boy Beverage Holder,2016-02-28,5,21.0,1083,165,C,1,P2|778|2016-02-28
P2,778,Bag Boy Beverage Holder,2016-03-06,10,16.0,1083,112,C,1,P2|778|2016-03-06
P2,778,Bag Boy Beverage Holder,2016-03-13,12,6.0,1083,255,C,1,P2|778|2016-03-13
P2,778,Bag Boy Beverage Holder,2016-03-20,11,0.0,1083,244,C,1,P2|778|2016-03-20
P2,778,Bag Boy Beverage Holder,2016-03-27,6,21.0,1083,199,C,1,P2|778|2016-03-27
P2,778,Bag Boy Beverage Holder,2016-04-03,2,15.0,1083,70,C,1,P2|778|2016-04-03
P2,778,Bag Boy Beverage Holder,2016-04-10,0,13.0,1083,227,C,1,P2|778|2016-04-10
P2,778,Bag Boy Beverage Holder,2016-04-17,12,13.0,1083,93,C,1,P2|778|2016-04-17
P2,778,Bag Boy Beverage Holder,2016-04-24,3,21.0,1083,114,C,1,P2|778|2016-04-24
P2,778,Bag Boy Beverage Holder,2016-05-01,12,18.0,1083,210,C,1,P2|778|2016-05-01
P2,778,Bag Boy Beverage Holder,2016-05-08,12,6.0,1083,200,C,1,P2|778|2016-05-08
P2,778,Bag Boy Beverage Holder,2016-05-15,5,0.0,1083,123,C,1,P2|778|2016-05-15
P2,778,Bag Boy Beverage Holder,2016-05-22,0,21.0,1083,151,C,1,P2|778|2016-05-22
P2,778,Bag Boy Beverage Holder,2016-05-29,8,21.0,1083,243,C,1,P2|778|2016-05-29
P2,778,Bag Boy Beverage Holder,2016-06-05,1,13.0,1083,136,C,1,P2|778|2016-06-05
P2,778,Bag Boy Beverage Holder,2016-06-12,6,12.0,1083,196,C,1,P2|778|2016-06-12
P2,778,Bag Boy Beverage Holder,2016-06-19,8,21.0,1083,201,C,1,P2|778|2016-06-19
P2,778,Bag Boy Beverage Holder,2016-06-26,5,13.0,1083,48,C,1,P2|778|2016-06-26
P2,778,Bag Boy Beverage Holder,2016-07-03,12,8.0,1083,192,C,1,P2|778|2016-07-03
P2,778,Bag Boy Beverage Holder,2016-07-10,6,0.0,1083,193,C,1,P2|778|2016-07-10
P2,778,Bag Boy Beverage Holder,2016-07-17,4,21.0,1083,117,C,1,P2|778|2016-07-17
P2,778,Bag Boy Beverage Holder,2016-07-24,10,17.0,1083,149,C,1,P2|778|2016-07-24
P2,778,Bag Boy Beverage Holder,2016-07-31,4,7.0,1083,154,C,1,P2|778|2016-07-31
P2,778,Bag Boy Beverage Holder,2016-08-07,6,3.0,1083,117,C,1,P2|778|2016-08-07
P2,778,Bag Boy Beverage Holder,2016-08-14,10,21.0,1083,92,C,1,P2|778|2016-08-14
P2,778,Bag Boy Beverage Holder,2016-08-21,12,11.0,1083,141,C,1,P2|778|2016-08-21
P2,778,Bag Boy Beverage Holder,2016-08-28,7,0.0,1083,160,C,1,P2|778|2016-08-28
P2,778,Bag Boy Beverage Holder,2016-09-04,3,0.0,1083,180,C,1,P2|778|2016-09-04
P2,778,Bag Boy Beverage Holder,2016-09-11,11,21.0,1083,163,C,1,P2|778|2016-09-11
P2,778,Bag Boy Beverage Holder,2016-09-18,4,10.0,1083,87,C,1,P2|778|2016-09-18
P2,778,Bag Boy Beverage Holder,2016-09-25,0,6.0,1083,133,C,1,P2|778|2016-09-25
P2,778,Bag Boy Beverage Holder,2016-10-02,9,6.0,1083,157,C,1,P2|778|2016-10-02
P2,778,Bag Boy Beverage Holder,2016-10-09,9,21.0,1083,168,C,1,P2|778|2016-10-09
P2,778,Bag Boy Beverage Holder,2016-10-16,4,12.0,1083,104,C,1,P2|778|2016-10-16
P2,778,Bag Boy Beverage Holder,2016-10-23,4,8.0,1083,98,C,1,P2|778|2016-10-23
P2,778,Bag Boy Beverage Holder,2016-10-30,1,4.0,1083,197,C,1,P2|778|2016-10-30
P2,778,Bag Boy Beverage Holder,2016-11-06,10,21.0,1083,186,C,1,P2|778|2016-11-06
P2,778,Bag Boy Beverage Holder,2016-11-13,7,11.0,1083,232,C,1,P2|778|2016-11-13
P2,778,Bag Boy Beverage Holder,2016-11-20,12,4.0,1083,176,C,1,P2|778|2016-11-20
P2,778,Bag Boy Beverage Holder,2016-11-27,7,0.0,1083,135,C,1,P2|778|2016-11-27
P2,778,Bag Boy Beverage Holder,2016-12-04,6,21.0,1083,118,C,1,P2|778|2016-12-04
P2,778,Bag Boy Beverage Holder,2016-12-11,10,15.0,1083,145,C,1,P2|778|2016-12-11
P2,778,Bag Boy Beverage Holder,2016-12-18,22,5.0,1083,213,C,1,P2|778|2016-12-18
P2,778,Bag Boy Beverage Holder,2016-12-25,2,0.0,1083,124,C,1,P2|778|2016-12-25
P2,778,Bag Boy Beverage Holder,2017-01-01,7,21.0,1083,161,C,1,P2|778|2017-01-01
P2,778,Bag Boy Beverage Holder,2017-01-08,7,14.0,1083,252,C,1,P2|778|2017-01-08
P2,778,Bag Boy Beverage Holder,2017-01-15,0,7.0,1083,105,C,1,P2|778|2017-01-15
P2,778,Bag Boy Beverage Holder,2017-01-22,4,7.0,1083,119,C,1,P2|778|2017-01-22
P2,778,Bag Boy Beverage Holder,2017-01-29,0,21.0,1083,153,C,1,P2|778|2017-01-29
P2,778,Bag Boy Beverage Holder,2017-02-05,8,21.0,1083,96,C,1,P2|778|2017-02-05
P2,778,Bag Boy Beverage Holder,2017-02-12,1,13.0,1083,122,C,1,P2|778|2017-02-12
P2,778,Bag Boy Beverage Holder,2017-02-19,5,12.0,1083,186,C,1,P2|778|2017-02-19
P2,778,Bag Boy Beverage Holder,2017-02-26,16,21.0,1083,103,C,1,P2|778|2017-02-26
P2,778,Bag Boy Beverage Holder,2017-03-05,5,5.0,1083,38,C,1,P2|778|2017-03-05
P2,778,Bag Boy Beverage Holder,2017-03-12,1,0.0,1083,93,C,1,P2|778|2017-03-12
P2,778,Bag Boy Beverage Holder,2017-03-19,8,0.0,1083,208,C,1,P2|778|2017-03-19
P2,778,Bag Boy Beverage Holder,2017-03-26,5,21.0,1083,181,C,1,P2|778|2017-03-26
P2,778,Bag Boy Beverage Holder,2017-04-02,16,16.0,1083,147,C,1,P2|778|2017-04-02
P2,778,Bag Boy Beverage Holder,2017-04-09,15,0.0,1083,160,C,1,P2|778|2017-04-09
P2,778,Bag Boy Beverage Holder,2017-04-16,6,0.0,1083,244,C,1,P2|778|2017-04-16
P2,778,Bag Boy Beverage Holder,2017-04-23,1,21.0,1083,180,C,1,P2|778|2017-04-23
P2,786,TaylorMade 2014 Purelite Stand Bag,2017-04-30,4,49.0,1083,285,C,1,P2|786|2017-04-30
P2,786,TaylorMade 2014 Purelite Stand Bag,2017-05-07,1,45.0,1083,287,C,1,P2|786|2017-05-07
P2,786,TaylorMade 2014 Purelite Stand Bag,2017-05-14,6,44.0,1083,277,C,1,P2|786|2017-05-14
P2,786,TaylorMade 2014 Purelite Stand Bag,2017-05-21,3,38.0,1083,262,C,1,P2|786|2017-05-21
P2,786,TaylorMade 2014 Purelite Stand Bag,2017-05-28,3,35.0,1083,329,C,1,P2|786|2017-05-28
P2,786,TaylorMade 2014 Purelite Stand Bag,2017-06-04,4,32.0,1083,237,C,1,P2|786|2017-06-04
P2,786,TaylorMade 2014 Purelite Stand Bag,2017-06-11,3,28.0,1083,307,C,1,P2|786|2017-06-11
P2,786,TaylorMade 2014 Purelite Stand Bag,2017-06-18,2,25.0,1083,317,C,1,P2|786|2017-06-18
P2,786,TaylorMade 2014 Purelite Stand Bag,2017-06-25,7,23.0,1083,224,C,1,P2|786|2017-06-25
P2,786,TaylorMade 2014 Purelite Stand Bag,2017-07-02,1,16.0,1083,207,C,1,P2|786|2017-07-02
P2,786,TaylorMade 2014 Purelite Stand Bag,2017-07-09,3,15.0,1083,290,C,1,P2|786|2017-07-09
P2,786,TaylorMade 2014 Purelite Stand Bag,2017-07-16,4,12.0,1083,359,C,1,P2|786|2017-07-16
P2,786,TaylorMade 2014 Purelite Stand Bag,2017-07-23,3,10.0,1083,226,C,1,P2|786|2017-07-23
P2,786,TaylorMade 2014 Purelite Stand Bag,2017-07-30,2,7.0,1083,322,C,1,P2|786|2017-07-30
P2,786,TaylorMade 2014 Purelite Stand Bag,2017-08-06,4,5.0,1083,212,C,1,P2|786|2017-08-06
P2,786,TaylorMade 2014 Purelite Stand Bag,2017-08-13,3,1.0,1083,309,C,1,P2|786|2017-08-13
P2,786,TaylorMade 2014 Purelite Stand Bag,2017-08-20,4,10.0,1083,291,C,1,P2|786|2017-08-20
P2,786,TaylorMade 2014 Purelite Stand Bag,2017-08-27,2,6.0,1083,270,C,1,P2|786|2017-08-27
P2,786,TaylorMade 2014 Purelite Stand Bag,2017-09-03,5,4.0,1083,226,C,1,P2|786|2017-09-03
P2,786,TaylorMade 2014 Purelite Stand Bag,2017-09-10,1,0.0,1083,233,C,1,P2|786|2017-09-10
P2,792,Hirzl Men's Hybrid Golf Glove,2015-01-04,2,107.0,1083,548,C,1,P2|792|2015-01-04
P2,792,Hirzl Men's Hybrid Golf Glove,2015-01-11,7,105.0,1083,249,C,1,P2|792|2015-01-11
P2,792,Hirzl Men's Hybrid Golf Glove,2015-01-18,4,98.0,1083,64,C,1,P2|792|2015-01-18
P2,792,Hirzl Men's Hybrid Golf Glove,2015-01-25,5,94.0,1083,167,C,1,P2|792|2015-01-25
P2,792,Hirzl Men's Hybrid Golf Glove,2015-02-01,4,89.0,1083,93,C,1,P2|792|2015-02-01
P2,792,Hirzl Men's Hybrid Golf Glove,2015-02-08,4,85.0,1083,203,C,1,P2|792|2015-02-08
P2,792,Hirzl Men's Hybrid Golf Glove,2015-02-15,5,81.0,1083,178,C,1,P2|792|2015-02-15
P2,792,Hirzl Men's Hybrid Golf Glove,2015-02-22,10,76.0,1083,95,C,1,P2|792|2015-02-22
P2,792,Hirzl Men's Hybrid Golf Glove,2015-03-01,6,66.0,1083,93,C,1,P2|792|2015-03-01
P2,792,Hirzl Men's Hybrid Golf Glove,2015-03-08,13,60.0,1083,47,C,1,P2|792|2015-03-08
P2,792,Hirzl Men's Hybrid Golf Glove,2015-03-15,5,47.0,1083,224,C,1,P2|792|2015-03-15
P2,792,Hirzl Men's Hybrid Golf Glove,2015-03-22,9,42.0,1083,110,C,1,P2|792|2015-03-22
P2,792,Hirzl Men's Hybrid Golf Glove,2015-03-29,10,33.0,1083,63,C,1,P2|792|2015-03-29
P2,792,Hirzl Men's Hybrid Golf Glove,2015-04-05,11,23.0,1083,124,C,1,P2|792|2015-04-05
P2,792,Hirzl Men's Hybrid Golf Glove,2015-04-12,4,12.0,1083,64,C,1,P2|792|2015-04-12
P2,792,Hirzl Men's Hybrid Golf Glove,2015-04-19,5,8.0,1083,125,C,1,P2|792|2015-04-19
P2,792,Hirzl Men's Hybrid Golf Glove,2015-04-26,13,21.0,1083,288,C,1,P2|792|2015-04-26
P2,792,Hirzl Men's Hybrid Golf Glove,2015-05-03,5,8.0,1083,119,C,1,P2|792|2015-05-03
P2,792,Hirzl Men's Hybrid Golf Glove,2015-05-10,6,3.0,1083,143,C,1,P2|792|2015-05-10
P2,792,Hirzl Men's Hybrid Golf Glove,2015-05-17,7,0.0,1083,145,C,1,P2|792|2015-05-17
P2,792,Hirzl Men's Hybrid Golf Glove,2015-05-24,4,21.0,1083,121,C,1,P2|792|2015-05-24
P2,792,Hirzl Men's Hybrid Golf Glove,2015-05-31,13,17.0,1083,48,C,1,P2|792|2015-05-31
P2,792,Hirzl Men's Hybrid Golf Glove,2015-06-07,4,4.0,1083,184,C,1,P2|792|2015-06-07
P2,792,Hirzl Men's Hybrid Golf Glove,2015-06-14,0,0.0,1083,256,C,1,P2|792|2015-06-14
P2,792,Hirzl Men's Hybrid Golf Glove,2015-06-21,3,21.0,1083,196,C,1,P2|792|2015-06-21
P2,792,Hirzl Men's Hybrid Golf Glove,2015-06-28,7,18.0,1083,183,C,1,P2|792|2015-06-28
P2,792,Hirzl Men's Hybrid Golf Glove,2015-07-05,4,11.0,1083,139,C,1,P2|792|2015-07-05
P2,792,Hirzl Men's Hybrid Golf Glove,2015-07-12,7,7.0,1083,89,C,1,P2|792|2015-07-12
P2,792,Hirzl Men's Hybrid Golf Glove,2015-07-19,6,21.0,1083,87,C,1,P2|792|2015-07-19
P2,792,Hirzl Men's Hybrid Golf Glove,2015-07-26,8,15.0,1083,132,C,1,P2|792|2015-07-26
P2,792,Hirzl Men's Hybrid Golf Glove,2015-08-02,5,7.0,1083,148,C,1,P2|792|2015-08-02
P2,792,Hirzl Men's Hybrid Golf Glove,2015-08-09,4,2.0,1083,184,C,1,P2|792|2015-08-09
P2,792,Hirzl Men's Hybrid Golf Glove,2015-08-16,14,21.0,1083,113,C,1,P2|792|2015-08-16
P2,792,Hirzl Men's Hybrid Golf Glove,2015-08-23,10,7.0,1083,168,C,1,P2|792|2015-08-23
P2,792,Hirzl Men's Hybrid Golf Glove,2015-08-30,9,0.0,1083,125,C,1,P2|792|2015-08-30
P2,792,Hirzl Men's Hybrid Golf Glove,2015-09-06,13,0.0,1083,181,C,1,P2|792|2015-09-06
P2,792,Hirzl Men's Hybrid Golf Glove,2015-09-13,6,21.0,1083,240,C,1,P2|792|2015-09-13
P2,792,Hirzl Men's Hybrid Golf Glove,2015-09-20,7,15.0,1083,116,C,1,P2|792|2015-09-20
P2,792,Hirzl Men's Hybrid Golf Glove,2015-09-27,10,8.0,1083,35,C,1,P2|792|2015-09-27
P2,792,Hirzl Men's Hybrid Golf Glove,2015-10-04,7,0.0,1083,240,C,1,P2|792|2015-10-04
P2,792,Hirzl Men's Hybrid Golf Glove,2015-10-11,8,21.0,1083,116,C,1,P2|792|2015-10-11
P2,792,Hirzl Men's Hybrid Golf Glove,2015-10-18,0,13.0,1083,53,C,1,P2|792|2015-10-18
P2,792,Hirzl Men's Hybrid Golf Glove,2015-10-25,19,13.0,1083,220,C,1,P2|792|2015-10-25
P2,792,Hirzl Men's Hybrid Golf Glove,2015-11-01,8,0.0,1083,186,C,1,P2|792|2015-11-01
P2,792,Hirzl Men's Hybrid Golf Glove,2015-11-08,10,21.0,1083,125,C,1,P2|792|2015-11-08
P2,792,Hirzl Men's Hybrid Golf Glove,2015-11-15,1,11.0,1083,113,C,1,P2|792|2015-11-15
P2,792,Hirzl Men's Hybrid Golf Glove,2015-11-22,9,10.0,1083,124,C,1,P2|792|2015-11-22
P2,792,Hirzl Men's Hybrid Golf Glove,2015-11-29,4,1.0,1083,225,C,1,P2|792|2015-11-29
P2,792,Hirzl Men's Hybrid Golf Glove,2015-12-06,0,21.0,1083,124,C,1,P2|792|2015-12-06
P2,792,Hirzl Men's Hybrid Golf Glove,2015-12-13,13,21.0,1083,232,C,1,P2|792|2015-12-13
P2,792,Hirzl Men's Hybrid Golf Glove,2015-12-20,11,8.0,1083,141,C,1,P2|792|2015-12-20
P2,792,Hirzl Men's Hybrid Golf Glove,2015-12-27,11,0.0,1083,83,C,1,P2|792|2015-12-27
P2,792,Hirzl Men's Hybrid Golf Glove,2016-01-03,6,21.0,1083,127,C,1,P2|792|2016-01-03
P2,792,Hirzl Men's Hybrid Golf Glove,2016-01-10,7,15.0,1083,150,C,1,P2|792|2016-01-10
P2,792,Hirzl Men's Hybrid Golf Glove,2016-01-17,13,8.0,1083,245,C,1,P2|792|2016-01-17
P2,792,Hirzl Men's Hybrid Golf Glove,2016-01-24,14,0.0,1083,156,C,1,P2|792|2016-01-24
P2,792,Hirzl Men's Hybrid Golf Glove,2016-01-31,6,21.0,1083,129,C,1,P2|792|2016-01-31
P2,792,Hirzl Men's Hybrid Golf Glove,2016-02-07,0,15.0,1083,290,C,1,P2|792|2016-02-07
P2,792,Hirzl Men's Hybrid Golf Glove,2016-02-14,0,15.0,1083,111,C,1,P2|792|2016-02-14
P2,792,Hirzl Men's Hybrid Golf Glove,2016-02-21,2,15.0,1083,205,C,1,P2|792|2016-02-21
P2,792,Hirzl Men's Hybrid Golf Glove,2016-02-28,13,21.0,1083,165,C,1,P2|792|2016-02-28
P2,792,Hirzl Men's Hybrid Golf Glove,2016-03-06,3,8.0,1083,112,C,1,P2|792|2016-03-06
P2,792,Hirzl Men's Hybrid Golf Glove,2016-03-13,8,5.0,1083,255,C,1,P2|792|2016-03-13
P2,792,Hirzl Men's Hybrid Golf Glove,2016-03-20,11,0.0,1083,244,C,1,P2|792|2016-03-20
P2,792,Hirzl Men's Hybrid Golf Glove,2016-03-27,10,21.0,1083,199,C,1,P2|792|2016-03-27
P2,792,Hirzl Men's Hybrid Golf Glove,2016-04-03,6,11.0,1083,70,C,1,P2|792|2016-04-03
P2,792,Hirzl Men's Hybrid Golf Glove,2016-04-10,15,5.0,1083,227,C,1,P2|792|2016-04-10
P2,792,Hirzl Men's Hybrid Golf Glove,2016-04-17,1,0.0,1083,93,C,1,P2|792|2016-04-17
P2,792,Hirzl Men's Hybrid Golf Glove,2016-04-24,11,21.0,1083,114,C,1,P2|792|2016-04-24
P2,792,Hirzl Men's Hybrid Golf Glove,2016-05-01,4,10.0,1083,210,C,1,P2|792|2016-05-01
P2,792,Hirzl Men's Hybrid Golf Glove,2016-05-08,8,6.0,1083,200,C,1,P2|792|2016-05-08
P2,792,Hirzl Men's Hybrid Golf Glove,2016-05-15,7,0.0,1083,123,C,1,P2|792|2016-05-15
P2,792,Hirzl Men's Hybrid Golf Glove,2016-05-22,7,21.0,1083,151,C,1,P2|792|2016-05-22
P2,792,Hirzl Men's Hybrid Golf Glove,2016-05-29,0,14.0,1083,243,C,1,P2|792|2016-05-29
P2,792,Hirzl Men's Hybrid Golf Glove,2016-06-05,3,14.0,1083,136,C,1,P2|792|2016-06-05
P2,792,Hirzl Men's Hybrid Golf Glove,2016-06-12,14,11.0,1083,196,C,1,P2|792|2016-06-12
P2,792,Hirzl Men's Hybrid Golf Glove,2016-06-19,6,21.0,1083,201,C,1,P2|792|2016-06-19
P2,792,Hirzl Men's Hybrid Golf Glove,2016-06-26,18,15.0,1083,48,C,1,P2|792|2016-06-26
P2,792,Hirzl Men's Hybrid Golf Glove,2016-07-03,5,0.0,1083,192,C,1,P2|792|2016-07-03
P2,792,Hirzl Men's Hybrid Golf Glove,2016-07-10,2,0.0,1083,193,C,1,P2|792|2016-07-10
P2,792,Hirzl Men's Hybrid Golf Glove,2016-07-17,5,21.0,1083,117,C,1,P2|792|2016-07-17
P2,792,Hirzl Men's Hybrid Golf Glove,2016-07-24,12,16.0,1083,149,C,1,P2|792|2016-07-24
P2,792,Hirzl Men's Hybrid Golf Glove,2016-07-31,4,4.0,1083,154,C,1,P2|792|2016-07-31
P2,792,Hirzl Men's Hybrid Golf Glove,2016-08-07,5,0.0,1083,117,C,1,P2|792|2016-08-07
P2,792,Hirzl Men's Hybrid Golf Glove,2016-08-14,0,21.0,1083,92,C,1,P2|792|2016-08-14
P2,792,Hirzl Men's Hybrid Golf Glove,2016-08-21,0,21.0,1083,141,C,1,P2|792|2016-08-21
P2,792,Hirzl Men's Hybrid Golf Glove,2016-08-28,8,21.0,1083,160,C,1,P2|792|2016-08-28
P2,792,Hirzl Men's Hybrid Golf Glove,2016-09-04,10,13.0,1083,180,C,1,P2|792|2016-09-04
P2,792,Hirzl Men's Hybrid Golf Glove,2016-09-11,4,21.0,1083,163,C,1,P2|792|2016-09-11
P2,792,Hirzl Men's Hybrid Golf Glove,2016-09-18,0,17.0,1083,87,C,1,P2|792|2016-09-18
P2,792,Hirzl Men's Hybrid Golf Glove,2016-09-25,9,17.0,1083,133,C,1,P2|792|2016-09-25
P2,792,Hirzl Men's Hybrid Golf Glove,2016-10-02,8,8.0,1083,157,C,1,P2|792|2016-10-02
P2,792,Hirzl Men's Hybrid Golf Glove,2016-10-09,9,21.0,1083,168,C,1,P2|792|2016-10-09
P2,792,Hirzl Men's Hybrid Golf Glove,2016-10-16,12,12.0,1083,104,C,1,P2|792|2016-10-16
P2,792,Hirzl Men's Hybrid Golf Glove,2016-10-23,10,0.0,1083,98,C,1,P2|792|2016-10-23
P2,792,Hirzl Men's Hybrid Golf Glove,2016-10-30,2,0.0,1083,197,C,1,P2|792|2016-10-30
P2,792,Hirzl Men's Hybrid Golf Glove,2016-11-06,8,21.0,1083,186,C,1,P2|792|2016-11-06
P2,792,Hirzl Men's Hybrid Golf Glove,2016-11-13,4,13.0,1083,232,C,1,P2|792|2016-11-13
P2,792,Hirzl Men's Hybrid Golf Glove,2016-11-20,12,9.0,1083,176,C,1,P2|792|2016-11-20
P2,792,Hirzl Men's Hybrid Golf Glove,2016-11-27,16,0.0,1083,135,C,1,P2|792|2016-11-27
P2,792,Hirzl Men's Hybrid Golf Glove,2016-12-04,3,21.0,1083,118,C,1,P2|792|2016-12-04
P2,792,Hirzl Men's Hybrid Golf Glove,2016-12-11,3,18.0,1083,145,C,1,P2|792|2016-12-11
P2,792,Hirzl Men's Hybrid Golf Glove,2016-12-18,2,15.0,1083,213,C,1,P2|792|2016-12-18
P2,792,Hirzl Men's Hybrid Golf Glove,2016-12-25,17,13.0,1083,124,C,1,P2|792|2016-12-25
P2,792,Hirzl Men's Hybrid Golf Glove,2017-01-01,8,21.0,1083,161,C,1,P2|792|2017-01-01
P2,792,Hirzl Men's Hybrid Golf Glove,2017-01-08,10,13.0,1083,252,C,1,P2|792|2017-01-08
P2,792,Hirzl Men's Hybrid Golf Glove,2017-01-15,15,3.0,1083,105,C,1,P2|792|2017-01-15
P2,792,Hirzl Men's Hybrid Golf Glove,2017-01-22,5,0.0,1083,119,C,1,P2|792|2017-01-22
P2,792,Hirzl Men's Hybrid Golf Glove,2017-01-29,10,21.0,1083,153,C,1,P2|792|2017-01-29
P2,792,Hirzl Men's Hybrid Golf Glove,2017-02-05,12,11.0,1083,96,C,1,P2|792|2017-02-05
P2,792,Hirzl Men's Hybrid Golf Glove,2017-02-12,7,0.0,1083,122,C,1,P2|792|2017-02-12
P2,792,Hirzl Men's Hybrid Golf Glove,2017-02-19,6,0.0,1083,186,C,1,P2|792|2017-02-19
P2,792,Hirzl Men's Hybrid Golf Glove,2017-02-26,9,21.0,1083,103,C,1,P2|792|2017-02-26
P2,792,Hirzl Men's Hybrid Golf Glove,2017-03-05,12,12.0,1083,38,C,1,P2|792|2017-03-05
P2,792,Hirzl Men's Hybrid Golf Glove,2017-03-12,0,0.0,1083,93,C,1,P2|792|2017-03-12
P2,792,Hirzl Men's Hybrid Golf Glove,2017-03-19,5,0.0,1083,208,C,1,P2|792|2017-03-19
P2,792,Hirzl Men's Hybrid Golf Glove,2017-03-26,12,21.0,1083,181,C,1,P2|792|2017-03-26
P2,792,Hirzl Men's Hybrid Golf Glove,2017-04-02,3,9.0,1083,147,C,1,P2|792|2017-04-02
P2,792,Hirzl Men's Hybrid Golf Glove,2017-04-09,8,6.0,1083,160,C,1,P2|792|2017-04-09
P2,792,Hirzl Men's Hybrid Golf Glove,2017-04-16,4,0.0,1083,244,C,1,P2|792|2017-04-16
P2,792,Hirzl Men's Hybrid Golf Glove,2017-04-23,5,21.0,1083,180,C,1,P2|792|2017-04-23
P2,793,Hirzl Women's Hybrid Golf Glove,2015-01-11,11,111.0,1083,249,C,1,P2|793|2015-01-11
P2,793,Hirzl Women's Hybrid Golf Glove,2015-01-18,16,100.0,1083,64,C,1,P2|793|2015-01-18
P2,793,Hirzl Women's Hybrid Golf Glove,2015-01-25,2,84.0,1083,167,C,1,P2|793|2015-01-25
P2,793,Hirzl Women's Hybrid Golf Glove,2015-02-01,4,82.0,1083,93,C,1,P2|793|2015-02-01
P2,793,Hirzl Women's Hybrid Golf Glove,2015-02-08,8,78.0,1083,203,C,1,P2|793|2015-02-08
P2,793,Hirzl Women's Hybrid Golf Glove,2015-02-15,10,70.0,1083,178,C,1,P2|793|2015-02-15
P2,793,Hirzl Women's Hybrid Golf Glove,2015-02-22,5,60.0,1083,95,C,1,P2|793|2015-02-22
P2,793,Hirzl Women's Hybrid Golf Glove,2015-03-01,2,55.0,1083,93,C,1,P2|793|2015-03-01
P2,793,Hirzl Women's Hybrid Golf Glove,2015-03-08,17,53.0,1083,47,C,1,P2|793|2015-03-08
P2,793,Hirzl Women's Hybrid Golf Glove,2015-03-15,7,36.0,1083,224,C,1,P2|793|2015-03-15
P2,793,Hirzl Women's Hybrid Golf Glove,2015-03-22,12,29.0,1083,110,C,1,P2|793|2015-03-22
P2,793,Hirzl Women's Hybrid Golf Glove,2015-03-29,7,17.0,1083,63,C,1,P2|793|2015-03-29
P2,793,Hirzl Women's Hybrid Golf Glove,2015-04-05,12,22.0,1083,124,C,1,P2|793|2015-04-05
P2,793,Hirzl Women's Hybrid Golf Glove,2015-04-12,13,10.0,1083,64,C,1,P2|793|2015-04-12
P2,793,Hirzl Women's Hybrid Golf Glove,2015-04-19,9,0.0,1083,125,C,1,P2|793|2015-04-19
P2,793,Hirzl Women's Hybrid Golf Glove,2015-04-26,16,0.0,1083,288,C,1,P2|793|2015-04-26
P2,793,Hirzl Women's Hybrid Golf Glove,2015-05-03,6,22.0,1083,119,C,1,P2|793|2015-05-03
P2,793,Hirzl Women's Hybrid Golf Glove,2015-05-10,14,16.0,1083,143,C,1,P2|793|2015-05-10
P2,793,Hirzl Women's Hybrid Golf Glove,2015-05-17,4,2.0,1083,145,C,1,P2|793|2015-05-17
P2,793,Hirzl Women's Hybrid Golf Glove,2015-05-24,5,0.0,1083,121,C,1,P2|793|2015-05-24
P2,793,Hirzl Women's Hybrid Golf Glove,2015-05-31,16,22.0,1083,48,C,1,P2|793|2015-05-31
P2,793,Hirzl Women's Hybrid Golf Glove,2015-06-07,10,6.0,1083,184,C,1,P2|793|2015-06-07
P2,793,Hirzl Women's Hybrid Golf Glove,2015-06-14,9,0.0,1083,256,C,1,P2|793|2015-06-14
P2,793,Hirzl Women's Hybrid Golf Glove,2015-06-21,2,0.0,1083,196,C,1,P2|793|2015-06-21
P2,793,Hirzl Women's Hybrid Golf Glove,2015-06-28,11,22.0,1083,183,C,1,P2|793|2015-06-28
P2,793,Hirzl Women's Hybrid Golf Glove,2015-07-05,6,11.0,1083,139,C,1,P2|793|2015-07-05
P2,793,Hirzl Women's Hybrid Golf Glove,2015-07-12,4,5.0,1083,89,C,1,P2|793|2015-07-12
P2,793,Hirzl Women's Hybrid Golf Glove,2015-07-19,6,1.0,1083,87,C,1,P2|793|2015-07-19
P2,793,Hirzl Women's Hybrid Golf Glove,2015-07-26,9,22.0,1083,132,C,1,P2|793|2015-07-26
P2,793,Hirzl Women's Hybrid Golf Glove,2015-08-02,4,13.0,1083,148,C,1,P2|793|2015-08-02
P2,793,Hirzl Women's Hybrid Golf Glove,2015-08-09,6,9.0,1083,184,C,1,P2|793|2015-08-09
P2,793,Hirzl Women's Hybrid Golf Glove,2015-08-16,11,3.0,1083,113,C,1,P2|793|2015-08-16
P2,793,Hirzl Women's Hybrid Golf Glove,2015-08-23,3,22.0,1083,168,C,1,P2|793|2015-08-23
P2,793,Hirzl Women's Hybrid Golf Glove,2015-08-30,11,19.0,1083,125,C,1,P2|793|2015-08-30
P2,793,Hirzl Women's Hybrid Golf Glove,2015-09-06,4,8.0,1083,181,C,1,P2|793|2015-09-06
P2,793,Hirzl Women's Hybrid Golf Glove,2015-09-13,9,4.0,1083,240,C,1,P2|793|2015-09-13
P2,793,Hirzl Women's Hybrid Golf Glove,2015-09-20,0,22.0,1083,116,C,1,P2|793|2015-09-20
P2,793,Hirzl Women's Hybrid Golf Glove,2015-09-27,4,22.0,1083,35,C,1,P2|793|2015-09-27
P2,793,Hirzl Women's Hybrid Golf Glove,2015-10-04,5,18.0,1083,240,C,1,P2|793|2015-10-04
P2,793,Hirzl Women's Hybrid Golf Glove,2015-10-11,18,13.0,1083,116,C,1,P2|793|2015-10-11
P2,793,Hirzl Women's Hybrid Golf Glove,2015-10-18,9,22.0,1083,53,C,1,P2|793|2015-10-18
P2,793,Hirzl Women's Hybrid Golf Glove,2015-10-25,23,13.0,1083,220,C,1,P2|793|2015-10-25
P2,793,Hirzl Women's Hybrid Golf Glove,2015-11-01,11,0.0,1083,186,C,1,P2|793|2015-11-01
P2,793,Hirzl Women's Hybrid Golf Glove,2015-11-08,1,0.0,1083,125,C,1,P2|793|2015-11-08
P2,793,Hirzl Women's Hybrid Golf Glove,2015-11-15,1,22.0,1083,113,C,1,P2|793|2015-11-15
P2,793,Hirzl Women's Hybrid Golf Glove,2015-11-22,6,21.0,1083,124,C,1,P2|793|2015-11-22
P2,793,Hirzl Women's Hybrid Golf Glove,2015-11-29,6,15.0,1083,225,C,1,P2|793|2015-11-29
P2,793,Hirzl Women's Hybrid Golf Glove,2015-12-06,9,9.0,1083,124,C,1,P2|793|2015-12-06
P2,793,Hirzl Women's Hybrid Golf Glove,2015-12-13,16,22.0,1083,232,C,1,P2|793|2015-12-13
P2,793,Hirzl Women's Hybrid Golf Glove,2015-12-20,10,6.0,1083,141,C,1,P2|793|2015-12-20
P2,793,Hirzl Women's Hybrid Golf Glove,2015-12-27,3,0.0,1083,83,C,1,P2|793|2015-12-27
P2,793,Hirzl Women's Hybrid Golf Glove,2016-01-03,0,0.0,1083,127,C,1,P2|793|2016-01-03
P2,793,Hirzl Women's Hybrid Golf Glove,2016-01-10,10,22.0,1083,150,C,1,P2|793|2016-01-10
P2,793,Hirzl Women's Hybrid Golf Glove,2016-01-17,2,12.0,1083,245,C,1,P2|793|2016-01-17
P2,793,Hirzl Women's Hybrid Golf Glove,2016-01-24,6,10.0,1083,156,C,1,P2|793|2016-01-24
P2,793,Hirzl Women's Hybrid Golf Glove,2016-01-31,7,4.0,1083,129,C,1,P2|793|2016-01-31
P2,793,Hirzl Women's Hybrid Golf Glove,2016-02-07,11,22.0,1083,290,C,1,P2|793|2016-02-07
P2,793,Hirzl Women's Hybrid Golf Glove,2016-02-14,8,11.0,1083,111,C,1,P2|793|2016-02-14
P2,793,Hirzl Women's Hybrid Golf Glove,2016-02-21,12,3.0,1083,205,C,1,P2|793|2016-02-21
P2,793,Hirzl Women's Hybrid Golf Glove,2016-02-28,6,0.0,1083,165,C,1,P2|793|2016-02-28
P2,793,Hirzl Women's Hybrid Golf Glove,2016-03-06,9,22.0,1083,112,C,1,P2|793|2016-03-06
P2,793,Hirzl Women's Hybrid Golf Glove,2016-03-13,4,13.0,1083,255,C,1,P2|793|2016-03-13
P2,793,Hirzl Women's Hybrid Golf Glove,2016-03-20,2,9.0,1083,244,C,1,P2|793|2016-03-20
P2,793,Hirzl Women's Hybrid Golf Glove,2016-03-27,2,7.0,1083,199,C,1,P2|793|2016-03-27
P2,793,Hirzl Women's Hybrid Golf Glove,2016-04-03,15,22.0,1083,70,C,1,P2|793|2016-04-03
P2,793,Hirzl Women's Hybrid Golf Glove,2016-04-10,6,7.0,1083,227,C,1,P2|793|2016-04-10
P2,793,Hirzl Women's Hybrid Golf Glove,2016-04-17,6,1.0,1083,93,C,1,P2|793|2016-04-17
P2,793,Hirzl Women's Hybrid Golf Glove,2016-04-24,0,0.0,1083,114,C,1,P2|793|2016-04-24
P2,793,Hirzl Women's Hybrid Golf Glove,2016-05-01,5,22.0,1083,210,C,1,P2|793|2016-05-01
P2,793,Hirzl Women's Hybrid Golf Glove,2016-05-08,7,17.0,1083,200,C,1,P2|793|2016-05-08
P2,793,Hirzl Women's Hybrid Golf Glove,2016-05-15,16,10.0,1083,123,C,1,P2|793|2016-05-15
P2,793,Hirzl Women's Hybrid Golf Glove,2016-05-22,6,0.0,1083,151,C,1,P2|793|2016-05-22
P2,793,Hirzl Women's Hybrid Golf Glove,2016-05-29,3,22.0,1083,243,C,1,P2|793|2016-05-29
P2,793,Hirzl Women's Hybrid Golf Glove,2016-06-05,6,19.0,1083,136,C,1,P2|793|2016-06-05
P2,793,Hirzl Women's Hybrid Golf Glove,2016-06-12,4,13.0,1083,196,C,1,P2|793|2016-06-12
P2,793,Hirzl Women's Hybrid Golf Glove,2016-06-19,6,9.0,1083,201,C,1,P2|793|2016-06-19
P2,793,Hirzl Women's Hybrid Golf Glove,2016-06-26,5,22.0,1083,48,C,1,P2|793|2016-06-26
P2,793,Hirzl Women's Hybrid Golf Glove,2016-07-03,12,17.0,1083,192,C,1,P2|793|2016-07-03
P2,793,Hirzl Women's Hybrid Golf Glove,2016-07-10,9,5.0,1083,193,C,1,P2|793|2016-07-10
P2,793,Hirzl Women's Hybrid Golf Glove,2016-07-17,22,0.0,1083,117,C,1,P2|793|2016-07-17
P2,793,Hirzl Women's Hybrid Golf Glove,2016-07-24,6,22.0,1083,149,C,1,P2|793|2016-07-24
P2,793,Hirzl Women's Hybrid Golf Glove,2016-07-31,12,16.0,1083,154,C,1,P2|793|2016-07-31
P2,793,Hirzl Women's Hybrid Golf Glove,2016-08-07,8,4.0,1083,117,C,1,P2|793|2016-08-07
P2,793,Hirzl Women's Hybrid Golf Glove,2016-08-14,6,0.0,1083,92,C,1,P2|793|2016-08-14
P2,793,Hirzl Women's Hybrid Golf Glove,2016-08-21,14,22.0,1083,141,C,1,P2|793|2016-08-21
P2,793,Hirzl Women's Hybrid Golf Glove,2016-08-28,15,8.0,1083,160,C,1,P2|793|2016-08-28
P2,793,Hirzl Women's Hybrid Golf Glove,2016-09-04,8,0.0,1083,180,C,1,P2|793|2016-09-04
P2,793,Hirzl Women's Hybrid Golf Glove,2016-09-11,5,0.0,1083,163,C,1,P2|793|2016-09-11
P2,793,Hirzl Women's Hybrid Golf Glove,2016-09-18,4,22.0,1083,87,C,1,P2|793|2016-09-18
P2,793,Hirzl Women's Hybrid Golf Glove,2016-09-25,15,18.0,1083,133,C,1,P2|793|2016-09-25
P2,793,Hirzl Women's Hybrid Golf Glove,2016-10-02,12,3.0,1083,157,C,1,P2|793|2016-10-02
P2,793,Hirzl Women's Hybrid Golf Glove,2016-10-09,9,0.0,1083,168,C,1,P2|793|2016-10-09
P2,793,Hirzl Women's Hybrid Golf Glove,2016-10-16,2,22.0,1083,104,C,1,P2|793|2016-10-16
P2,793,Hirzl Women's Hybrid Golf Glove,2016-10-23,11,20.0,1083,98,C,1,P2|793|2016-10-23
P2,793,Hirzl Women's Hybrid Golf Glove,2016-10-30,2,9.0,1083,197,C,1,P2|793|2016-10-30
P2,793,Hirzl Women's Hybrid Golf Glove,2016-11-06,5,7.0,1083,186,C,1,P2|793|2016-11-06
P2,793,Hirzl Women's Hybrid Golf Glove,2016-11-13,8,22.0,1083,232,C,1,P2|793|2016-11-13
P2,793,Hirzl Women's Hybrid Golf Glove,2016-11-20,1,14.0,1083,176,C,1,P2|793|2016-11-20
P2,793,Hirzl Women's Hybrid Golf Glove,2016-11-27,7,13.0,1083,135,C,1,P2|793|2016-11-27
P2,793,Hirzl Women's Hybrid Golf Glove,2016-12-04,3,6.0,1083,118,C,1,P2|793|2016-12-04
P2,793,Hirzl Women's Hybrid Golf Glove,2016-12-11,11,22.0,1083,145,C,1,P2|793|2016-12-11
P2,793,Hirzl Women's Hybrid Golf Glove,2016-12-18,1,11.0,1083,213,C,1,P2|793|2016-12-18
P2,793,Hirzl Women's Hybrid Golf Glove,2016-12-25,5,10.0,1083,124,C,1,P2|793|2016-12-25
P2,793,Hirzl Women's Hybrid Golf Glove,2017-01-01,8,5.0,1083,161,C,1,P2|793|2017-01-01
P2,793,Hirzl Women's Hybrid Golf Glove,2017-01-08,2,22.0,1083,252,C,1,P2|793|2017-01-08
P2,793,Hirzl Women's Hybrid Golf Glove,2017-01-15,3,20.0,1083,105,C,1,P2|793|2017-01-15
P2,793,Hirzl Women's Hybrid Golf Glove,2017-01-22,10,17.0,1083,119,C,1,P2|793|2017-01-22
P2,793,Hirzl Women's Hybrid Golf Glove,2017-01-29,1,7.0,1083,153,C,1,P2|793|2017-01-29
P2,793,Hirzl Women's Hybrid Golf Glove,2017-02-05,2,22.0,1083,96,C,1,P2|793|2017-02-05
P2,793,Hirzl Women's Hybrid Golf Glove,2017-02-12,7,20.0,1083,122,C,1,P2|793|2017-02-12
P2,793,Hirzl Women's Hybrid Golf Glove,2017-02-19,3,13.0,1083,186,C,1,P2|793|2017-02-19
P2,793,Hirzl Women's Hybrid Golf Glove,2017-02-26,4,10.0,1083,103,C,1,P2|793|2017-02-26
P2,793,Hirzl Women's Hybrid Golf Glove,2017-03-05,5,22.0,1083,38,C,1,P2|793|2017-03-05
P2,793,Hirzl Women's Hybrid Golf Glove,2017-03-12,8,17.0,1083,93,C,1,P2|793|2017-03-12
P2,793,Hirzl Women's Hybrid Golf Glove,2017-03-19,8,9.0,1083,208,C,1,P2|793|2017-03-19
P2,793,Hirzl Women's Hybrid Golf Glove,2017-03-26,9,1.0,1083,181,C,1,P2|793|2017-03-26
P2,793,Hirzl Women's Hybrid Golf Glove,2017-04-02,3,22.0,1083,147,C,1,P2|793|2017-04-02
P2,793,Hirzl Women's Hybrid Golf Glove,2017-04-09,6,19.0,1083,160,C,1,P2|793|2017-04-09
P2,793,Hirzl Women's Hybrid Golf Glove,2017-04-16,6,13.0,1083,244,C,1,P2|793|2017-04-16
P2,793,Hirzl Women's Hybrid Golf Glove,2017-04-23,3,7.0,1083,180,C,1,P2|793|2017-04-23
P2,797,Hirzl Women's Soffft Flex Golf Glove,2015-01-04,3,110.0,1083,548,C,1,P2|797|2015-01-04
P2,797,Hirzl Women's Soffft Flex Golf Glove,2015-01-11,13,107.0,1083,249,C,1,P2|797|2015-01-11
P2,797,Hirzl Women's Soffft Flex Golf Glove,2015-01-18,9,94.0,1083,64,C,1,P2|797|2015-01-18
P2,797,Hirzl Women's Soffft Flex Golf Glove,2015-01-25,6,85.0,1083,167,C,1,P2|797|2015-01-25
P2,797,Hirzl Women's Soffft Flex Golf Glove,2015-02-01,5,79.0,1083,93,C,1,P2|797|2015-02-01
P2,797,Hirzl Women's Soffft Flex Golf Glove,2015-02-08,4,74.0,1083,203,C,1,P2|797|2015-02-08
P2,797,Hirzl Women's Soffft Flex Golf Glove,2015-02-15,5,70.0,1083,178,C,1,P2|797|2015-02-15
P2,797,Hirzl Women's Soffft Flex Golf Glove,2015-02-22,3,65.0,1083,95,C,1,P2|797|2015-02-22
P2,797,Hirzl Women's Soffft Flex Golf Glove,2015-03-01,15,62.0,1083,93,C,1,P2|797|2015-03-01
P2,797,Hirzl Women's Soffft Flex Golf Glove,2015-03-08,15,47.0,1083,47,C,1,P2|797|2015-03-08
P2,797,Hirzl Women's Soffft Flex Golf Glove,2015-03-15,7,32.0,1083,224,C,1,P2|797|2015-03-15
P2,797,Hirzl Women's Soffft Flex Golf Glove,2015-03-22,6,25.0,1083,110,C,1,P2|797|2015-03-22
P2,797,Hirzl Women's Soffft Flex Golf Glove,2015-03-29,8,22.0,1083,63,C,1,P2|797|2015-03-29
P2,797,Hirzl Women's Soffft Flex Golf Glove,2015-04-05,15,14.0,1083,124,C,1,P2|797|2015-04-05
P2,797,Hirzl Women's Soffft Flex Golf Glove,2015-04-12,5,0.0,1083,64,C,1,P2|797|2015-04-12
P2,797,Hirzl Women's Soffft Flex Golf Glove,2015-04-19,12,0.0,1083,125,C,1,P2|797|2015-04-19
P2,797,Hirzl Women's Soffft Flex Golf Glove,2015-04-26,7,22.0,1083,288,C,1,P2|797|2015-04-26
P2,797,Hirzl Women's Soffft Flex Golf Glove,2015-05-03,5,15.0,1083,119,C,1,P2|797|2015-05-03
P2,797,Hirzl Women's Soffft Flex Golf Glove,2015-05-10,13,10.0,1083,143,C,1,P2|797|2015-05-10
P2,797,Hirzl Women's Soffft Flex Golf Glove,2015-05-17,22,0.0,1083,145,C,1,P2|797|2015-05-17
P2,797,Hirzl Women's Soffft Flex Golf Glove,2015-05-24,4,22.0,1083,121,C,1,P2|797|2015-05-24
P2,797,Hirzl Women's Soffft Flex Golf Glove,2015-05-31,5,18.0,1083,48,C,1,P2|797|2015-05-31
P2,797,Hirzl Women's Soffft Flex Golf Glove,2015-06-07,10,13.0,1083,184,C,1,P2|797|2015-06-07
P2,797,Hirzl Women's Soffft Flex Golf Glove,2015-06-14,7,3.0,1083,256,C,1,P2|797|2015-06-14
P2,797,Hirzl Women's Soffft Flex Golf Glove,2015-06-21,3,22.0,1083,196,C,1,P2|797|2015-06-21
P2,797,Hirzl Women's Soffft Flex Golf Glove,2015-06-28,0,19.0,1083,183,C,1,P2|797|2015-06-28
P2,797,Hirzl Women's Soffft Flex Golf Glove,2015-07-05,6,19.0,1083,139,C,1,P2|797|2015-07-05
P2,797,Hirzl Women's Soffft Flex Golf Glove,2015-07-12,6,13.0,1083,89,C,1,P2|797|2015-07-12
P2,797,Hirzl Women's Soffft Flex Golf Glove,2015-07-19,12,22.0,1083,87,C,1,P2|797|2015-07-19
P2,797,Hirzl Women's Soffft Flex Golf Glove,2015-07-26,5,10.0,1083,132,C,1,P2|797|2015-07-26
P2,797,Hirzl Women's Soffft Flex Golf Glove,2015-08-02,9,5.0,1083,148,C,1,P2|797|2015-08-02
P2,797,Hirzl Women's Soffft Flex Golf Glove,2015-08-09,16,0.0,1083,184,C,1,P2|797|2015-08-09
P2,797,Hirzl Women's Soffft Flex Golf Glove,2015-08-16,3,22.0,1083,113,C,1,P2|797|2015-08-16
P2,797,Hirzl Women's Soffft Flex Golf Glove,2015-08-23,0,19.0,1083,168,C,1,P2|797|2015-08-23
P2,797,Hirzl Women's Soffft Flex Golf Glove,2015-08-30,5,19.0,1083,125,C,1,P2|797|2015-08-30
P2,797,Hirzl Women's Soffft Flex Golf Glove,2015-09-06,12,14.0,1083,181,C,1,P2|797|2015-09-06
P2,797,Hirzl Women's Soffft Flex Golf Glove,2015-09-13,6,22.0,1083,240,C,1,P2|797|2015-09-13
P2,797,Hirzl Women's Soffft Flex Golf Glove,2015-09-20,6,16.0,1083,116,C,1,P2|797|2015-09-20
P2,797,Hirzl Women's Soffft Flex Golf Glove,2015-09-27,9,10.0,1083,35,C,1,P2|797|2015-09-27
P2,797,Hirzl Women's Soffft Flex Golf Glove,2015-10-04,9,1.0,1083,240,C,1,P2|797|2015-10-04
P2,797,Hirzl Women's Soffft Flex Golf Glove,2015-10-11,7,22.0,1083,116,C,1,P2|797|2015-10-11
P2,797,Hirzl Women's Soffft Flex Golf Glove,2015-10-18,6,15.0,1083,53,C,1,P2|797|2015-10-18
P2,797,Hirzl Women's Soffft Flex Golf Glove,2015-10-25,8,9.0,1083,220,C,1,P2|797|2015-10-25
P2,797,Hirzl Women's Soffft Flex Golf Glove,2015-11-01,10,1.0,1083,186,C,1,P2|797|2015-11-01
P2,797,Hirzl Women's Soffft Flex Golf Glove,2015-11-08,14,22.0,1083,125,C,1,P2|797|2015-11-08
P2,797,Hirzl Women's Soffft Flex Golf Glove,2015-11-15,14,8.0,1083,113,C,1,P2|797|2015-11-15
P2,797,Hirzl Women's Soffft Flex Golf Glove,2015-11-22,12,0.0,1083,124,C,1,P2|797|2015-11-22
P2,797,Hirzl Women's Soffft Flex Golf Glove,2015-11-29,5,0.0,1083,225,C,1,P2|797|2015-11-29
P2,797,Hirzl Women's Soffft Flex Golf Glove,2015-12-06,8,22.0,1083,124,C,1,P2|797|2015-12-06
P2,797,Hirzl Women's Soffft Flex Golf Glove,2015-12-13,1,14.0,1083,232,C,1,P2|797|2015-12-13
P2,797,Hirzl Women's Soffft Flex Golf Glove,2015-12-20,12,13.0,1083,141,C,1,P2|797|2015-12-20
P2,797,Hirzl Women's Soffft Flex Golf Glove,2015-12-27,12,1.0,1083,83,C,1,P2|797|2015-12-27
P2,797,Hirzl Women's Soffft Flex Golf Glove,2016-01-03,10,22.0,1083,127,C,1,P2|797|2016-01-03
P2,797,Hirzl Women's Soffft Flex Golf Glove,2016-01-10,6,12.0,1083,150,C,1,P2|797|2016-01-10
P2,797,Hirzl Women's Soffft Flex Golf Glove,2016-01-17,17,6.0,1083,245,C,1,P2|797|2016-01-17
P2,797,Hirzl Women's Soffft Flex Golf Glove,2016-01-24,1,0.0,1083,156,C,1,P2|797|2016-01-24
P2,797,Hirzl Women's Soffft Flex Golf Glove,2016-01-31,4,22.0,1083,129,C,1,P2|797|2016-01-31
P2,797,Hirzl Women's Soffft Flex Golf Glove,2016-02-07,4,18.0,1083,290,C,1,P2|797|2016-02-07
P2,797,Hirzl Women's Soffft Flex Golf Glove,2016-02-14,19,14.0,1083,111,C,1,P2|797|2016-02-14
P2,797,Hirzl Women's Soffft Flex Golf Glove,2016-02-21,3,0.0,1083,205,C,1,P2|797|2016-02-21
P2,797,Hirzl Women's Soffft Flex Golf Glove,2016-02-28,6,22.0,1083,165,C,1,P2|797|2016-02-28
P2,797,Hirzl Women's Soffft Flex Golf Glove,2016-03-06,3,16.0,1083,112,C,1,P2|797|2016-03-06
P2,797,Hirzl Women's Soffft Flex Golf Glove,2016-03-13,3,13.0,1083,255,C,1,P2|797|2016-03-13
P2,797,Hirzl Women's Soffft Flex Golf Glove,2016-03-20,8,10.0,1083,244,C,1,P2|797|2016-03-20
P2,797,Hirzl Women's Soffft Flex Golf Glove,2016-03-27,1,22.0,1083,199,C,1,P2|797|2016-03-27
P2,797,Hirzl Women's Soffft Flex Golf Glove,2016-04-03,0,21.0,1083,70,C,1,P2|797|2016-04-03
P2,797,Hirzl Women's Soffft Flex Golf Glove,2016-04-10,13,21.0,1083,227,C,1,P2|797|2016-04-10
P2,797,Hirzl Women's Soffft Flex Golf Glove,2016-04-17,10,8.0,1083,93,C,1,P2|797|2016-04-17
P2,797,Hirzl Women's Soffft Flex Golf Glove,2016-04-24,10,22.0,1083,114,C,1,P2|797|2016-04-24
P2,797,Hirzl Women's Soffft Flex Golf Glove,2016-05-01,6,12.0,1083,210,C,1,P2|797|2016-05-01
P2,797,Hirzl Women's Soffft Flex Golf Glove,2016-05-08,10,6.0,1083,200,C,1,P2|797|2016-05-08
P2,797,Hirzl Women's Soffft Flex Golf Glove,2016-05-15,4,0.0,1083,123,C,1,P2|797|2016-05-15
P2,797,Hirzl Women's Soffft Flex Golf Glove,2016-05-22,15,22.0,1083,151,C,1,P2|797|2016-05-22
P2,797,Hirzl Women's Soffft Flex Golf Glove,2016-05-29,3,7.0,1083,243,C,1,P2|797|2016-05-29
P2,797,Hirzl Women's Soffft Flex Golf Glove,2016-06-05,16,4.0,1083,136,C,1,P2|797|2016-06-05
P2,797,Hirzl Women's Soffft Flex Golf Glove,2016-06-12,1,0.0,1083,196,C,1,P2|797|2016-06-12
P2,797,Hirzl Women's Soffft Flex Golf Glove,2016-06-19,10,22.0,1083,201,C,1,P2|797|2016-06-19
P2,797,Hirzl Women's Soffft Flex Golf Glove,2016-06-26,13,12.0,1083,48,C,1,P2|797|2016-06-26
P2,797,Hirzl Women's Soffft Flex Golf Glove,2016-07-03,13,0.0,1083,192,C,1,P2|797|2016-07-03
P2,797,Hirzl Women's Soffft Flex Golf Glove,2016-07-10,4,0.0,1083,193,C,1,P2|797|2016-07-10
P2,797,Hirzl Women's Soffft Flex Golf Glove,2016-07-17,1,22.0,1083,117,C,1,P2|797|2016-07-17
P2,797,Hirzl Women's Soffft Flex Golf Glove,2016-07-24,7,21.0,1083,149,C,1,P2|797|2016-07-24
P2,797,Hirzl Women's Soffft Flex Golf Glove,2016-07-31,5,14.0,1083,154,C,1,P2|797|2016-07-31
P2,797,Hirzl Women's Soffft Flex Golf Glove,2016-08-07,0,9.0,1083,117,C,1,P2|797|2016-08-07
P2,797,Hirzl Women's Soffft Flex Golf Glove,2016-08-14,4,22.0,1083,92,C,1,P2|797|2016-08-14
P2,797,Hirzl Women's Soffft Flex Golf Glove,2016-08-21,0,18.0,1083,141,C,1,P2|797|2016-08-21
P2,797,Hirzl Women's Soffft Flex Golf Glove,2016-08-28,0,18.0,1083,160,C,1,P2|797|2016-08-28
P2,797,Hirzl Women's Soffft Flex Golf Glove,2016-09-04,4,18.0,1083,180,C,1,P2|797|2016-09-04
P2,797,Hirzl Women's Soffft Flex Golf Glove,2016-09-11,14,22.0,1083,163,C,1,P2|797|2016-09-11
P2,797,Hirzl Women's Soffft Flex Golf Glove,2016-09-18,12,8.0,1083,87,C,1,P2|797|2016-09-18
P2,797,Hirzl Women's Soffft Flex Golf Glove,2016-09-25,8,0.0,1083,133,C,1,P2|797|2016-09-25
P2,797,Hirzl Women's Soffft Flex Golf Glove,2016-10-02,7,0.0,1083,157,C,1,P2|797|2016-10-02
P2,797,Hirzl Women's Soffft Flex Golf Glove,2016-10-09,0,22.0,1083,168,C,1,P2|797|2016-10-09
P2,797,Hirzl Women's Soffft Flex Golf Glove,2016-10-16,12,22.0,1083,104,C,1,P2|797|2016-10-16
P2,797,Hirzl Women's Soffft Flex Golf Glove,2016-10-23,9,10.0,1083,98,C,1,P2|797|2016-10-23
P2,797,Hirzl Women's Soffft Flex Golf Glove,2016-10-30,4,1.0,1083,197,C,1,P2|797|2016-10-30
P2,797,Hirzl Women's Soffft Flex Golf Glove,2016-11-06,4,22.0,1083,186,C,1,P2|797|2016-11-06
P2,797,Hirzl Women's Soffft Flex Golf Glove,2016-11-13,4,18.0,1083,232,C,1,P2|797|2016-11-13
P2,797,Hirzl Women's Soffft Flex Golf Glove,2016-11-20,0,14.0,1083,176,C,1,P2|797|2016-11-20
P2,797,Hirzl Women's Soffft Flex Golf Glove,2016-11-27,0,14.0,1083,135,C,1,P2|797|2016-11-27
P2,797,Hirzl Women's Soffft Flex Golf Glove,2016-12-04,7,22.0,1083,118,C,1,P2|797|2016-12-04
P2,797,Hirzl Women's Soffft Flex Golf Glove,2016-12-11,18,15.0,1083,145,C,1,P2|797|2016-12-11
P2,797,Hirzl Women's Soffft Flex Golf Glove,2016-12-18,1,0.0,1083,213,C,1,P2|797|2016-12-18
P2,797,Hirzl Women's Soffft Flex Golf Glove,2016-12-25,18,0.0,1083,124,C,1,P2|797|2016-12-25
P2,797,Hirzl Women's Soffft Flex Golf Glove,2017-01-01,6,22.0,1083,161,C,1,P2|797|2017-01-01
P2,797,Hirzl Women's Soffft Flex Golf Glove,2017-01-08,7,16.0,1083,252,C,1,P2|797|2017-01-08
P2,797,Hirzl Women's Soffft Flex Golf Glove,2017-01-15,17,9.0,1083,105,C,1,P2|797|2017-01-15
P2,797,Hirzl Women's Soffft Flex Golf Glove,2017-01-22,10,0.0,1083,119,C,1,P2|797|2017-01-22
P2,797,Hirzl Women's Soffft Flex Golf Glove,2017-01-29,2,22.0,1083,153,C,1,P2|797|2017-01-29
P2,797,Hirzl Women's Soffft Flex Golf Glove,2017-02-05,0,20.0,1083,96,C,1,P2|797|2017-02-05
P2,797,Hirzl Women's Soffft Flex Golf Glove,2017-02-12,12,20.0,1083,122,C,1,P2|797|2017-02-12
P2,797,Hirzl Women's Soffft Flex Golf Glove,2017-02-19,11,8.0,1083,186,C,1,P2|797|2017-02-19
P2,797,Hirzl Women's Soffft Flex Golf Glove,2017-02-26,10,22.0,1083,103,C,1,P2|797|2017-02-26
P2,797,Hirzl Women's Soffft Flex Golf Glove,2017-03-05,11,12.0,1083,38,C,1,P2|797|2017-03-05
P2,797,Hirzl Women's Soffft Flex Golf Glove,2017-03-12,0,1.0,1083,93,C,1,P2|797|2017-03-12
P2,797,Hirzl Women's Soffft Flex Golf Glove,2017-03-19,6,1.0,1083,208,C,1,P2|797|2017-03-19
P2,797,Hirzl Women's Soffft Flex Golf Glove,2017-03-26,0,22.0,1083,181,C,1,P2|797|2017-03-26
P2,797,Hirzl Women's Soffft Flex Golf Glove,2017-04-02,14,22.0,1083,147,C,1,P2|797|2017-04-02
P2,797,Hirzl Women's Soffft Flex Golf Glove,2017-04-09,4,8.0,1083,160,C,1,P2|797|2017-04-09
P2,797,Hirzl Women's Soffft Flex Golf Glove,2017-04-16,2,4.0,1083,244,C,1,P2|797|2017-04-16
P2,797,Hirzl Women's Soffft Flex Golf Glove,2017-04-23,5,22.0,1083,180,C,1,P2|797|2017-04-23
P2,804,Glove It Women's Imperial Golf Glove,2015-01-04,8,100.0,1083,548,B,2,P2|804|2015-01-04
P2,804,Glove It Women's Imperial Golf Glove,2015-01-11,2,92.0,1083,249,B,2,P2|804|2015-01-11
P2,804,Glove It Women's Imperial Golf Glove,2015-01-18,4,90.0,1083,64,B,2,P2|804|2015-01-18
P2,804,Glove It Women's Imperial Golf Glove,2015-01-25,3,86.0,1083,167,B,2,P2|804|2015-01-25
P2,804,Glove It Women's Imperial Golf Glove,2015-02-01,14,83.0,1083,93,B,2,P2|804|2015-02-01
P2,804,Glove It Women's Imperial Golf Glove,2015-02-08,3,69.0,1083,203,B,2,P2|804|2015-02-08
P2,804,Glove It Women's Imperial Golf Glove,2015-02-15,16,66.0,1083,178,B,2,P2|804|2015-02-15
P2,804,Glove It Women's Imperial Golf Glove,2015-02-22,5,50.0,1083,95,B,2,P2|804|2015-02-22
P2,804,Glove It Women's Imperial Golf Glove,2015-03-01,10,45.0,1083,93,B,2,P2|804|2015-03-01
P2,804,Glove It Women's Imperial Golf Glove,2015-03-08,15,35.0,1083,47,B,2,P2|804|2015-03-08
P2,804,Glove It Women's Imperial Golf Glove,2015-03-15,1,20.0,1083,224,B,2,P2|804|2015-03-15
P2,804,Glove It Women's Imperial Golf Glove,2015-03-22,11,19.0,1083,110,B,2,P2|804|2015-03-22
P2,804,Glove It Women's Imperial Golf Glove,2015-03-29,26,33.0,1083,63,B,2,P2|804|2015-03-29
P2,804,Glove It Women's Imperial Golf Glove,2015-04-05,0,7.0,1083,124,B,2,P2|804|2015-04-05
P2,804,Glove It Women's Imperial Golf Glove,2015-04-12,12,7.0,1083,64,B,2,P2|804|2015-04-12
P2,804,Glove It Women's Imperial Golf Glove,2015-04-19,8,0.0,1083,125,B,2,P2|804|2015-04-19
P2,804,Glove It Women's Imperial Golf Glove,2015-04-26,19,33.0,1083,288,B,2,P2|804|2015-04-26
P2,804,Glove It Women's Imperial Golf Glove,2015-05-03,12,14.0,1083,119,B,2,P2|804|2015-05-03
P2,804,Glove It Women's Imperial Golf Glove,2015-05-10,4,2.0,1083,143,B,2,P2|804|2015-05-10
P2,804,Glove It Women's Imperial Golf Glove,2015-05-17,10,0.0,1083,145,B,2,P2|804|2015-05-17
P2,804,Glove It Women's Imperial Golf Glove,2015-05-24,12,33.0,1083,121,B,2,P2|804|2015-05-24
P2,804,Glove It Women's Imperial Golf Glove,2015-05-31,18,21.0,1083,48,B,2,P2|804|2015-05-31
P2,804,Glove It Women's Imperial Golf Glove,2015-06-07,2,3.0,1083,184,B,2,P2|804|2015-06-07
P2,804,Glove It Women's Imperial Golf Glove,2015-06-14,6,1.0,1083,256,B,2,P2|804|2015-06-14
P2,804,Glove It Women's Imperial Golf Glove,2015-06-21,14,33.0,1083,196,B,2,P2|804|2015-06-21
P2,804,Glove It Women's Imperial Golf Glove,2015-06-28,4,19.0,1083,183,B,2,P2|804|2015-06-28
P2,804,Glove It Women's Imperial Golf Glove,2015-07-05,8,15.0,1083,139,B,2,P2|804|2015-07-05
P2,804,Glove It Women's Imperial Golf Glove,2015-07-12,4,7.0,1083,89,B,2,P2|804|2015-07-12
P2,804,Glove It Women's Imperial Golf Glove,2015-07-19,7,33.0,1083,87,B,2,P2|804|2015-07-19
P2,804,Glove It Women's Imperial Golf Glove,2015-07-26,7,26.0,1083,132,B,2,P2|804|2015-07-26
P2,804,Glove It Women's Imperial Golf Glove,2015-08-02,12,19.0,1083,148,B,2,P2|804|2015-08-02
P2,804,Glove It Women's Imperial Golf Glove,2015-08-09,6,7.0,1083,184,B,2,P2|804|2015-08-09
P2,804,Glove It Women's Imperial Golf Glove,2015-08-16,4,33.0,1083,113,B,2,P2|804|2015-08-16
P2,804,Glove It Women's Imperial Golf Glove,2015-08-23,11,29.0,1083,168,B,2,P2|804|2015-08-23
P2,804,Glove It Women's Imperial Golf Glove,2015-08-30,11,18.0,1083,125,B,2,P2|804|2015-08-30
P2,804,Glove It Women's Imperial Golf Glove,2015-09-06,18,7.0,1083,181,B,2,P2|804|2015-09-06
P2,804,Glove It Women's Imperial Golf Glove,2015-09-13,5,33.0,1083,240,B,2,P2|804|2015-09-13
P2,804,Glove It Women's Imperial Golf Glove,2015-09-20,15,28.0,1083,116,B,2,P2|804|2015-09-20
P2,804,Glove It Women's Imperial Golf Glove,2015-09-27,5,13.0,1083,35,B,2,P2|804|2015-09-27
P2,804,Glove It Women's Imperial Golf Glove,2015-10-04,0,8.0,1083,240,B,2,P2|804|2015-10-04
P2,804,Glove It Women's Imperial Golf Glove,2015-10-11,4,33.0,1083,116,B,2,P2|804|2015-10-11
P2,804,Glove It Women's Imperial Golf Glove,2015-10-18,1,29.0,1083,53,B,2,P2|804|2015-10-18
P2,804,Glove It Women's Imperial Golf Glove,2015-10-25,7,28.0,1083,220,B,2,P2|804|2015-10-25
P2,804,Glove It Women's Imperial Golf Glove,2015-11-01,2,21.0,1083,186,B,2,P2|804|2015-11-01
P2,804,Glove It Women's Imperial Golf Glove,2015-11-08,2,33.0,1083,125,B,2,P2|804|2015-11-08
P2,804,Glove It Women's Imperial Golf Glove,2015-11-15,5,31.0,1083,113,B,2,P2|804|2015-11-15
P2,804,Glove It Women's Imperial Golf Glove,2015-11-22,6,26.0,1083,124,B,2,P2|804|2015-11-22
P2,804,Glove It Women's Imperial Golf Glove,2015-11-29,14,20.0,1083,225,B,2,P2|804|2015-11-29
P2,804,Glove It Women's Imperial Golf Glove,2015-12-06,19,33.0,1083,124,B,2,P2|804|2015-12-06
P2,804,Glove It Women's Imperial Golf Glove,2015-12-13,10,14.0,1083,232,B,2,P2|804|2015-12-13
P2,804,Glove It Women's Imperial Golf Glove,2015-12-20,16,4.0,1083,141,B,2,P2|804|2015-12-20
P2,804,Glove It Women's Imperial Golf Glove,2015-12-27,8,0.0,1083,83,B,2,P2|804|2015-12-27
P2,804,Glove It Women's Imperial Golf Glove,2016-01-03,13,33.0,1083,127,B,2,P2|804|2016-01-03
P2,804,Glove It Women's Imperial Golf Glove,2016-01-10,0,20.0,1083,150,B,2,P2|804|2016-01-10
P2,804,Glove It Women's Imperial Golf Glove,2016-01-17,9,20.0,1083,245,B,2,P2|804|2016-01-17
P2,804,Glove It Women's Imperial Golf Glove,2016-01-24,15,11.0,1083,156,B,2,P2|804|2016-01-24
P2,804,Glove It Women's Imperial Golf Glove,2016-01-31,9,33.0,1083,129,B,2,P2|804|2016-01-31
P2,804,Glove It Women's Imperial Golf Glove,2016-02-07,16,24.0,1083,290,B,2,P2|804|2016-02-07
P2,804,Glove It Women's Imperial Golf Glove,2016-02-14,20,8.0,1083,111,B,2,P2|804|2016-02-14
P2,804,Glove It Women's Imperial Golf Glove,2016-02-21,1,0.0,1083,205,B,2,P2|804|2016-02-21
P2,804,Glove It Women's Imperial Golf Glove,2016-02-28,16,33.0,1083,165,B,2,P2|804|2016-02-28
P2,804,Glove It Women's Imperial Golf Glove,2016-03-06,3,17.0,1083,112,B,2,P2|804|2016-03-06
P2,804,Glove It Women's Imperial Golf Glove,2016-03-13,0,14.0,1083,255,B,2,P2|804|2016-03-13
P2,804,Glove It Women's Imperial Golf Glove,2016-03-20,4,14.0,1083,244,B,2,P2|804|2016-03-20
P2,804,Glove It Women's Imperial Golf Glove,2016-03-27,4,33.0,1083,199,B,2,P2|804|2016-03-27
P2,804,Glove It Women's Imperial Golf Glove,2016-04-03,16,29.0,1083,70,B,2,P2|804|2016-04-03
P2,804,Glove It Women's Imperial Golf Glove,2016-04-10,1,13.0,1083,227,B,2,P2|804|2016-04-10
P2,804,Glove It Women's Imperial Golf Glove,2016-04-17,1,12.0,1083,93,B,2,P2|804|2016-04-17
P2,804,Glove It Women's Imperial Golf Glove,2016-04-24,2,33.0,1083,114,B,2,P2|804|2016-04-24
P2,804,Glove It Women's Imperial Golf Glove,2016-05-01,3,31.0,1083,210,B,2,P2|804|2016-05-01
P2,804,Glove It Women's Imperial Golf Glove,2016-05-08,0,28.0,1083,200,B,2,P2|804|2016-05-08
P2,804,Glove It Women's Imperial Golf Glove,2016-05-15,11,28.0,1083,123,B,2,P2|804|2016-05-15
P2,804,Glove It Women's Imperial Golf Glove,2016-05-22,5,33.0,1083,151,B,2,P2|804|2016-05-22
P2,804,Glove It Women's Imperial Golf Glove,2016-05-29,1,28.0,1083,243,B,2,P2|804|2016-05-29
P2,804,Glove It Women's Imperial Golf Glove,2016-06-05,5,27.0,1083,136,B,2,P2|804|2016-06-05
P2,804,Glove It Women's Imperial Golf Glove,2016-06-12,4,22.0,1083,196,B,2,P2|804|2016-06-12
P2,804,Glove It Women's Imperial Golf Glove,2016-06-19,4,33.0,1083,201,B,2,P2|804|2016-06-19
P2,804,Glove It Women's Imperial Golf Glove,2016-06-26,10,29.0,1083,48,B,2,P2|804|2016-06-26
P2,804,Glove It Women's Imperial Golf Glove,2016-07-03,0,19.0,1083,192,B,2,P2|804|2016-07-03
P2,804,Glove It Women's Imperial Golf Glove,2016-07-10,13,19.0,1083,193,B,2,P2|804|2016-07-10
P2,804,Glove It Women's Imperial Golf Glove,2016-07-17,3,33.0,1083,117,B,2,P2|804|2016-07-17
P2,804,Glove It Women's Imperial Golf Glove,2016-07-24,6,30.0,1083,149,B,2,P2|804|2016-07-24
P2,804,Glove It Women's Imperial Golf Glove,2016-07-31,13,24.0,1083,154,B,2,P2|804|2016-07-31
P2,804,Glove It Women's Imperial Golf Glove,2016-08-07,3,11.0,1083,117,B,2,P2|804|2016-08-07
P2,804,Glove It Women's Imperial Golf Glove,2016-08-14,9,33.0,1083,92,B,2,P2|804|2016-08-14
P2,804,Glove It Women's Imperial Golf Glove,2016-08-21,12,24.0,1083,141,B,2,P2|804|2016-08-21
P2,804,Glove It Women's Imperial Golf Glove,2016-08-28,0,12.0,1083,160,B,2,P2|804|2016-08-28
P2,804,Glove It Women's Imperial Golf Glove,2016-09-04,14,12.0,1083,180,B,2,P2|804|2016-09-04
P2,804,Glove It Women's Imperial Golf Glove,2016-09-11,3,33.0,1083,163,B,2,P2|804|2016-09-11
P2,804,Glove It Women's Imperial Golf Glove,2016-09-18,17,30.0,1083,87,B,2,P2|804|2016-09-18
P2,804,Glove It Women's Imperial Golf Glove,2016-09-25,0,13.0,1083,133,B,2,P2|804|2016-09-25
P2,804,Glove It Women's Imperial Golf Glove,2016-10-02,8,13.0,1083,157,B,2,P2|804|2016-10-02
P2,804,Glove It Women's Imperial Golf Glove,2016-10-09,9,33.0,1083,168,B,2,P2|804|2016-10-09
P2,804,Glove It Women's Imperial Golf Glove,2016-10-16,5,24.0,1083,104,B,2,P2|804|2016-10-16
P2,804,Glove It Women's Imperial Golf Glove,2016-10-23,5,19.0,1083,98,B,2,P2|804|2016-10-23
P2,804,Glove It Women's Imperial Golf Glove,2016-10-30,2,14.0,1083,197,B,2,P2|804|2016-10-30
P2,804,Glove It Women's Imperial Golf Glove,2016-11-06,8,33.0,1083,186,B,2,P2|804|2016-11-06
P2,804,Glove It Women's Imperial Golf Glove,2016-11-13,16,25.0,1083,232,B,2,P2|804|2016-11-13
P2,804,Glove It Women's Imperial Golf Glove,2016-11-20,7,9.0,1083,176,B,2,P2|804|2016-11-20
P2,804,Glove It Women's Imperial Golf Glove,2016-11-27,3,2.0,1083,135,B,2,P2|804|2016-11-27
P2,804,Glove It Women's Imperial Golf Glove,2016-12-04,11,33.0,1083,118,B,2,P2|804|2016-12-04
P2,804,Glove It Women's Imperial Golf Glove,2016-12-11,17,22.0,1083,145,B,2,P2|804|2016-12-11
P2,804,Glove It Women's Imperial Golf Glove,2016-12-18,9,5.0,1083,213,B,2,P2|804|2016-12-18
P2,804,Glove It Women's Imperial Golf Glove,2016-12-25,3,0.0,1083,124,B,2,P2|804|2016-12-25
P2,804,Glove It Women's Imperial Golf Glove,2017-01-01,14,33.0,1083,161,B,2,P2|804|2017-01-01
P2,804,Glove It Women's Imperial Golf Glove,2017-01-08,0,19.0,1083,252,B,2,P2|804|2017-01-08
P2,804,Glove It Women's Imperial Golf Glove,2017-01-15,5,19.0,1083,105,B,2,P2|804|2017-01-15
P2,804,Glove It Women's Imperial Golf Glove,2017-01-22,16,14.0,1083,119,B,2,P2|804|2017-01-22
P2,804,Glove It Women's Imperial Golf Glove,2017-01-29,15,33.0,1083,153,B,2,P2|804|2017-01-29
P2,804,Glove It Women's Imperial Golf Glove,2017-02-05,2,18.0,1083,96,B,2,P2|804|2017-02-05
P2,804,Glove It Women's Imperial Golf Glove,2017-02-12,14,16.0,1083,122,B,2,P2|804|2017-02-12
P2,804,Glove It Women's Imperial Golf Glove,2017-02-19,5,2.0,1083,186,B,2,P2|804|2017-02-19
P2,804,Glove It Women's Imperial Golf Glove,2017-02-26,13,33.0,1083,103,B,2,P2|804|2017-02-26
P2,804,Glove It Women's Imperial Golf Glove,2017-03-05,10,20.0,1083,38,B,2,P2|804|2017-03-05
P2,804,Glove It Women's Imperial Golf Glove,2017-03-12,7,10.0,1083,93,B,2,P2|804|2017-03-12
P2,804,Glove It Women's Imperial Golf Glove,2017-03-19,0,3.0,1083,208,B,2,P2|804|2017-03-19
P2,804,Glove It Women's Imperial Golf Glove,2017-03-26,2,33.0,1083,181,B,2,P2|804|2017-03-26
P2,804,Glove It Women's Imperial Golf Glove,2017-04-02,1,31.0,1083,147,B,2,P2|804|2017-04-02
P2,804,Glove It Women's Imperial Golf Glove,2017-04-09,7,30.0,1083,160,B,2,P2|804|2017-04-09
P2,804,Glove It Women's Imperial Golf Glove,2017-04-16,6,23.0,1083,244,B,2,P2|804|2017-04-16
P2,804,Glove It Women's Imperial Golf Glove,2017-04-23,9,33.0,1083,180,B,2,P2|804|2017-04-23
P2,810,Glove It Women's Mod Oval Golf Glove,2015-01-04,4,99.0,1083,548,C,1,P2|810|2015-01-04
P2,810,Glove It Women's Mod Oval Golf Glove,2015-01-11,10,95.0,1083,249,C,1,P2|810|2015-01-11
P2,810,Glove It Women's Mod Oval Golf Glove,2015-01-18,8,85.0,1083,64,C,1,P2|810|2015-01-18
P2,810,Glove It Women's Mod Oval Golf Glove,2015-01-25,5,77.0,1083,167,C,1,P2|810|2015-01-25
P2,810,Glove It Women's Mod Oval Golf Glove,2015-02-01,11,72.0,1083,93,C,1,P2|810|2015-02-01
P2,810,Glove It Women's Mod Oval Golf Glove,2015-02-08,6,61.0,1083,203,C,1,P2|810|2015-02-08
P2,810,Glove It Women's Mod Oval Golf Glove,2015-02-15,0,55.0,1083,178,C,1,P2|810|2015-02-15
P2,810,Glove It Women's Mod Oval Golf Glove,2015-02-22,0,55.0,1083,95,C,1,P2|810|2015-02-22
P2,810,Glove It Women's Mod Oval Golf Glove,2015-03-01,12,55.0,1083,93,C,1,P2|810|2015-03-01
P2,810,Glove It Women's Mod Oval Golf Glove,2015-03-08,8,43.0,1083,47,C,1,P2|810|2015-03-08
P2,810,Glove It Women's Mod Oval Golf Glove,2015-03-15,0,35.0,1083,224,C,1,P2|810|2015-03-15
P2,810,Glove It Women's Mod Oval Golf Glove,2015-03-22,3,35.0,1083,110,C,1,P2|810|2015-03-22
P2,810,Glove It Women's Mod Oval Golf Glove,2015-03-29,12,32.0,1083,63,C,1,P2|810|2015-03-29
P2,810,Glove It Women's Mod Oval Golf Glove,2015-04-05,0,20.0,1083,124,C,1,P2|810|2015-04-05
P2,810,Glove It Women's Mod Oval Golf Glove,2015-04-12,5,20.0,1083,64,C,1,P2|810|2015-04-12
P2,810,Glove It Women's Mod Oval Golf Glove,2015-04-19,3,15.0,1083,125,C,1,P2|810|2015-04-19
P2,810,Glove It Women's Mod Oval Golf Glove,2015-04-26,1,20.0,1083,288,C,1,P2|810|2015-04-26
P2,810,Glove It Women's Mod Oval Golf Glove,2015-05-03,3,19.0,1083,119,C,1,P2|810|2015-05-03
P2,810,Glove It Women's Mod Oval Golf Glove,2015-05-10,11,16.0,1083,143,C,1,P2|810|2015-05-10
P2,810,Glove It Women's Mod Oval Golf Glove,2015-05-17,2,5.0,1083,145,C,1,P2|810|2015-05-17
P2,810,Glove It Women's Mod Oval Golf Glove,2015-05-24,8,20.0,1083,121,C,1,P2|810|2015-05-24
P2,810,Glove It Women's Mod Oval Golf Glove,2015-05-31,12,12.0,1083,48,C,1,P2|810|2015-05-31
P2,810,Glove It Women's Mod Oval Golf Glove,2015-06-07,5,0.0,1083,184,C,1,P2|810|2015-06-07
P2,810,Glove It Women's Mod Oval Golf Glove,2015-06-14,9,0.0,1083,256,C,1,P2|810|2015-06-14
P2,810,Glove It Women's Mod Oval Golf Glove,2015-06-21,0,20.0,1083,196,C,1,P2|810|2015-06-21
P2,810,Glove It Women's Mod Oval Golf Glove,2015-06-28,10,20.0,1083,183,C,1,P2|810|2015-06-28
P2,810,Glove It Women's Mod Oval Golf Glove,2015-07-05,5,10.0,1083,139,C,1,P2|810|2015-07-05
P2,810,Glove It Women's Mod Oval Golf Glove,2015-07-12,4,5.0,1083,89,C,1,P2|810|2015-07-12
P2,810,Glove It Women's Mod Oval Golf Glove,2015-07-19,7,20.0,1083,87,C,1,P2|810|2015-07-19
P2,810,Glove It Women's Mod Oval Golf Glove,2015-07-26,10,13.0,1083,132,C,1,P2|810|2015-07-26
P2,810,Glove It Women's Mod Oval Golf Glove,2015-08-02,9,3.0,1083,148,C,1,P2|810|2015-08-02
P2,810,Glove It Women's Mod Oval Golf Glove,2015-08-09,12,0.0,1083,184,C,1,P2|810|2015-08-09
P2,810,Glove It Women's Mod Oval Golf Glove,2015-08-16,4,20.0,1083,113,C,1,P2|810|2015-08-16
P2,810,Glove It Women's Mod Oval Golf Glove,2015-08-23,0,16.0,1083,168,C,1,P2|810|2015-08-23
P2,810,Glove It Women's Mod Oval Golf Glove,2015-08-30,5,16.0,1083,125,C,1,P2|810|2015-08-30
P2,810,Glove It Women's Mod Oval Golf Glove,2015-09-06,9,11.0,1083,181,C,1,P2|810|2015-09-06
P2,810,Glove It Women's Mod Oval Golf Glove,2015-09-13,10,20.0,1083,240,C,1,P2|810|2015-09-13
P2,810,Glove It Women's Mod Oval Golf Glove,2015-09-20,0,10.0,1083,116,C,1,P2|810|2015-09-20
P2,810,Glove It Women's Mod Oval Golf Glove,2015-09-27,9,10.0,1083,35,C,1,P2|810|2015-09-27
P2,810,Glove It Women's Mod Oval Golf Glove,2015-10-04,11,1.0,1083,240,C,1,P2|810|2015-10-04
P2,810,Glove It Women's Mod Oval Golf Glove,2015-10-11,11,20.0,1083,116,C,1,P2|810|2015-10-11
P2,810,Glove It Women's Mod Oval Golf Glove,2015-10-18,13,9.0,1083,53,C,1,P2|810|2015-10-18
P2,810,Glove It Women's Mod Oval Golf Glove,2015-10-25,3,0.0,1083,220,C,1,P2|810|2015-10-25
P2,810,Glove It Women's Mod Oval Golf Glove,2015-11-01,18,0.0,1083,186,C,1,P2|810|2015-11-01
P2,810,Glove It Women's Mod Oval Golf Glove,2015-11-08,0,20.0,1083,125,C,1,P2|810|2015-11-08
P2,810,Glove It Women's Mod Oval Golf Glove,2015-11-15,11,20.0,1083,113,C,1,P2|810|2015-11-15
P2,810,Glove It Women's Mod Oval Golf Glove,2015-11-22,10,9.0,1083,124,C,1,P2|810|2015-11-22
P2,810,Glove It Women's Mod Oval Golf Glove,2015-11-29,9,0.0,1083,225,C,1,P2|810|2015-11-29
P2,810,Glove It Women's Mod Oval Golf Glove,2015-12-06,8,20.0,1083,124,C,1,P2|810|2015-12-06
P2,810,Glove It Women's Mod Oval Golf Glove,2015-12-13,2,12.0,1083,232,C,1,P2|810|2015-12-13
P2,810,Glove It Women's Mod Oval Golf Glove,2015-12-20,8,10.0,1083,141,C,1,P2|810|2015-12-20
P2,810,Glove It Women's Mod Oval Golf Glove,2015-12-27,7,2.0,1083,83,C,1,P2|810|2015-12-27
P2,810,Glove It Women's Mod Oval Golf Glove,2016-01-03,6,20.0,1083,127,C,1,P2|810|2016-01-03
P2,810,Glove It Women's Mod Oval Golf Glove,2016-01-10,14,14.0,1083,150,C,1,P2|810|2016-01-10
P2,810,Glove It Women's Mod Oval Golf Glove,2016-01-17,5,0.0,1083,245,C,1,P2|810|2016-01-17
P2,810,Glove It Women's Mod Oval Golf Glove,2016-01-24,6,0.0,1083,156,C,1,P2|810|2016-01-24
P2,810,Glove It Women's Mod Oval Golf Glove,2016-01-31,11,20.0,1083,129,C,1,P2|810|2016-01-31
P2,810,Glove It Women's Mod Oval Golf Glove,2016-02-07,12,9.0,1083,290,C,1,P2|810|2016-02-07
P2,810,Glove It Women's Mod Oval Golf Glove,2016-02-14,11,0.0,1083,111,C,1,P2|810|2016-02-14
P2,810,Glove It Women's Mod Oval Golf Glove,2016-02-21,5,0.0,1083,205,C,1,P2|810|2016-02-21
P2,810,Glove It Women's Mod Oval Golf Glove,2016-02-28,5,20.0,1083,165,C,1,P2|810|2016-02-28
P2,810,Glove It Women's Mod Oval Golf Glove,2016-03-06,4,15.0,1083,112,C,1,P2|810|2016-03-06
P2,810,Glove It Women's Mod Oval Golf Glove,2016-03-13,0,11.0,1083,255,C,1,P2|810|2016-03-13
P2,810,Glove It Women's Mod Oval Golf Glove,2016-03-20,1,11.0,1083,244,C,1,P2|810|2016-03-20
P2,810,Glove It Women's Mod Oval Golf Glove,2016-03-27,2,20.0,1083,199,C,1,P2|810|2016-03-27
P2,810,Glove It Women's Mod Oval Golf Glove,2016-04-03,0,18.0,1083,70,C,1,P2|810|2016-04-03
P2,810,Glove It Women's Mod Oval Golf Glove,2016-04-10,8,18.0,1083,227,C,1,P2|810|2016-04-10
P2,810,Glove It Women's Mod Oval Golf Glove,2016-04-17,4,10.0,1083,93,C,1,P2|810|2016-04-17
P2,810,Glove It Women's Mod Oval Golf Glove,2016-04-24,4,20.0,1083,114,C,1,P2|810|2016-04-24
P2,810,Glove It Women's Mod Oval Golf Glove,2016-05-01,4,16.0,1083,210,C,1,P2|810|2016-05-01
P2,810,Glove It Women's Mod Oval Golf Glove,2016-05-08,6,12.0,1083,200,C,1,P2|810|2016-05-08
P2,810,Glove It Women's Mod Oval Golf Glove,2016-05-15,9,6.0,1083,123,C,1,P2|810|2016-05-15
P2,810,Glove It Women's Mod Oval Golf Glove,2016-05-22,13,20.0,1083,151,C,1,P2|810|2016-05-22
P2,810,Glove It Women's Mod Oval Golf Glove,2016-05-29,5,7.0,1083,243,C,1,P2|810|2016-05-29
P2,810,Glove It Women's Mod Oval Golf Glove,2016-06-05,5,2.0,1083,136,C,1,P2|810|2016-06-05
P2,810,Glove It Women's Mod Oval Golf Glove,2016-06-12,2,0.0,1083,196,C,1,P2|810|2016-06-12
P2,810,Glove It Women's Mod Oval Golf Glove,2016-06-19,15,20.0,1083,201,C,1,P2|810|2016-06-19
P2,810,Glove It Women's Mod Oval Golf Glove,2016-06-26,5,5.0,1083,48,C,1,P2|810|2016-06-26
P2,810,Glove It Women's Mod Oval Golf Glove,2016-07-03,3,0.0,1083,192,C,1,P2|810|2016-07-03
P2,810,Glove It Women's Mod Oval Golf Glove,2016-07-10,5,0.0,1083,193,C,1,P2|810|2016-07-10
P2,810,Glove It Women's Mod Oval Golf Glove,2016-07-17,4,20.0,1083,117,C,1,P2|810|2016-07-17
P2,810,Glove It Women's Mod Oval Golf Glove,2016-07-24,4,16.0,1083,149,C,1,P2|810|2016-07-24
P2,810,Glove It Women's Mod Oval Golf Glove,2016-07-31,4,12.0,1083,154,C,1,P2|810|2016-07-31
P2,810,Glove It Women's Mod Oval Golf Glove,2016-08-07,0,8.0,1083,117,C,1,P2|810|2016-08-07
P2,810,Glove It Women's Mod Oval Golf Glove,2016-08-14,4,20.0,1083,92,C,1,P2|810|2016-08-14
P2,810,Glove It Women's Mod Oval Golf Glove,2016-08-21,8,16.0,1083,141,C,1,P2|810|2016-08-21
P2,810,Glove It Women's Mod Oval Golf Glove,2016-08-28,7,8.0,1083,160,C,1,P2|810|2016-08-28
P2,810,Glove It Women's Mod Oval Golf Glove,2016-09-04,11,1.0,1083,180,C,1,P2|810|2016-09-04
P2,810,Glove It Women's Mod Oval Golf Glove,2016-09-11,10,20.0,1083,163,C,1,P2|810|2016-09-11
P2,810,Glove It Women's Mod Oval Golf Glove,2016-09-18,13,10.0,1083,87,C,1,P2|810|2016-09-18
P2,810,Glove It Women's Mod Oval Golf Glove,2016-09-25,15,0.0,1083,133,C,1,P2|810|2016-09-25
P2,810,Glove It Women's Mod Oval Golf Glove,2016-10-02,15,0.0,1083,157,C,1,P2|810|2016-10-02
P2,810,Glove It Women's Mod Oval Golf Glove,2016-10-09,2,20.0,1083,168,C,1,P2|810|2016-10-09
P2,810,Glove It Women's Mod Oval Golf Glove,2016-10-16,3,18.0,1083,104,C,1,P2|810|2016-10-16
P2,810,Glove It Women's Mod Oval Golf Glove,2016-10-23,6,15.0,1083,98,C,1,P2|810|2016-10-23
P2,810,Glove It Women's Mod Oval Golf Glove,2016-10-30,3,9.0,1083,197,C,1,P2|810|2016-10-30
P2,810,Glove It Women's Mod Oval Golf Glove,2016-11-06,0,20.0,1083,186,C,1,P2|810|2016-11-06
P2,810,Glove It Women's Mod Oval Golf Glove,2016-11-13,10,20.0,1083,232,C,1,P2|810|2016-11-13
P2,810,Glove It Women's Mod Oval Golf Glove,2016-11-20,9,10.0,1083,176,C,1,P2|810|2016-11-20
P2,810,Glove It Women's Mod Oval Golf Glove,2016-11-27,7,1.0,1083,135,C,1,P2|810|2016-11-27
P2,810,Glove It Women's Mod Oval Golf Glove,2016-12-04,5,20.0,1083,118,C,1,P2|810|2016-12-04
P2,810,Glove It Women's Mod Oval Golf Glove,2016-12-11,5,15.0,1083,145,C,1,P2|810|2016-12-11
P2,810,Glove It Women's Mod Oval Golf Glove,2016-12-18,7,10.0,1083,213,C,1,P2|810|2016-12-18
P2,810,Glove It Women's Mod Oval Golf Glove,2016-12-25,8,3.0,1083,124,C,1,P2|810|2016-12-25
P2,810,Glove It Women's Mod Oval Golf Glove,2017-01-01,8,20.0,1083,161,C,1,P2|810|2017-01-01
P2,810,Glove It Women's Mod Oval Golf Glove,2017-01-08,12,12.0,1083,252,C,1,P2|810|2017-01-08
P2,810,Glove It Women's Mod Oval Golf Glove,2017-01-15,3,0.0,1083,105,C,1,P2|810|2017-01-15
P2,810,Glove It Women's Mod Oval Golf Glove,2017-01-22,12,0.0,1083,119,C,1,P2|810|2017-01-22
P2,810,Glove It Women's Mod Oval Golf Glove,2017-01-29,10,20.0,1083,153,C,1,P2|810|2017-01-29
P2,810,Glove It Women's Mod Oval Golf Glove,2017-02-05,9,10.0,1083,96,C,1,P2|810|2017-02-05
P2,810,Glove It Women's Mod Oval Golf Glove,2017-02-12,4,1.0,1083,122,C,1,P2|810|2017-02-12
P2,810,Glove It Women's Mod Oval Golf Glove,2017-02-19,13,0.0,1083,186,C,1,P2|810|2017-02-19
P2,810,Glove It Women's Mod Oval Golf Glove,2017-02-26,8,20.0,1083,103,C,1,P2|810|2017-02-26
P2,810,Glove It Women's Mod Oval Golf Glove,2017-03-05,4,12.0,1083,38,C,1,P2|810|2017-03-05
P2,810,Glove It Women's Mod Oval Golf Glove,2017-03-12,7,8.0,1083,93,C,1,P2|810|2017-03-12
P2,810,Glove It Women's Mod Oval Golf Glove,2017-03-19,5,1.0,1083,208,C,1,P2|810|2017-03-19
P2,810,Glove It Women's Mod Oval Golf Glove,2017-03-26,2,20.0,1083,181,C,1,P2|810|2017-03-26
P2,810,Glove It Women's Mod Oval Golf Glove,2017-04-02,14,18.0,1083,147,C,1,P2|810|2017-04-02
P2,810,Glove It Women's Mod Oval Golf Glove,2017-04-09,2,4.0,1083,160,C,1,P2|810|2017-04-09
P2,810,Glove It Women's Mod Oval Golf Glove,2017-04-16,5,2.0,1083,244,C,1,P2|810|2017-04-16
P2,810,Glove It Women's Mod Oval Golf Glove,2017-04-23,11,20.0,1083,180,C,1,P2|810|2017-04-23
P2,818,Titleist Pro V1x Golf Balls,2015-01-04,5,107.0,1083,548,C,1,P2|818|2015-01-04
P2,818,Titleist Pro V1x Golf Balls,2015-01-11,2,102.0,1083,249,C,1,P2|818|2015-01-11
P2,818,Titleist Pro V1x Golf Balls,2015-01-18,15,100.0,1083,64,C,1,P2|818|2015-01-18
P2,818,Titleist Pro V1x Golf Balls,2015-01-25,2,85.0,1083,167,C,1,P2|818|2015-01-25
P2,818,Titleist Pro V1x Golf Balls,2015-02-01,17,83.0,1083,93,C,1,P2|818|2015-02-01
P2,818,Titleist Pro V1x Golf Balls,2015-02-08,11,66.0,1083,203,C,1,P2|818|2015-02-08
P2,818,Titleist Pro V1x Golf Balls,2015-02-15,4,55.0,1083,178,C,1,P2|818|2015-02-15
P2,818,Titleist Pro V1x Golf Balls,2015-02-22,8,51.0,1083,95,C,1,P2|818|2015-02-22
P2,818,Titleist Pro V1x Golf Balls,2015-03-01,4,43.0,1083,93,C,1,P2|818|2015-03-01
P2,818,Titleist Pro V1x Golf Balls,2015-03-08,5,39.0,1083,47,C,1,P2|818|2015-03-08
P2,818,Titleist Pro V1x Golf Balls,2015-03-15,18,34.0,1083,224,C,1,P2|818|2015-03-15
P2,818,Titleist Pro V1x Golf Balls,2015-03-22,7,16.0,1083,110,C,1,P2|818|2015-03-22
P2,818,Titleist Pro V1x Golf Balls,2015-03-29,9,21.0,1083,63,C,1,P2|818|2015-03-29
P2,818,Titleist Pro V1x Golf Balls,2015-04-05,4,12.0,1083,124,C,1,P2|818|2015-04-05
P2,818,Titleist Pro V1x Golf Balls,2015-04-12,18,8.0,1083,64,C,1,P2|818|2015-04-12
P2,818,Titleist Pro V1x Golf Balls,2015-04-19,0,0.0,1083,125,C,1,P2|818|2015-04-19
P2,818,Titleist Pro V1x Golf Balls,2015-04-26,0,21.0,1083,288,C,1,P2|818|2015-04-26
P2,818,Titleist Pro V1x Golf Balls,2015-05-03,11,21.0,1083,119,C,1,P2|818|2015-05-03
P2,818,Titleist Pro V1x Golf Balls,2015-05-10,4,10.0,1083,143,C,1,P2|818|2015-05-10
P2,818,Titleist Pro V1x Golf Balls,2015-05-17,6,6.0,1083,145,C,1,P2|818|2015-05-17
P2,818,Titleist Pro V1x Golf Balls,2015-05-24,9,21.0,1083,121,C,1,P2|818|2015-05-24
P2,818,Titleist Pro V1x Golf Balls,2015-05-31,12,12.0,1083,48,C,1,P2|818|2015-05-31
P2,818,Titleist Pro V1x Golf Balls,2015-06-07,5,0.0,1083,184,C,1,P2|818|2015-06-07
P2,818,Titleist Pro V1x Golf Balls,2015-06-14,9,0.0,1083,256,C,1,P2|818|2015-06-14
P2,818,Titleist Pro V1x Golf Balls,2015-06-21,13,21.0,1083,196,C,1,P2|818|2015-06-21
P2,818,Titleist Pro V1x Golf Balls,2015-06-28,10,8.0,1083,183,C,1,P2|818|2015-06-28
P2,818,Titleist Pro V1x Golf Balls,2015-07-05,8,0.0,1083,139,C,1,P2|818|2015-07-05
P2,818,Titleist Pro V1x Golf Balls,2015-07-12,14,0.0,1083,89,C,1,P2|818|2015-07-12
P2,818,Titleist Pro V1x Golf Balls,2015-07-19,10,21.0,1083,87,C,1,P2|818|2015-07-19
P2,818,Titleist Pro V1x Golf Balls,2015-07-26,4,11.0,1083,132,C,1,P2|818|2015-07-26
P2,818,Titleist Pro V1x Golf Balls,2015-08-02,4,7.0,1083,148,C,1,P2|818|2015-08-02
P2,818,Titleist Pro V1x Golf Balls,2015-08-09,12,3.0,1083,184,C,1,P2|818|2015-08-09
P2,818,Titleist Pro V1x Golf Balls,2015-08-16,6,21.0,1083,113,C,1,P2|818|2015-08-16
P2,818,Titleist Pro V1x Golf Balls,2015-08-23,5,15.0,1083,168,C,1,P2|818|2015-08-23
P2,818,Titleist Pro V1x Golf Balls,2015-08-30,1,10.0,1083,125,C,1,P2|818|2015-08-30
P2,818,Titleist Pro V1x Golf Balls,2015-09-06,8,9.0,1083,181,C,1,P2|818|2015-09-06
P2,818,Titleist Pro V1x Golf Balls,2015-09-13,12,21.0,1083,240,C,1,P2|818|2015-09-13
P2,818,Titleist Pro V1x Golf Balls,2015-09-20,0,9.0,1083,116,C,1,P2|818|2015-09-20
P2,818,Titleist Pro V1x Golf Balls,2015-09-27,0,9.0,1083,35,C,1,P2|818|2015-09-27
P2,818,Titleist Pro V1x Golf Balls,2015-10-04,7,9.0,1083,240,C,1,P2|818|2015-10-04
P2,818,Titleist Pro V1x Golf Balls,2015-10-11,5,21.0,1083,116,C,1,P2|818|2015-10-11
P2,818,Titleist Pro V1x Golf Balls,2015-10-18,4,16.0,1083,53,C,1,P2|818|2015-10-18
P2,818,Titleist Pro V1x Golf Balls,2015-10-25,0,12.0,1083,220,C,1,P2|818|2015-10-25
P2,818,Titleist Pro V1x Golf Balls,2015-11-01,3,12.0,1083,186,C,1,P2|818|2015-11-01
P2,818,Titleist Pro V1x Golf Balls,2015-11-08,4,21.0,1083,125,C,1,P2|818|2015-11-08
P2,818,Titleist Pro V1x Golf Balls,2015-11-15,7,17.0,1083,113,C,1,P2|818|2015-11-15
P2,818,Titleist Pro V1x Golf Balls,2015-11-22,19,10.0,1083,124,C,1,P2|818|2015-11-22
P2,818,Titleist Pro V1x Golf Balls,2015-11-29,8,0.0,1083,225,C,1,P2|818|2015-11-29
P2,818,Titleist Pro V1x Golf Balls,2015-12-06,14,21.0,1083,124,C,1,P2|818|2015-12-06
P2,818,Titleist Pro V1x Golf Balls,2015-12-13,5,7.0,1083,232,C,1,P2|818|2015-12-13
P2,818,Titleist Pro V1x Golf Balls,2015-12-20,11,2.0,1083,141,C,1,P2|818|2015-12-20
P2,818,Titleist Pro V1x Golf Balls,2015-12-27,1,0.0,1083,83,C,1,P2|818|2015-12-27
P2,818,Titleist Pro V1x Golf Balls,2016-01-03,9,21.0,1083,127,C,1,P2|818|2016-01-03
P2,818,Titleist Pro V1x Golf Balls,2016-01-10,8,12.0,1083,150,C,1,P2|818|2016-01-10
P2,818,Titleist Pro V1x Golf Balls,2016-01-17,2,4.0,1083,245,C,1,P2|818|2016-01-17
P2,818,Titleist Pro V1x Golf Balls,2016-01-24,0,2.0,1083,156,C,1,P2|818|2016-01-24
P2,818,Titleist Pro V1x Golf Balls,2016-01-31,0,21.0,1083,129,C,1,P2|818|2016-01-31
P2,818,Titleist Pro V1x Golf Balls,2016-02-07,9,21.0,1083,290,C,1,P2|818|2016-02-07
P2,818,Titleist Pro V1x Golf Balls,2016-02-14,0,12.0,1083,111,C,1,P2|818|2016-02-14
P2,818,Titleist Pro V1x Golf Balls,2016-02-21,12,12.0,1083,205,C,1,P2|818|2016-02-21
P2,818,Titleist Pro V1x Golf Balls,2016-02-28,8,21.0,1083,165,C,1,P2|818|2016-02-28
P2,818,Titleist Pro V1x Golf Balls,2016-03-06,9,13.0,1083,112,C,1,P2|818|2016-03-06
P2,818,Titleist Pro V1x Golf Balls,2016-03-13,11,4.0,1083,255,C,1,P2|818|2016-03-13
P2,818,Titleist Pro V1x Golf Balls,2016-03-20,11,0.0,1083,244,C,1,P2|818|2016-03-20
P2,818,Titleist Pro V1x Golf Balls,2016-03-27,4,21.0,1083,199,C,1,P2|818|2016-03-27
P2,818,Titleist Pro V1x Golf Balls,2016-04-03,11,17.0,1083,70,C,1,P2|818|2016-04-03
P2,818,Titleist Pro V1x Golf Balls,2016-04-10,1,6.0,1083,227,C,1,P2|818|2016-04-10
P2,818,Titleist Pro V1x Golf Balls,2016-04-17,12,5.0,1083,93,C,1,P2|818|2016-04-17
P2,818,Titleist Pro V1x Golf Balls,2016-04-24,10,21.0,1083,114,C,1,P2|818|2016-04-24
P2,818,Titleist Pro V1x Golf Balls,2016-05-01,5,11.0,1083,210,C,1,P2|818|2016-05-01
P2,818,Titleist Pro V1x Golf Balls,2016-05-08,5,6.0,1083,200,C,1,P2|818|2016-05-08
P2,818,Titleist Pro V1x Golf Balls,2016-05-15,4,1.0,1083,123,C,1,P2|818|2016-05-15
P2,818,Titleist Pro V1x Golf Balls,2016-05-22,5,21.0,1083,151,C,1,P2|818|2016-05-22
P2,818,Titleist Pro V1x Golf Balls,2016-05-29,2,16.0,1083,243,C,1,P2|818|2016-05-29
P2,818,Titleist Pro V1x Golf Balls,2016-06-05,6,14.0,1083,136,C,1,P2|818|2016-06-05
P2,818,Titleist Pro V1x Golf Balls,2016-06-12,4,8.0,1083,196,C,1,P2|818|2016-06-12
P2,818,Titleist Pro V1x Golf Balls,2016-06-19,12,21.0,1083,201,C,1,P2|818|2016-06-19
P2,818,Titleist Pro V1x Golf Balls,2016-06-26,11,9.0,1083,48,C,1,P2|818|2016-06-26
P2,818,Titleist Pro V1x Golf Balls,2016-07-03,0,0.0,1083,192,C,1,P2|818|2016-07-03
P2,818,Titleist Pro V1x Golf Balls,2016-07-10,24,0.0,1083,193,C,1,P2|818|2016-07-10
P2,818,Titleist Pro V1x Golf Balls,2016-07-17,1,21.0,1083,117,C,1,P2|818|2016-07-17
P2,818,Titleist Pro V1x Golf Balls,2016-07-24,7,20.0,1083,149,C,1,P2|818|2016-07-24
P2,818,Titleist Pro V1x Golf Balls,2016-07-31,13,13.0,1083,154,C,1,P2|818|2016-07-31
P2,818,Titleist Pro V1x Golf Balls,2016-08-07,2,0.0,1083,117,C,1,P2|818|2016-08-07
P2,818,Titleist Pro V1x Golf Balls,2016-08-14,13,21.0,1083,92,C,1,P2|818|2016-08-14
P2,818,Titleist Pro V1x Golf Balls,2016-08-21,3,8.0,1083,141,C,1,P2|818|2016-08-21
P2,818,Titleist Pro V1x Golf Balls,2016-08-28,8,5.0,1083,160,C,1,P2|818|2016-08-28
P2,818,Titleist Pro V1x Golf Balls,2016-09-04,1,0.0,1083,180,C,1,P2|818|2016-09-04
P2,818,Titleist Pro V1x Golf Balls,2016-09-11,8,21.0,1083,163,C,1,P2|818|2016-09-11
P2,818,Titleist Pro V1x Golf Balls,2016-09-18,9,13.0,1083,87,C,1,P2|818|2016-09-18
P2,818,Titleist Pro V1x Golf Balls,2016-09-25,4,4.0,1083,133,C,1,P2|818|2016-09-25
P2,818,Titleist Pro V1x Golf Balls,2016-10-02,10,0.0,1083,157,C,1,P2|818|2016-10-02
P2,818,Titleist Pro V1x Golf Balls,2016-10-09,2,21.0,1083,168,C,1,P2|818|2016-10-09
P2,818,Titleist Pro V1x Golf Balls,2016-10-16,22,19.0,1083,104,C,1,P2|818|2016-10-16
P2,818,Titleist Pro V1x Golf Balls,2016-10-23,4,0.0,1083,98,C,1,P2|818|2016-10-23
P2,818,Titleist Pro V1x Golf Balls,2016-10-30,6,0.0,1083,197,C,1,P2|818|2016-10-30
P2,818,Titleist Pro V1x Golf Balls,2016-11-06,4,21.0,1083,186,C,1,P2|818|2016-11-06
P2,818,Titleist Pro V1x Golf Balls,2016-11-13,5,17.0,1083,232,C,1,P2|818|2016-11-13
P2,818,Titleist Pro V1x Golf Balls,2016-11-20,5,12.0,1083,176,C,1,P2|818|2016-11-20
P2,818,Titleist Pro V1x Golf Balls,2016-11-27,5,7.0,1083,135,C,1,P2|818|2016-11-27
P2,818,Titleist Pro V1x Golf Balls,2016-12-04,1,21.0,1083,118,C,1,P2|818|2016-12-04
P2,818,Titleist Pro V1x Golf Balls,2016-12-11,6,20.0,1083,145,C,1,P2|818|2016-12-11
P2,818,Titleist Pro V1x Golf Balls,2016-12-18,5,14.0,1083,213,C,1,P2|818|2016-12-18
P2,818,Titleist Pro V1x Golf Balls,2016-12-25,9,9.0,1083,124,C,1,P2|818|2016-12-25
P2,818,Titleist Pro V1x Golf Balls,2017-01-01,19,21.0,1083,161,C,1,P2|818|2017-01-01
P2,818,Titleist Pro V1x Golf Balls,2017-01-08,2,2.0,1083,252,C,1,P2|818|2017-01-08
P2,818,Titleist Pro V1x Golf Balls,2017-01-15,11,0.0,1083,105,C,1,P2|818|2017-01-15
P2,818,Titleist Pro V1x Golf Balls,2017-01-22,0,0.0,1083,119,C,1,P2|818|2017-01-22
P2,818,Titleist Pro V1x Golf Balls,2017-01-29,13,21.0,1083,153,C,1,P2|818|2017-01-29
P2,818,Titleist Pro V1x Golf Balls,2017-02-05,2,8.0,1083,96,C,1,P2|818|2017-02-05
P2,818,Titleist Pro V1x Golf Balls,2017-02-12,13,6.0,1083,122,C,1,P2|818|2017-02-12
P2,818,Titleist Pro V1x Golf Balls,2017-02-19,14,0.0,1083,186,C,1,P2|818|2017-02-19
P2,818,Titleist Pro V1x Golf Balls,2017-02-26,11,21.0,1083,103,C,1,P2|818|2017-02-26
P2,818,Titleist Pro V1x Golf Balls,2017-03-05,0,10.0,1083,38,C,1,P2|818|2017-03-05
P2,818,Titleist Pro V1x Golf Balls,2017-03-12,2,10.0,1083,93,C,1,P2|818|2017-03-12
P2,818,Titleist Pro V1x Golf Balls,2017-03-19,12,8.0,1083,208,C,1,P2|818|2017-03-19
P2,818,Titleist Pro V1x Golf Balls,2017-03-26,5,21.0,1083,181,C,1,P2|818|2017-03-26
P2,818,Titleist Pro V1x Golf Balls,2017-04-02,22,16.0,1083,147,C,1,P2|818|2017-04-02
P2,818,Titleist Pro V1x Golf Balls,2017-04-09,1,0.0,1083,160,C,1,P2|818|2017-04-09
P2,818,Titleist Pro V1x Golf Balls,2017-04-16,6,0.0,1083,244,C,1,P2|818|2017-04-16
P2,818,Titleist Pro V1x Golf Balls,2017-04-23,2,21.0,1083,180,C,1,P2|818|2017-04-23
P2,821,Titleist Pro V1 High Numbers Personalized Gol,2015-01-04,8,105.0,1083,548,C,1,P2|821|2015-01-04
P2,821,Titleist Pro V1 High Numbers Personalized Gol,2015-01-11,11,97.0,1083,249,C,1,P2|821|2015-01-11
P2,821,Titleist Pro V1 High Numbers Personalized Gol,2015-01-18,0,86.0,1083,64,C,1,P2|821|2015-01-18
P2,821,Titleist Pro V1 High Numbers Personalized Gol,2015-01-25,12,86.0,1083,167,C,1,P2|821|2015-01-25
P2,821,Titleist Pro V1 High Numbers Personalized Gol,2015-02-01,5,74.0,1083,93,C,1,P2|821|2015-02-01
P2,821,Titleist Pro V1 High Numbers Personalized Gol,2015-02-08,11,69.0,1083,203,C,1,P2|821|2015-02-08
P2,821,Titleist Pro V1 High Numbers Personalized Gol,2015-02-15,8,58.0,1083,178,C,1,P2|821|2015-02-15
P2,821,Titleist Pro V1 High Numbers Personalized Gol,2015-02-22,6,50.0,1083,95,C,1,P2|821|2015-02-22
P2,821,Titleist Pro V1 High Numbers Personalized Gol,2015-03-01,2,44.0,1083,93,C,1,P2|821|2015-03-01
P2,821,Titleist Pro V1 High Numbers Personalized Gol,2015-03-08,3,42.0,1083,47,C,1,P2|821|2015-03-08
P2,821,Titleist Pro V1 High Numbers Personalized Gol,2015-03-15,5,39.0,1083,224,C,1,P2|821|2015-03-15
P2,821,Titleist Pro V1 High Numbers Personalized Gol,2015-03-22,11,34.0,1083,110,C,1,P2|821|2015-03-22
P2,821,Titleist Pro V1 High Numbers Personalized Gol,2015-03-29,13,23.0,1083,63,C,1,P2|821|2015-03-29
P2,821,Titleist Pro V1 High Numbers Personalized Gol,2015-04-05,0,10.0,1083,124,C,1,P2|821|2015-04-05
P2,821,Titleist Pro V1 High Numbers Personalized Gol,2015-04-12,2,10.0,1083,64,C,1,P2|821|2015-04-12
P2,821,Titleist Pro V1 High Numbers Personalized Gol,2015-04-19,8,8.0,1083,125,C,1,P2|821|2015-04-19
P2,821,Titleist Pro V1 High Numbers Personalized Gol,2015-04-26,7,21.0,1083,288,C,1,P2|821|2015-04-26
P2,821,Titleist Pro V1 High Numbers Personalized Gol,2015-05-03,12,14.0,1083,119,C,1,P2|821|2015-05-03
P2,821,Titleist Pro V1 High Numbers Personalized Gol,2015-05-10,1,2.0,1083,143,C,1,P2|821|2015-05-10
P2,821,Titleist Pro V1 High Numbers Personalized Gol,2015-05-17,5,1.0,1083,145,C,1,P2|821|2015-05-17
P2,821,Titleist Pro V1 High Numbers Personalized Gol,2015-05-24,16,21.0,1083,121,C,1,P2|821|2015-05-24
P2,821,Titleist Pro V1 High Numbers Personalized Gol,2015-05-31,8,5.0,1083,48,C,1,P2|821|2015-05-31
P2,821,Titleist Pro V1 High Numbers Personalized Gol,2015-06-07,4,0.0,1083,184,C,1,P2|821|2015-06-07
P2,821,Titleist Pro V1 High Numbers Personalized Gol,2015-06-14,1,0.0,1083,256,C,1,P2|821|2015-06-14
P2,821,Titleist Pro V1 High Numbers Personalized Gol,2015-06-21,6,21.0,1083,196,C,1,P2|821|2015-06-21
P2,821,Titleist Pro V1 High Numbers Personalized Gol,2015-06-28,3,15.0,1083,183,C,1,P2|821|2015-06-28
P2,821,Titleist Pro V1 High Numbers Personalized Gol,2015-07-05,5,12.0,1083,139,C,1,P2|821|2015-07-05
P2,821,Titleist Pro V1 High Numbers Personalized Gol,2015-07-12,9,7.0,1083,89,C,1,P2|821|2015-07-12
P2,821,Titleist Pro V1 High Numbers Personalized Gol,2015-07-19,4,21.0,1083,87,C,1,P2|821|2015-07-19
P2,821,Titleist Pro V1 High Numbers Personalized Gol,2015-07-26,8,17.0,1083,132,C,1,P2|821|2015-07-26
P2,821,Titleist Pro V1 High Numbers Personalized Gol,2015-08-02,7,9.0,1083,148,C,1,P2|821|2015-08-02
P2,821,Titleist Pro V1 High Numbers Personalized Gol,2015-08-09,5,2.0,1083,184,C,1,P2|821|2015-08-09
P2,821,Titleist Pro V1 High Numbers Personalized Gol,2015-08-16,12,21.0,1083,113,C,1,P2|821|2015-08-16
P2,821,Titleist Pro V1 High Numbers Personalized Gol,2015-08-23,4,9.0,1083,168,C,1,P2|821|2015-08-23
P2,821,Titleist Pro V1 High Numbers Personalized Gol,2015-08-30,7,5.0,1083,125,C,1,P2|821|2015-08-30
P2,821,Titleist Pro V1 High Numbers Personalized Gol,2015-09-06,22,0.0,1083,181,C,1,P2|821|2015-09-06
P2,821,Titleist Pro V1 High Numbers Personalized Gol,2015-09-13,10,21.0,1083,240,C,1,P2|821|2015-09-13
P2,821,Titleist Pro V1 High Numbers Personalized Gol,2015-09-20,5,11.0,1083,116,C,1,P2|821|2015-09-20
P2,821,Titleist Pro V1 High Numbers Personalized Gol,2015-09-27,10,6.0,1083,35,C,1,P2|821|2015-09-27
P2,821,Titleist Pro V1 High Numbers Personalized Gol,2015-10-04,11,0.0,1083,240,C,1,P2|821|2015-10-04
P2,821,Titleist Pro V1 High Numbers Personalized Gol,2015-10-11,4,21.0,1083,116,C,1,P2|821|2015-10-11
P2,821,Titleist Pro V1 High Numbers Personalized Gol,2015-10-18,0,17.0,1083,53,C,1,P2|821|2015-10-18
P2,821,Titleist Pro V1 High Numbers Personalized Gol,2015-10-25,5,17.0,1083,220,C,1,P2|821|2015-10-25
P2,821,Titleist Pro V1 High Numbers Personalized Gol,2015-11-01,11,12.0,1083,186,C,1,P2|821|2015-11-01
P2,821,Titleist Pro V1 High Numbers Personalized Gol,2015-11-08,7,21.0,1083,125,C,1,P2|821|2015-11-08
P2,821,Titleist Pro V1 High Numbers Personalized Gol,2015-11-15,5,14.0,1083,113,C,1,P2|821|2015-11-15
P2,821,Titleist Pro V1 High Numbers Personalized Gol,2015-11-22,6,9.0,1083,124,C,1,P2|821|2015-11-22
P2,821,Titleist Pro V1 High Numbers Personalized Gol,2015-11-29,11,3.0,1083,225,C,1,P2|821|2015-11-29
P2,821,Titleist Pro V1 High Numbers Personalized Gol,2015-12-06,10,21.0,1083,124,C,1,P2|821|2015-12-06
P2,821,Titleist Pro V1 High Numbers Personalized Gol,2015-12-13,8,11.0,1083,232,C,1,P2|821|2015-12-13
P2,821,Titleist Pro V1 High Numbers Personalized Gol,2015-12-20,6,3.0,1083,141,C,1,P2|821|2015-12-20
P2,821,Titleist Pro V1 High Numbers Personalized Gol,2015-12-27,8,0.0,1083,83,C,1,P2|821|2015-12-27
P2,821,Titleist Pro V1 High Numbers Personalized Gol,2016-01-03,5,21.0,1083,127,C,1,P2|821|2016-01-03
P2,821,Titleist Pro V1 High Numbers Personalized Gol,2016-01-10,8,16.0,1083,150,C,1,P2|821|2016-01-10
P2,821,Titleist Pro V1 High Numbers Personalized Gol,2016-01-17,9,8.0,1083,245,C,1,P2|821|2016-01-17
P2,821,Titleist Pro V1 High Numbers Personalized Gol,2016-01-24,3,0.0,1083,156,C,1,P2|821|2016-01-24
P2,821,Titleist Pro V1 High Numbers Personalized Gol,2016-01-31,6,21.0,1083,129,C,1,P2|821|2016-01-31
P2,821,Titleist Pro V1 High Numbers Personalized Gol,2016-02-07,2,15.0,1083,290,C,1,P2|821|2016-02-07
P2,821,Titleist Pro V1 High Numbers Personalized Gol,2016-02-14,5,13.0,1083,111,C,1,P2|821|2016-02-14
P2,821,Titleist Pro V1 High Numbers Personalized Gol,2016-02-21,8,8.0,1083,205,C,1,P2|821|2016-02-21
P2,821,Titleist Pro V1 High Numbers Personalized Gol,2016-02-28,6,21.0,1083,165,C,1,P2|821|2016-02-28
P2,821,Titleist Pro V1 High Numbers Personalized Gol,2016-03-06,4,15.0,1083,112,C,1,P2|821|2016-03-06
P2,821,Titleist Pro V1 High Numbers Personalized Gol,2016-03-13,10,11.0,1083,255,C,1,P2|821|2016-03-13
P2,821,Titleist Pro V1 High Numbers Personalized Gol,2016-03-20,0,1.0,1083,244,C,1,P2|821|2016-03-20
P2,821,Titleist Pro V1 High Numbers Personalized Gol,2016-03-27,5,21.0,1083,199,C,1,P2|821|2016-03-27
P2,821,Titleist Pro V1 High Numbers Personalized Gol,2016-04-03,7,16.0,1083,70,C,1,P2|821|2016-04-03
P2,821,Titleist Pro V1 High Numbers Personalized Gol,2016-04-10,1,9.0,1083,227,C,1,P2|821|2016-04-10
P2,821,Titleist Pro V1 High Numbers Personalized Gol,2016-04-17,7,8.0,1083,93,C,1,P2|821|2016-04-17
P2,821,Titleist Pro V1 High Numbers Personalized Gol,2016-04-24,15,21.0,1083,114,C,1,P2|821|2016-04-24
P2,821,Titleist Pro V1 High Numbers Personalized Gol,2016-05-01,5,6.0,1083,210,C,1,P2|821|2016-05-01
P2,821,Titleist Pro V1 High Numbers Personalized Gol,2016-05-08,18,1.0,1083,200,C,1,P2|821|2016-05-08
P2,821,Titleist Pro V1 High Numbers Personalized Gol,2016-05-15,17,0.0,1083,123,C,1,P2|821|2016-05-15
P2,821,Titleist Pro V1 High Numbers Personalized Gol,2016-05-22,14,21.0,1083,151,C,1,P2|821|2016-05-22
P2,821,Titleist Pro V1 High Numbers Personalized Gol,2016-05-29,5,7.0,1083,243,C,1,P2|821|2016-05-29
P2,821,Titleist Pro V1 High Numbers Personalized Gol,2016-06-05,11,2.0,1083,136,C,1,P2|821|2016-06-05
P2,821,Titleist Pro V1 High Numbers Personalized Gol,2016-06-12,3,0.0,1083,196,C,1,P2|821|2016-06-12
P2,821,Titleist Pro V1 High Numbers Personalized Gol,2016-06-19,11,21.0,1083,201,C,1,P2|821|2016-06-19
P2,821,Titleist Pro V1 High Numbers Personalized Gol,2016-06-26,6,10.0,1083,48,C,1,P2|821|2016-06-26
P2,821,Titleist Pro V1 High Numbers Personalized Gol,2016-07-03,2,4.0,1083,192,C,1,P2|821|2016-07-03
P2,821,Titleist Pro V1 High Numbers Personalized Gol,2016-07-10,6,2.0,1083,193,C,1,P2|821|2016-07-10
P2,821,Titleist Pro V1 High Numbers Personalized Gol,2016-07-17,14,21.0,1083,117,C,1,P2|821|2016-07-17
P2,821,Titleist Pro V1 High Numbers Personalized Gol,2016-07-24,8,7.0,1083,149,C,1,P2|821|2016-07-24
P2,821,Titleist Pro V1 High Numbers Personalized Gol,2016-07-31,6,0.0,1083,154,C,1,P2|821|2016-07-31
P2,821,Titleist Pro V1 High Numbers Personalized Gol,2016-08-07,6,0.0,1083,117,C,1,P2|821|2016-08-07
P2,821,Titleist Pro V1 High Numbers Personalized Gol,2016-08-14,8,21.0,1083,92,C,1,P2|821|2016-08-14
P2,821,Titleist Pro V1 High Numbers Personalized Gol,2016-08-21,6,13.0,1083,141,C,1,P2|821|2016-08-21
P2,821,Titleist Pro V1 High Numbers Personalized Gol,2016-08-28,16,7.0,1083,160,C,1,P2|821|2016-08-28
P2,821,Titleist Pro V1 High Numbers Personalized Gol,2016-09-04,10,0.0,1083,180,C,1,P2|821|2016-09-04
P2,821,Titleist Pro V1 High Numbers Personalized Gol,2016-09-11,1,21.0,1083,163,C,1,P2|821|2016-09-11
P2,821,Titleist Pro V1 High Numbers Personalized Gol,2016-09-18,9,20.0,1083,87,C,1,P2|821|2016-09-18
P2,821,Titleist Pro V1 High Numbers Personalized Gol,2016-09-25,7,11.0,1083,133,C,1,P2|821|2016-09-25
P2,821,Titleist Pro V1 High Numbers Personalized Gol,2016-10-02,9,4.0,1083,157,C,1,P2|821|2016-10-02
P2,821,Titleist Pro V1 High Numbers Personalized Gol,2016-10-09,10,21.0,1083,168,C,1,P2|821|2016-10-09
P2,821,Titleist Pro V1 High Numbers Personalized Gol,2016-10-16,7,11.0,1083,104,C,1,P2|821|2016-10-16
P2,821,Titleist Pro V1 High Numbers Personalized Gol,2016-10-23,7,4.0,1083,98,C,1,P2|821|2016-10-23
P2,821,Titleist Pro V1 High Numbers Personalized Gol,2016-10-30,8,0.0,1083,197,C,1,P2|821|2016-10-30
P2,821,Titleist Pro V1 High Numbers Personalized Gol,2016-11-06,2,21.0,1083,186,C,1,P2|821|2016-11-06
P2,821,Titleist Pro V1 High Numbers Personalized Gol,2016-11-13,8,19.0,1083,232,C,1,P2|821|2016-11-13
P2,821,Titleist Pro V1 High Numbers Personalized Gol,2016-11-20,12,11.0,1083,176,C,1,P2|821|2016-11-20
P2,821,Titleist Pro V1 High Numbers Personalized Gol,2016-11-27,6,0.0,1083,135,C,1,P2|821|2016-11-27
P2,821,Titleist Pro V1 High Numbers Personalized Gol,2016-12-04,2,21.0,1083,118,C,1,P2|821|2016-12-04
P2,821,Titleist Pro V1 High Numbers Personalized Gol,2016-12-11,2,19.0,1083,145,C,1,P2|821|2016-12-11
P2,821,Titleist Pro V1 High Numbers Personalized Gol,2016-12-18,0,17.0,1083,213,C,1,P2|821|2016-12-18
P2,821,Titleist Pro V1 High Numbers Personalized Gol,2016-12-25,7,17.0,1083,124,C,1,P2|821|2016-12-25
P2,821,Titleist Pro V1 High Numbers Personalized Gol,2017-01-01,7,21.0,1083,161,C,1,P2|821|2017-01-01
P2,821,Titleist Pro V1 High Numbers Personalized Gol,2017-01-08,2,14.0,1083,252,C,1,P2|821|2017-01-08
P2,821,Titleist Pro V1 High Numbers Personalized Gol,2017-01-15,6,12.0,1083,105,C,1,P2|821|2017-01-15
P2,821,Titleist Pro V1 High Numbers Personalized Gol,2017-01-22,2,6.0,1083,119,C,1,P2|821|2017-01-22
P2,821,Titleist Pro V1 High Numbers Personalized Gol,2017-01-29,7,21.0,1083,153,C,1,P2|821|2017-01-29
P2,821,Titleist Pro V1 High Numbers Personalized Gol,2017-02-05,17,14.0,1083,96,C,1,P2|821|2017-02-05
P2,821,Titleist Pro V1 High Numbers Personalized Gol,2017-02-12,9,0.0,1083,122,C,1,P2|821|2017-02-12
P2,821,Titleist Pro V1 High Numbers Personalized Gol,2017-02-19,16,0.0,1083,186,C,1,P2|821|2017-02-19
P2,821,Titleist Pro V1 High Numbers Personalized Gol,2017-02-26,5,21.0,1083,103,C,1,P2|821|2017-02-26
P2,821,Titleist Pro V1 High Numbers Personalized Gol,2017-03-05,8,16.0,1083,38,C,1,P2|821|2017-03-05
P2,821,Titleist Pro V1 High Numbers Personalized Gol,2017-03-12,7,8.0,1083,93,C,1,P2|821|2017-03-12
P2,821,Titleist Pro V1 High Numbers Personalized Gol,2017-03-19,3,1.0,1083,208,C,1,P2|821|2017-03-19
P2,821,Titleist Pro V1 High Numbers Personalized Gol,2017-03-26,6,21.0,1083,181,C,1,P2|821|2017-03-26
P2,821,Titleist Pro V1 High Numbers Personalized Gol,2017-04-02,8,15.0,1083,147,C,1,P2|821|2017-04-02
P2,821,Titleist Pro V1 High Numbers Personalized Gol,2017-04-09,2,7.0,1083,160,C,1,P2|821|2017-04-09
P2,821,Titleist Pro V1 High Numbers Personalized Gol,2017-04-16,4,5.0,1083,244,C,1,P2|821|2017-04-16
P2,821,Titleist Pro V1 High Numbers Personalized Gol,2017-04-23,4,21.0,1083,180,C,1,P2|821|2017-04-23
P2,822,Titleist Pro V1x High Numbers Golf Balls,2015-01-04,5,99.0,1083,548,C,1,P2|822|2015-01-04
P2,822,Titleist Pro V1x High Numbers Golf Balls,2015-01-11,3,94.0,1083,249,C,1,P2|822|2015-01-11
P2,822,Titleist Pro V1x High Numbers Golf Balls,2015-01-18,6,91.0,1083,64,C,1,P2|822|2015-01-18
P2,822,Titleist Pro V1x High Numbers Golf Balls,2015-01-25,9,85.0,1083,167,C,1,P2|822|2015-01-25
P2,822,Titleist Pro V1x High Numbers Golf Balls,2015-02-01,12,76.0,1083,93,C,1,P2|822|2015-02-01
P2,822,Titleist Pro V1x High Numbers Golf Balls,2015-02-08,2,64.0,1083,203,C,1,P2|822|2015-02-08
P2,822,Titleist Pro V1x High Numbers Golf Balls,2015-02-15,11,62.0,1083,178,C,1,P2|822|2015-02-15
P2,822,Titleist Pro V1x High Numbers Golf Balls,2015-02-22,10,51.0,1083,95,C,1,P2|822|2015-02-22
P2,822,Titleist Pro V1x High Numbers Golf Balls,2015-03-01,7,41.0,1083,93,C,1,P2|822|2015-03-01
P2,822,Titleist Pro V1x High Numbers Golf Balls,2015-03-08,9,34.0,1083,47,C,1,P2|822|2015-03-08
P2,822,Titleist Pro V1x High Numbers Golf Balls,2015-03-15,10,25.0,1083,224,C,1,P2|822|2015-03-15
P2,822,Titleist Pro V1x High Numbers Golf Balls,2015-03-22,15,15.0,1083,110,C,1,P2|822|2015-03-22
P2,822,Titleist Pro V1x High Numbers Golf Balls,2015-03-29,6,20.0,1083,63,C,1,P2|822|2015-03-29
P2,822,Titleist Pro V1x High Numbers Golf Balls,2015-04-05,0,14.0,1083,124,C,1,P2|822|2015-04-05
P2,822,Titleist Pro V1x High Numbers Golf Balls,2015-04-12,5,14.0,1083,64,C,1,P2|822|2015-04-12
P2,822,Titleist Pro V1x High Numbers Golf Balls,2015-04-19,9,9.0,1083,125,C,1,P2|822|2015-04-19
P2,822,Titleist Pro V1x High Numbers Golf Balls,2015-04-26,1,20.0,1083,288,C,1,P2|822|2015-04-26
P2,822,Titleist Pro V1x High Numbers Golf Balls,2015-05-03,9,19.0,1083,119,C,1,P2|822|2015-05-03
P2,822,Titleist Pro V1x High Numbers Golf Balls,2015-05-10,10,10.0,1083,143,C,1,P2|822|2015-05-10
P2,822,Titleist Pro V1x High Numbers Golf Balls,2015-05-17,0,0.0,1083,145,C,1,P2|822|2015-05-17
P2,822,Titleist Pro V1x High Numbers Golf Balls,2015-05-24,7,20.0,1083,121,C,1,P2|822|2015-05-24
P2,822,Titleist Pro V1x High Numbers Golf Balls,2015-05-31,8,13.0,1083,48,C,1,P2|822|2015-05-31
P2,822,Titleist Pro V1x High Numbers Golf Balls,2015-06-07,7,5.0,1083,184,C,1,P2|822|2015-06-07
P2,822,Titleist Pro V1x High Numbers Golf Balls,2015-06-14,6,0.0,1083,256,C,1,P2|822|2015-06-14
P2,822,Titleist Pro V1x High Numbers Golf Balls,2015-06-21,4,20.0,1083,196,C,1,P2|822|2015-06-21
P2,822,Titleist Pro V1x High Numbers Golf Balls,2015-06-28,17,16.0,1083,183,C,1,P2|822|2015-06-28
P2,822,Titleist Pro V1x High Numbers Golf Balls,2015-07-05,7,0.0,1083,139,C,1,P2|822|2015-07-05
P2,822,Titleist Pro V1x High Numbers Golf Balls,2015-07-12,6,0.0,1083,89,C,1,P2|822|2015-07-12
P2,822,Titleist Pro V1x High Numbers Golf Balls,2015-07-19,10,20.0,1083,87,C,1,P2|822|2015-07-19
P2,822,Titleist Pro V1x High Numbers Golf Balls,2015-07-26,1,10.0,1083,132,C,1,P2|822|2015-07-26
P2,822,Titleist Pro V1x High Numbers Golf Balls,2015-08-02,5,9.0,1083,148,C,1,P2|822|2015-08-02
P2,822,Titleist Pro V1x High Numbers Golf Balls,2015-08-09,0,4.0,1083,184,C,1,P2|822|2015-08-09
P2,822,Titleist Pro V1x High Numbers Golf Balls,2015-08-16,15,20.0,1083,113,C,1,P2|822|2015-08-16
P2,822,Titleist Pro V1x High Numbers Golf Balls,2015-08-23,0,5.0,1083,168,C,1,P2|822|2015-08-23
P2,822,Titleist Pro V1x High Numbers Golf Balls,2015-08-30,5,5.0,1083,125,C,1,P2|822|2015-08-30
P2,822,Titleist Pro V1x High Numbers Golf Balls,2015-09-06,2,0.0,1083,181,C,1,P2|822|2015-09-06
P2,822,Titleist Pro V1x High Numbers Golf Balls,2015-09-13,0,20.0,1083,240,C,1,P2|822|2015-09-13
P2,822,Titleist Pro V1x High Numbers Golf Balls,2015-09-20,13,20.0,1083,116,C,1,P2|822|2015-09-20
P2,822,Titleist Pro V1x High Numbers Golf Balls,2015-09-27,9,7.0,1083,35,C,1,P2|822|2015-09-27
P2,822,Titleist Pro V1x High Numbers Golf Balls,2015-10-04,0,0.0,1083,240,C,1,P2|822|2015-10-04
P2,822,Titleist Pro V1x High Numbers Golf Balls,2015-10-11,6,20.0,1083,116,C,1,P2|822|2015-10-11
P2,822,Titleist Pro V1x High Numbers Golf Balls,2015-10-18,11,14.0,1083,53,C,1,P2|822|2015-10-18
P2,822,Titleist Pro V1x High Numbers Golf Balls,2015-10-25,6,3.0,1083,220,C,1,P2|822|2015-10-25
P2,822,Titleist Pro V1x High Numbers Golf Balls,2015-11-01,4,0.0,1083,186,C,1,P2|822|2015-11-01
P2,822,Titleist Pro V1x High Numbers Golf Balls,2015-11-08,16,20.0,1083,125,C,1,P2|822|2015-11-08
P2,822,Titleist Pro V1x High Numbers Golf Balls,2015-11-15,15,4.0,1083,113,C,1,P2|822|2015-11-15
P2,822,Titleist Pro V1x High Numbers Golf Balls,2015-11-22,3,0.0,1083,124,C,1,P2|822|2015-11-22
P2,822,Titleist Pro V1x High Numbers Golf Balls,2015-11-29,8,0.0,1083,225,C,1,P2|822|2015-11-29
P2,822,Titleist Pro V1x High Numbers Golf Balls,2015-12-06,1,20.0,1083,124,C,1,P2|822|2015-12-06
P2,822,Titleist Pro V1x High Numbers Golf Balls,2015-12-13,11,19.0,1083,232,C,1,P2|822|2015-12-13
P2,822,Titleist Pro V1x High Numbers Golf Balls,2015-12-20,9,8.0,1083,141,C,1,P2|822|2015-12-20
P2,822,Titleist Pro V1x High Numbers Golf Balls,2015-12-27,9,0.0,1083,83,C,1,P2|822|2015-12-27
P2,822,Titleist Pro V1x High Numbers Golf Balls,2016-01-03,4,20.0,1083,127,C,1,P2|822|2016-01-03
P2,822,Titleist Pro V1x High Numbers Golf Balls,2016-01-10,1,16.0,1083,150,C,1,P2|822|2016-01-10
P2,822,Titleist Pro V1x High Numbers Golf Balls,2016-01-17,0,15.0,1083,245,C,1,P2|822|2016-01-17
P2,822,Titleist Pro V1x High Numbers Golf Balls,2016-01-24,0,15.0,1083,156,C,1,P2|822|2016-01-24
P2,822,Titleist Pro V1x High Numbers Golf Balls,2016-01-31,16,20.0,1083,129,C,1,P2|822|2016-01-31
P2,822,Titleist Pro V1x High Numbers Golf Balls,2016-02-07,0,4.0,1083,290,C,1,P2|822|2016-02-07
P2,822,Titleist Pro V1x High Numbers Golf Balls,2016-02-14,3,4.0,1083,111,C,1,P2|822|2016-02-14
P2,822,Titleist Pro V1x High Numbers Golf Balls,2016-02-21,12,1.0,1083,205,C,1,P2|822|2016-02-21
P2,822,Titleist Pro V1x High Numbers Golf Balls,2016-02-28,18,20.0,1083,165,C,1,P2|822|2016-02-28
P2,822,Titleist Pro V1x High Numbers Golf Balls,2016-03-06,3,2.0,1083,112,C,1,P2|822|2016-03-06
P2,822,Titleist Pro V1x High Numbers Golf Balls,2016-03-13,12,0.0,1083,255,C,1,P2|822|2016-03-13
P2,822,Titleist Pro V1x High Numbers Golf Balls,2016-03-20,3,0.0,1083,244,C,1,P2|822|2016-03-20
P2,822,Titleist Pro V1x High Numbers Golf Balls,2016-03-27,0,20.0,1083,199,C,1,P2|822|2016-03-27
P2,822,Titleist Pro V1x High Numbers Golf Balls,2016-04-03,12,20.0,1083,70,C,1,P2|822|2016-04-03
P2,822,Titleist Pro V1x High Numbers Golf Balls,2016-04-10,0,8.0,1083,227,C,1,P2|822|2016-04-10
P2,822,Titleist Pro V1x High Numbers Golf Balls,2016-04-17,0,8.0,1083,93,C,1,P2|822|2016-04-17
P2,822,Titleist Pro V1x High Numbers Golf Balls,2016-04-24,4,20.0,1083,114,C,1,P2|822|2016-04-24
P2,822,Titleist Pro V1x High Numbers Golf Balls,2016-05-01,5,16.0,1083,210,C,1,P2|822|2016-05-01
P2,822,Titleist Pro V1x High Numbers Golf Balls,2016-05-08,0,11.0,1083,200,C,1,P2|822|2016-05-08
P2,822,Titleist Pro V1x High Numbers Golf Balls,2016-05-15,4,11.0,1083,123,C,1,P2|822|2016-05-15
P2,822,Titleist Pro V1x High Numbers Golf Balls,2016-05-22,9,20.0,1083,151,C,1,P2|822|2016-05-22
P2,822,Titleist Pro V1x High Numbers Golf Balls,2016-05-29,0,11.0,1083,243,C,1,P2|822|2016-05-29
P2,822,Titleist Pro V1x High Numbers Golf Balls,2016-06-05,1,11.0,1083,136,C,1,P2|822|2016-06-05
P2,822,Titleist Pro V1x High Numbers Golf Balls,2016-06-12,5,10.0,1083,196,C,1,P2|822|2016-06-12
P2,822,Titleist Pro V1x High Numbers Golf Balls,2016-06-19,1,20.0,1083,201,C,1,P2|822|2016-06-19
P2,822,Titleist Pro V1x High Numbers Golf Balls,2016-06-26,0,19.0,1083,48,C,1,P2|822|2016-06-26
P2,822,Titleist Pro V1x High Numbers Golf Balls,2016-07-03,18,19.0,1083,192,C,1,P2|822|2016-07-03
P2,822,Titleist Pro V1x High Numbers Golf Balls,2016-07-10,3,1.0,1083,193,C,1,P2|822|2016-07-10
P2,822,Titleist Pro V1x High Numbers Golf Balls,2016-07-17,5,20.0,1083,117,C,1,P2|822|2016-07-17
P2,822,Titleist Pro V1x High Numbers Golf Balls,2016-07-24,5,15.0,1083,149,C,1,P2|822|2016-07-24
P2,822,Titleist Pro V1x High Numbers Golf Balls,2016-07-31,2,10.0,1083,154,C,1,P2|822|2016-07-31
P2,822,Titleist Pro V1x High Numbers Golf Balls,2016-08-07,8,8.0,1083,117,C,1,P2|822|2016-08-07
P2,822,Titleist Pro V1x High Numbers Golf Balls,2016-08-14,9,20.0,1083,92,C,1,P2|822|2016-08-14
P2,822,Titleist Pro V1x High Numbers Golf Balls,2016-08-21,17,11.0,1083,141,C,1,P2|822|2016-08-21
P2,822,Titleist Pro V1x High Numbers Golf Balls,2016-08-28,5,0.0,1083,160,C,1,P2|822|2016-08-28
P2,822,Titleist Pro V1x High Numbers Golf Balls,2016-09-04,7,0.0,1083,180,C,1,P2|822|2016-09-04
P2,822,Titleist Pro V1x High Numbers Golf Balls,2016-09-11,5,20.0,1083,163,C,1,P2|822|2016-09-11
P2,822,Titleist Pro V1x High Numbers Golf Balls,2016-09-18,10,15.0,1083,87,C,1,P2|822|2016-09-18
P2,822,Titleist Pro V1x High Numbers Golf Balls,2016-09-25,0,5.0,1083,133,C,1,P2|822|2016-09-25
P2,822,Titleist Pro V1x High Numbers Golf Balls,2016-10-02,12,5.0,1083,157,C,1,P2|822|2016-10-02
P2,822,Titleist Pro V1x High Numbers Golf Balls,2016-10-09,2,20.0,1083,168,C,1,P2|822|2016-10-09
P2,822,Titleist Pro V1x High Numbers Golf Balls,2016-10-16,7,18.0,1083,104,C,1,P2|822|2016-10-16
P2,822,Titleist Pro V1x High Numbers Golf Balls,2016-10-23,4,11.0,1083,98,C,1,P2|822|2016-10-23
P2,822,Titleist Pro V1x High Numbers Golf Balls,2016-10-30,19,7.0,1083,197,C,1,P2|822|2016-10-30
P2,822,Titleist Pro V1x High Numbers Golf Balls,2016-11-06,4,20.0,1083,186,C,1,P2|822|2016-11-06
P2,822,Titleist Pro V1x High Numbers Golf Balls,2016-11-13,0,16.0,1083,232,C,1,P2|822|2016-11-13
P2,822,Titleist Pro V1x High Numbers Golf Balls,2016-11-20,9,16.0,1083,176,C,1,P2|822|2016-11-20
P2,822,Titleist Pro V1x High Numbers Golf Balls,2016-11-27,13,7.0,1083,135,C,1,P2|822|2016-11-27
P2,822,Titleist Pro V1x High Numbers Golf Balls,2016-12-04,10,20.0,1083,118,C,1,P2|822|2016-12-04
P2,822,Titleist Pro V1x High Numbers Golf Balls,2016-12-11,6,10.0,1083,145,C,1,P2|822|2016-12-11
P2,822,Titleist Pro V1x High Numbers Golf Balls,2016-12-18,16,4.0,1083,213,C,1,P2|822|2016-12-18
P2,822,Titleist Pro V1x High Numbers Golf Balls,2016-12-25,5,0.0,1083,124,C,1,P2|822|2016-12-25
P2,822,Titleist Pro V1x High Numbers Golf Balls,2017-01-01,3,20.0,1083,161,C,1,P2|822|2017-01-01
P2,822,Titleist Pro V1x High Numbers Golf Balls,2017-01-08,2,17.0,1083,252,C,1,P2|822|2017-01-08
P2,822,Titleist Pro V1x High Numbers Golf Balls,2017-01-15,15,15.0,1083,105,C,1,P2|822|2017-01-15
P2,822,Titleist Pro V1x High Numbers Golf Balls,2017-01-22,2,0.0,1083,119,C,1,P2|822|2017-01-22
P2,822,Titleist Pro V1x High Numbers Golf Balls,2017-01-29,13,20.0,1083,153,C,1,P2|822|2017-01-29
P2,822,Titleist Pro V1x High Numbers Golf Balls,2017-02-05,6,7.0,1083,96,C,1,P2|822|2017-02-05
P2,822,Titleist Pro V1x High Numbers Golf Balls,2017-02-12,12,1.0,1083,122,C,1,P2|822|2017-02-12
P2,822,Titleist Pro V1x High Numbers Golf Balls,2017-02-19,7,0.0,1083,186,C,1,P2|822|2017-02-19
P2,822,Titleist Pro V1x High Numbers Golf Balls,2017-02-26,4,20.0,1083,103,C,1,P2|822|2017-02-26
P2,822,Titleist Pro V1x High Numbers Golf Balls,2017-03-05,10,16.0,1083,38,C,1,P2|822|2017-03-05
P2,822,Titleist Pro V1x High Numbers Golf Balls,2017-03-12,6,6.0,1083,93,C,1,P2|822|2017-03-12
P2,822,Titleist Pro V1x High Numbers Golf Balls,2017-03-19,12,0.0,1083,208,C,1,P2|822|2017-03-19
P2,822,Titleist Pro V1x High Numbers Golf Balls,2017-03-26,5,20.0,1083,181,C,1,P2|822|2017-03-26
P2,822,Titleist Pro V1x High Numbers Golf Balls,2017-04-02,10,15.0,1083,147,C,1,P2|822|2017-04-02
P2,822,Titleist Pro V1x High Numbers Golf Balls,2017-04-09,6,5.0,1083,160,C,1,P2|822|2017-04-09
P2,822,Titleist Pro V1x High Numbers Golf Balls,2017-04-16,3,0.0,1083,244,C,1,P2|822|2017-04-16
P2,822,Titleist Pro V1x High Numbers Golf Balls,2017-04-23,10,20.0,1083,180,C,1,P2|822|2017-04-23
P2,823,Titleist Pro V1x High Numbers Personalized Go,2015-01-04,2,96.0,1083,548,B,2,P2|823|2015-01-04
P2,823,Titleist Pro V1x High Numbers Personalized Go,2015-01-11,7,94.0,1083,249,B,2,P2|823|2015-01-11
P2,823,Titleist Pro V1x High Numbers Personalized Go,2015-01-18,17,87.0,1083,64,B,2,P2|823|2015-01-18
P2,823,Titleist Pro V1x High Numbers Personalized Go,2015-01-25,9,70.0,1083,167,B,2,P2|823|2015-01-25
P2,823,Titleist Pro V1x High Numbers Personalized Go,2015-02-01,9,61.0,1083,93,B,2,P2|823|2015-02-01
P2,823,Titleist Pro V1x High Numbers Personalized Go,2015-02-08,25,52.0,1083,203,B,2,P2|823|2015-02-08
P2,823,Titleist Pro V1x High Numbers Personalized Go,2015-02-15,4,27.0,1083,178,B,2,P2|823|2015-02-15
P2,823,Titleist Pro V1x High Numbers Personalized Go,2015-02-22,16,23.0,1083,95,B,2,P2|823|2015-02-22
P2,823,Titleist Pro V1x High Numbers Personalized Go,2015-03-01,5,32.0,1083,93,B,2,P2|823|2015-03-01
P2,823,Titleist Pro V1x High Numbers Personalized Go,2015-03-08,6,27.0,1083,47,B,2,P2|823|2015-03-08
P2,823,Titleist Pro V1x High Numbers Personalized Go,2015-03-15,11,21.0,1083,224,B,2,P2|823|2015-03-15
P2,823,Titleist Pro V1x High Numbers Personalized Go,2015-03-22,4,10.0,1083,110,B,2,P2|823|2015-03-22
P2,823,Titleist Pro V1x High Numbers Personalized Go,2015-03-29,3,32.0,1083,63,B,2,P2|823|2015-03-29
P2,823,Titleist Pro V1x High Numbers Personalized Go,2015-04-05,13,29.0,1083,124,B,2,P2|823|2015-04-05
P2,823,Titleist Pro V1x High Numbers Personalized Go,2015-04-12,0,16.0,1083,64,B,2,P2|823|2015-04-12
P2,823,Titleist Pro V1x High Numbers Personalized Go,2015-04-19,4,16.0,1083,125,B,2,P2|823|2015-04-19
P2,823,Titleist Pro V1x High Numbers Personalized Go,2015-04-26,2,32.0,1083,288,B,2,P2|823|2015-04-26
P2,823,Titleist Pro V1x High Numbers Personalized Go,2015-05-03,1,30.0,1083,119,B,2,P2|823|2015-05-03
P2,823,Titleist Pro V1x High Numbers Personalized Go,2015-05-10,17,29.0,1083,143,B,2,P2|823|2015-05-10
P2,823,Titleist Pro V1x High Numbers Personalized Go,2015-05-17,17,12.0,1083,145,B,2,P2|823|2015-05-17
P2,823,Titleist Pro V1x High Numbers Personalized Go,2015-05-24,2,32.0,1083,121,B,2,P2|823|2015-05-24
P2,823,Titleist Pro V1x High Numbers Personalized Go,2015-05-31,14,30.0,1083,48,B,2,P2|823|2015-05-31
P2,823,Titleist Pro V1x High Numbers Personalized Go,2015-06-07,5,16.0,1083,184,B,2,P2|823|2015-06-07
P2,823,Titleist Pro V1x High Numbers Personalized Go,2015-06-14,4,11.0,1083,256,B,2,P2|823|2015-06-14
P2,823,Titleist Pro V1x High Numbers Personalized Go,2015-06-21,6,32.0,1083,196,B,2,P2|823|2015-06-21
P2,823,Titleist Pro V1x High Numbers Personalized Go,2015-06-28,6,26.0,1083,183,B,2,P2|823|2015-06-28
P2,823,Titleist Pro V1x High Numbers Personalized Go,2015-07-05,11,20.0,1083,139,B,2,P2|823|2015-07-05
P2,823,Titleist Pro V1x High Numbers Personalized Go,2015-07-12,0,9.0,1083,89,B,2,P2|823|2015-07-12
P2,823,Titleist Pro V1x High Numbers Personalized Go,2015-07-19,7,32.0,1083,87,B,2,P2|823|2015-07-19
P2,823,Titleist Pro V1x High Numbers Personalized Go,2015-07-26,0,25.0,1083,132,B,2,P2|823|2015-07-26
P2,823,Titleist Pro V1x High Numbers Personalized Go,2015-08-02,8,25.0,1083,148,B,2,P2|823|2015-08-02
P2,823,Titleist Pro V1x High Numbers Personalized Go,2015-08-09,14,17.0,1083,184,B,2,P2|823|2015-08-09
P2,823,Titleist Pro V1x High Numbers Personalized Go,2015-08-16,0,32.0,1083,113,B,2,P2|823|2015-08-16
P2,823,Titleist Pro V1x High Numbers Personalized Go,2015-08-23,8,32.0,1083,168,B,2,P2|823|2015-08-23
P2,823,Titleist Pro V1x High Numbers Personalized Go,2015-08-30,4,24.0,1083,125,B,2,P2|823|2015-08-30
P2,823,Titleist Pro V1x High Numbers Personalized Go,2015-09-06,6,20.0,1083,181,B,2,P2|823|2015-09-06
P2,823,Titleist Pro V1x High Numbers Personalized Go,2015-09-13,4,32.0,1083,240,B,2,P2|823|2015-09-13
P2,823,Titleist Pro V1x High Numbers Personalized Go,2015-09-20,4,28.0,1083,116,B,2,P2|823|2015-09-20
P2,823,Titleist Pro V1x High Numbers Personalized Go,2015-09-27,18,24.0,1083,35,B,2,P2|823|2015-09-27
P2,823,Titleist Pro V1x High Numbers Personalized Go,2015-10-04,10,6.0,1083,240,B,2,P2|823|2015-10-04
P2,823,Titleist Pro V1x High Numbers Personalized Go,2015-10-11,8,32.0,1083,116,B,2,P2|823|2015-10-11
P2,823,Titleist Pro V1x High Numbers Personalized Go,2015-10-18,4,24.0,1083,53,B,2,P2|823|2015-10-18
P2,823,Titleist Pro V1x High Numbers Personalized Go,2015-10-25,0,20.0,1083,220,B,2,P2|823|2015-10-25
P2,823,Titleist Pro V1x High Numbers Personalized Go,2015-11-01,5,20.0,1083,186,B,2,P2|823|2015-11-01
P2,823,Titleist Pro V1x High Numbers Personalized Go,2015-11-08,18,32.0,1083,125,B,2,P2|823|2015-11-08
P2,823,Titleist Pro V1x High Numbers Personalized Go,2015-11-15,11,14.0,1083,113,B,2,P2|823|2015-11-15
P2,823,Titleist Pro V1x High Numbers Personalized Go,2015-11-22,13,3.0,1083,124,B,2,P2|823|2015-11-22
P2,823,Titleist Pro V1x High Numbers Personalized Go,2015-11-29,2,0.0,1083,225,B,2,P2|823|2015-11-29
P2,823,Titleist Pro V1x High Numbers Personalized Go,2015-12-06,15,32.0,1083,124,B,2,P2|823|2015-12-06
P2,823,Titleist Pro V1x High Numbers Personalized Go,2015-12-13,4,17.0,1083,232,B,2,P2|823|2015-12-13
P2,823,Titleist Pro V1x High Numbers Personalized Go,2015-12-20,1,13.0,1083,141,B,2,P2|823|2015-12-20
P2,823,Titleist Pro V1x High Numbers Personalized Go,2015-12-27,12,12.0,1083,83,B,2,P2|823|2015-12-27
P2,823,Titleist Pro V1x High Numbers Personalized Go,2016-01-03,13,32.0,1083,127,B,2,P2|823|2016-01-03
P2,823,Titleist Pro V1x High Numbers Personalized Go,2016-01-10,13,19.0,1083,150,B,2,P2|823|2016-01-10
P2,823,Titleist Pro V1x High Numbers Personalized Go,2016-01-17,7,6.0,1083,245,B,2,P2|823|2016-01-17
P2,823,Titleist Pro V1x High Numbers Personalized Go,2016-01-24,5,0.0,1083,156,B,2,P2|823|2016-01-24
P2,823,Titleist Pro V1x High Numbers Personalized Go,2016-01-31,4,32.0,1083,129,B,2,P2|823|2016-01-31
P2,823,Titleist Pro V1x High Numbers Personalized Go,2016-02-07,10,28.0,1083,290,B,2,P2|823|2016-02-07
P2,823,Titleist Pro V1x High Numbers Personalized Go,2016-02-14,2,18.0,1083,111,B,2,P2|823|2016-02-14
P2,823,Titleist Pro V1x High Numbers Personalized Go,2016-02-21,6,16.0,1083,205,B,2,P2|823|2016-02-21
P2,823,Titleist Pro V1x High Numbers Personalized Go,2016-02-28,5,32.0,1083,165,B,2,P2|823|2016-02-28
P2,823,Titleist Pro V1x High Numbers Personalized Go,2016-03-06,3,27.0,1083,112,B,2,P2|823|2016-03-06
P2,823,Titleist Pro V1x High Numbers Personalized Go,2016-03-13,0,24.0,1083,255,B,2,P2|823|2016-03-13
P2,823,Titleist Pro V1x High Numbers Personalized Go,2016-03-20,8,24.0,1083,244,B,2,P2|823|2016-03-20
P2,823,Titleist Pro V1x High Numbers Personalized Go,2016-03-27,5,32.0,1083,199,B,2,P2|823|2016-03-27
P2,823,Titleist Pro V1x High Numbers Personalized Go,2016-04-03,1,27.0,1083,70,B,2,P2|823|2016-04-03
P2,823,Titleist Pro V1x High Numbers Personalized Go,2016-04-10,1,26.0,1083,227,B,2,P2|823|2016-04-10
P2,823,Titleist Pro V1x High Numbers Personalized Go,2016-04-17,0,25.0,1083,93,B,2,P2|823|2016-04-17
P2,823,Titleist Pro V1x High Numbers Personalized Go,2016-04-24,3,32.0,1083,114,B,2,P2|823|2016-04-24
P2,823,Titleist Pro V1x High Numbers Personalized Go,2016-05-01,4,29.0,1083,210,B,2,P2|823|2016-05-01
P2,823,Titleist Pro V1x High Numbers Personalized Go,2016-05-08,6,25.0,1083,200,B,2,P2|823|2016-05-08
P2,823,Titleist Pro V1x High Numbers Personalized Go,2016-05-15,5,19.0,1083,123,B,2,P2|823|2016-05-15
P2,823,Titleist Pro V1x High Numbers Personalized Go,2016-05-22,5,32.0,1083,151,B,2,P2|823|2016-05-22
P2,823,Titleist Pro V1x High Numbers Personalized Go,2016-05-29,0,27.0,1083,243,B,2,P2|823|2016-05-29
P2,823,Titleist Pro V1x High Numbers Personalized Go,2016-06-05,2,27.0,1083,136,B,2,P2|823|2016-06-05
P2,823,Titleist Pro V1x High Numbers Personalized Go,2016-06-12,0,25.0,1083,196,B,2,P2|823|2016-06-12
P2,823,Titleist Pro V1x High Numbers Personalized Go,2016-06-19,14,32.0,1083,201,B,2,P2|823|2016-06-19
P2,823,Titleist Pro V1x High Numbers Personalized Go,2016-06-26,18,18.0,1083,48,B,2,P2|823|2016-06-26
P2,823,Titleist Pro V1x High Numbers Personalized Go,2016-07-03,5,0.0,1083,192,B,2,P2|823|2016-07-03
P2,823,Titleist Pro V1x High Numbers Personalized Go,2016-07-10,7,0.0,1083,193,B,2,P2|823|2016-07-10
P2,823,Titleist Pro V1x High Numbers Personalized Go,2016-07-17,6,32.0,1083,117,B,2,P2|823|2016-07-17
P2,823,Titleist Pro V1x High Numbers Personalized Go,2016-07-24,2,26.0,1083,149,B,2,P2|823|2016-07-24
P2,823,Titleist Pro V1x High Numbers Personalized Go,2016-07-31,15,24.0,1083,154,B,2,P2|823|2016-07-31
P2,823,Titleist Pro V1x High Numbers Personalized Go,2016-08-07,5,9.0,1083,117,B,2,P2|823|2016-08-07
P2,823,Titleist Pro V1x High Numbers Personalized Go,2016-08-14,7,32.0,1083,92,B,2,P2|823|2016-08-14
P2,823,Titleist Pro V1x High Numbers Personalized Go,2016-08-21,7,25.0,1083,141,B,2,P2|823|2016-08-21
P2,823,Titleist Pro V1x High Numbers Personalized Go,2016-08-28,28,18.0,1083,160,B,2,P2|823|2016-08-28
P2,823,Titleist Pro V1x High Numbers Personalized Go,2016-09-04,1,0.0,1083,180,B,2,P2|823|2016-09-04
P2,823,Titleist Pro V1x High Numbers Personalized Go,2016-09-11,18,32.0,1083,163,B,2,P2|823|2016-09-11
P2,823,Titleist Pro V1x High Numbers Personalized Go,2016-09-18,12,14.0,1083,87,B,2,P2|823|2016-09-18
P2,823,Titleist Pro V1x High Numbers Personalized Go,2016-09-25,9,2.0,1083,133,B,2,P2|823|2016-09-25
P2,823,Titleist Pro V1x High Numbers Personalized Go,2016-10-02,7,0.0,1083,157,B,2,P2|823|2016-10-02
P2,823,Titleist Pro V1x High Numbers Personalized Go,2016-10-09,3,32.0,1083,168,B,2,P2|823|2016-10-09
P2,823,Titleist Pro V1x High Numbers Personalized Go,2016-10-16,13,29.0,1083,104,B,2,P2|823|2016-10-16
P2,823,Titleist Pro V1x High Numbers Personalized Go,2016-10-23,10,16.0,1083,98,B,2,P2|823|2016-10-23
P2,823,Titleist Pro V1x High Numbers Personalized Go,2016-10-30,12,6.0,1083,197,B,2,P2|823|2016-10-30
P2,823,Titleist Pro V1x High Numbers Personalized Go,2016-11-06,8,32.0,1083,186,B,2,P2|823|2016-11-06
P2,823,Titleist Pro V1x High Numbers Personalized Go,2016-11-13,8,24.0,1083,232,B,2,P2|823|2016-11-13
P2,823,Titleist Pro V1x High Numbers Personalized Go,2016-11-20,15,16.0,1083,176,B,2,P2|823|2016-11-20
P2,823,Titleist Pro V1x High Numbers Personalized Go,2016-11-27,17,1.0,1083,135,B,2,P2|823|2016-11-27
P2,823,Titleist Pro V1x High Numbers Personalized Go,2016-12-04,0,32.0,1083,118,B,2,P2|823|2016-12-04
P2,823,Titleist Pro V1x High Numbers Personalized Go,2016-12-11,11,32.0,1083,145,B,2,P2|823|2016-12-11
P2,823,Titleist Pro V1x High Numbers Personalized Go,2016-12-18,11,21.0,1083,213,B,2,P2|823|2016-12-18
P2,823,Titleist Pro V1x High Numbers Personalized Go,2016-12-25,3,10.0,1083,124,B,2,P2|823|2016-12-25
P2,823,Titleist Pro V1x High Numbers Personalized Go,2017-01-01,4,32.0,1083,161,B,2,P2|823|2017-01-01
P2,823,Titleist Pro V1x High Numbers Personalized Go,2017-01-08,2,28.0,1083,252,B,2,P2|823|2017-01-08
P2,823,Titleist Pro V1x High Numbers Personalized Go,2017-01-15,22,26.0,1083,105,B,2,P2|823|2017-01-15
P2,823,Titleist Pro V1x High Numbers Personalized Go,2017-01-22,16,4.0,1083,119,B,2,P2|823|2017-01-22
P2,823,Titleist Pro V1x High Numbers Personalized Go,2017-01-29,7,32.0,1083,153,B,2,P2|823|2017-01-29
P2,823,Titleist Pro V1x High Numbers Personalized Go,2017-02-05,4,25.0,1083,96,B,2,P2|823|2017-02-05
P2,823,Titleist Pro V1x High Numbers Personalized Go,2017-02-12,3,21.0,1083,122,B,2,P2|823|2017-02-12
P2,823,Titleist Pro V1x High Numbers Personalized Go,2017-02-19,6,18.0,1083,186,B,2,P2|823|2017-02-19
P2,823,Titleist Pro V1x High Numbers Personalized Go,2017-02-26,1,32.0,1083,103,B,2,P2|823|2017-02-26
P2,823,Titleist Pro V1x High Numbers Personalized Go,2017-03-05,10,31.0,1083,38,B,2,P2|823|2017-03-05
P2,823,Titleist Pro V1x High Numbers Personalized Go,2017-03-12,13,21.0,1083,93,B,2,P2|823|2017-03-12
P2,823,Titleist Pro V1x High Numbers Personalized Go,2017-03-19,10,8.0,1083,208,B,2,P2|823|2017-03-19
P2,823,Titleist Pro V1x High Numbers Personalized Go,2017-03-26,7,32.0,1083,181,B,2,P2|823|2017-03-26
P2,823,Titleist Pro V1x High Numbers Personalized Go,2017-04-02,8,25.0,1083,147,B,2,P2|823|2017-04-02
P2,823,Titleist Pro V1x High Numbers Personalized Go,2017-04-09,6,17.0,1083,160,B,2,P2|823|2017-04-09
P2,823,Titleist Pro V1x High Numbers Personalized Go,2017-04-16,6,11.0,1083,244,B,2,P2|823|2017-04-16
P2,823,Titleist Pro V1x High Numbers Personalized Go,2017-04-23,7,32.0,1083,180,B,2,P2|823|2017-04-23
P2,825,Bridgestone e6 Straight Distance NFL Tennesse,2015-01-04,4,101.0,1083,548,C,1,P2|825|2015-01-04
P2,825,Bridgestone e6 Straight Distance NFL Tennesse,2015-01-11,1,97.0,1083,249,C,1,P2|825|2015-01-11
P2,825,Bridgestone e6 Straight Distance NFL Tennesse,2015-01-18,5,96.0,1083,64,C,1,P2|825|2015-01-18
P2,825,Bridgestone e6 Straight Distance NFL Tennesse,2015-01-25,0,91.0,1083,167,C,1,P2|825|2015-01-25
P2,825,Bridgestone e6 Straight Distance NFL Tennesse,2015-02-01,10,91.0,1083,93,C,1,P2|825|2015-02-01
P2,825,Bridgestone e6 Straight Distance NFL Tennesse,2015-02-08,7,81.0,1083,203,C,1,P2|825|2015-02-08
P2,825,Bridgestone e6 Straight Distance NFL Tennesse,2015-02-15,6,74.0,1083,178,C,1,P2|825|2015-02-15
P2,825,Bridgestone e6 Straight Distance NFL Tennesse,2015-02-22,5,68.0,1083,95,C,1,P2|825|2015-02-22
P2,825,Bridgestone e6 Straight Distance NFL Tennesse,2015-03-01,3,63.0,1083,93,C,1,P2|825|2015-03-01
P2,825,Bridgestone e6 Straight Distance NFL Tennesse,2015-03-08,9,60.0,1083,47,C,1,P2|825|2015-03-08
P2,825,Bridgestone e6 Straight Distance NFL Tennesse,2015-03-15,0,51.0,1083,224,C,1,P2|825|2015-03-15
P2,825,Bridgestone e6 Straight Distance NFL Tennesse,2015-03-22,6,51.0,1083,110,C,1,P2|825|2015-03-22
P2,825,Bridgestone e6 Straight Distance NFL Tennesse,2015-03-29,6,45.0,1083,63,C,1,P2|825|2015-03-29
P2,825,Bridgestone e6 Straight Distance NFL Tennesse,2015-04-05,0,39.0,1083,124,C,1,P2|825|2015-04-05
P2,825,Bridgestone e6 Straight Distance NFL Tennesse,2015-04-12,5,39.0,1083,64,C,1,P2|825|2015-04-12
P2,825,Bridgestone e6 Straight Distance NFL Tennesse,2015-04-19,5,34.0,1083,125,C,1,P2|825|2015-04-19
P2,825,Bridgestone e6 Straight Distance NFL Tennesse,2015-04-26,5,29.0,1083,288,C,1,P2|825|2015-04-26
P2,825,Bridgestone e6 Straight Distance NFL Tennesse,2015-05-03,13,24.0,1083,119,C,1,P2|825|2015-05-03
P2,825,Bridgestone e6 Straight Distance NFL Tennesse,2015-05-10,12,11.0,1083,143,C,1,P2|825|2015-05-10
P2,825,Bridgestone e6 Straight Distance NFL Tennesse,2015-05-17,3,0.0,1083,145,C,1,P2|825|2015-05-17
P2,825,Bridgestone e6 Straight Distance NFL Tennesse,2015-05-24,6,20.0,1083,121,C,1,P2|825|2015-05-24
P2,825,Bridgestone e6 Straight Distance NFL Tennesse,2015-05-31,3,14.0,1083,48,C,1,P2|825|2015-05-31
P2,825,Bridgestone e6 Straight Distance NFL Tennesse,2015-06-07,0,11.0,1083,184,C,1,P2|825|2015-06-07
P2,825,Bridgestone e6 Straight Distance NFL Tennesse,2015-06-14,3,11.0,1083,256,C,1,P2|825|2015-06-14
P2,825,Bridgestone e6 Straight Distance NFL Tennesse,2015-06-21,7,20.0,1083,196,C,1,P2|825|2015-06-21
P2,825,Bridgestone e6 Straight Distance NFL Tennesse,2015-06-28,2,13.0,1083,183,C,1,P2|825|2015-06-28
P2,825,Bridgestone e6 Straight Distance NFL Tennesse,2015-07-05,5,11.0,1083,139,C,1,P2|825|2015-07-05
P2,825,Bridgestone e6 Straight Distance NFL Tennesse,2015-07-12,0,6.0,1083,89,C,1,P2|825|2015-07-12
P2,825,Bridgestone e6 Straight Distance NFL Tennesse,2015-07-19,0,20.0,1083,87,C,1,P2|825|2015-07-19
P2,825,Bridgestone e6 Straight Distance NFL Tennesse,2015-07-26,17,20.0,1083,132,C,1,P2|825|2015-07-26
P2,825,Bridgestone e6 Straight Distance NFL Tennesse,2015-08-02,0,3.0,1083,148,C,1,P2|825|2015-08-02
P2,825,Bridgestone e6 Straight Distance NFL Tennesse,2015-08-09,1,3.0,1083,184,C,1,P2|825|2015-08-09
P2,825,Bridgestone e6 Straight Distance NFL Tennesse,2015-08-16,5,20.0,1083,113,C,1,P2|825|2015-08-16
P2,825,Bridgestone e6 Straight Distance NFL Tennesse,2015-08-23,2,15.0,1083,168,C,1,P2|825|2015-08-23
P2,825,Bridgestone e6 Straight Distance NFL Tennesse,2015-08-30,8,13.0,1083,125,C,1,P2|825|2015-08-30
P2,825,Bridgestone e6 Straight Distance NFL Tennesse,2015-09-06,7,5.0,1083,181,C,1,P2|825|2015-09-06
P2,825,Bridgestone e6 Straight Distance NFL Tennesse,2015-09-13,16,20.0,1083,240,C,1,P2|825|2015-09-13
P2,825,Bridgestone e6 Straight Distance NFL Tennesse,2015-09-20,5,4.0,1083,116,C,1,P2|825|2015-09-20
P2,825,Bridgestone e6 Straight Distance NFL Tennesse,2015-09-27,11,0.0,1083,35,C,1,P2|825|2015-09-27
P2,825,Bridgestone e6 Straight Distance NFL Tennesse,2015-10-04,5,0.0,1083,240,C,1,P2|825|2015-10-04
P2,825,Bridgestone e6 Straight Distance NFL Tennesse,2015-10-11,13,20.0,1083,116,C,1,P2|825|2015-10-11
P2,825,Bridgestone e6 Straight Distance NFL Tennesse,2015-10-18,12,7.0,1083,53,C,1,P2|825|2015-10-18
P2,825,Bridgestone e6 Straight Distance NFL Tennesse,2015-10-25,5,0.0,1083,220,C,1,P2|825|2015-10-25
P2,825,Bridgestone e6 Straight Distance NFL Tennesse,2015-11-01,16,0.0,1083,186,C,1,P2|825|2015-11-01
P2,825,Bridgestone e6 Straight Distance NFL Tennesse,2015-11-08,4,20.0,1083,125,C,1,P2|825|2015-11-08
P2,825,Bridgestone e6 Straight Distance NFL Tennesse,2015-11-15,8,16.0,1083,113,C,1,P2|825|2015-11-15
P2,825,Bridgestone e6 Straight Distance NFL Tennesse,2015-11-22,13,8.0,1083,124,C,1,P2|825|2015-11-22
P2,825,Bridgestone e6 Straight Distance NFL Tennesse,2015-11-29,3,0.0,1083,225,C,1,P2|825|2015-11-29
P2,825,Bridgestone e6 Straight Distance NFL Tennesse,2015-12-06,19,20.0,1083,124,C,1,P2|825|2015-12-06
P2,825,Bridgestone e6 Straight Distance NFL Tennesse,2015-12-13,11,1.0,1083,232,C,1,P2|825|2015-12-13
P2,825,Bridgestone e6 Straight Distance NFL Tennesse,2015-12-20,2,0.0,1083,141,C,1,P2|825|2015-12-20
P2,825,Bridgestone e6 Straight Distance NFL Tennesse,2015-12-27,4,0.0,1083,83,C,1,P2|825|2015-12-27
P2,825,Bridgestone e6 Straight Distance NFL Tennesse,2016-01-03,13,20.0,1083,127,C,1,P2|825|2016-01-03
P2,825,Bridgestone e6 Straight Distance NFL Tennesse,2016-01-10,4,7.0,1083,150,C,1,P2|825|2016-01-10
P2,825,Bridgestone e6 Straight Distance NFL Tennesse,2016-01-17,13,3.0,1083,245,C,1,P2|825|2016-01-17
P2,825,Bridgestone e6 Straight Distance NFL Tennesse,2016-01-24,4,0.0,1083,156,C,1,P2|825|2016-01-24
P2,825,Bridgestone e6 Straight Distance NFL Tennesse,2016-01-31,5,20.0,1083,129,C,1,P2|825|2016-01-31
P2,825,Bridgestone e6 Straight Distance NFL Tennesse,2016-02-07,17,15.0,1083,290,C,1,P2|825|2016-02-07
P2,825,Bridgestone e6 Straight Distance NFL Tennesse,2016-02-14,10,0.0,1083,111,C,1,P2|825|2016-02-14
P2,825,Bridgestone e6 Straight Distance NFL Tennesse,2016-02-21,13,0.0,1083,205,C,1,P2|825|2016-02-21
P2,825,Bridgestone e6 Straight Distance NFL Tennesse,2016-02-28,4,20.0,1083,165,C,1,P2|825|2016-02-28
P2,825,Bridgestone e6 Straight Distance NFL Tennesse,2016-03-06,4,16.0,1083,112,C,1,P2|825|2016-03-06
P2,825,Bridgestone e6 Straight Distance NFL Tennesse,2016-03-13,6,12.0,1083,255,C,1,P2|825|2016-03-13
P2,825,Bridgestone e6 Straight Distance NFL Tennesse,2016-03-20,3,6.0,1083,244,C,1,P2|825|2016-03-20
P2,825,Bridgestone e6 Straight Distance NFL Tennesse,2016-03-27,0,20.0,1083,199,C,1,P2|825|2016-03-27
P2,825,Bridgestone e6 Straight Distance NFL Tennesse,2016-04-03,7,20.0,1083,70,C,1,P2|825|2016-04-03
P2,825,Bridgestone e6 Straight Distance NFL Tennesse,2016-04-10,4,13.0,1083,227,C,1,P2|825|2016-04-10
P2,825,Bridgestone e6 Straight Distance NFL Tennesse,2016-04-17,3,9.0,1083,93,C,1,P2|825|2016-04-17
P2,825,Bridgestone e6 Straight Distance NFL Tennesse,2016-04-24,5,20.0,1083,114,C,1,P2|825|2016-04-24
P2,825,Bridgestone e6 Straight Distance NFL Tennesse,2016-05-01,3,15.0,1083,210,C,1,P2|825|2016-05-01
P2,825,Bridgestone e6 Straight Distance NFL Tennesse,2016-05-08,0,12.0,1083,200,C,1,P2|825|2016-05-08
P2,825,Bridgestone e6 Straight Distance NFL Tennesse,2016-05-15,4,12.0,1083,123,C,1,P2|825|2016-05-15
P2,825,Bridgestone e6 Straight Distance NFL Tennesse,2016-05-22,13,20.0,1083,151,C,1,P2|825|2016-05-22
P2,825,Bridgestone e6 Straight Distance NFL Tennesse,2016-05-29,0,7.0,1083,243,C,1,P2|825|2016-05-29
P2,825,Bridgestone e6 Straight Distance NFL Tennesse,2016-06-05,2,7.0,1083,136,C,1,P2|825|2016-06-05
P2,825,Bridgestone e6 Straight Distance NFL Tennesse,2016-06-12,18,5.0,1083,196,C,1,P2|825|2016-06-12
P2,825,Bridgestone e6 Straight Distance NFL Tennesse,2016-06-19,12,20.0,1083,201,C,1,P2|825|2016-06-19
P2,825,Bridgestone e6 Straight Distance NFL Tennesse,2016-06-26,12,8.0,1083,48,C,1,P2|825|2016-06-26
P2,825,Bridgestone e6 Straight Distance NFL Tennesse,2016-07-03,11,0.0,1083,192,C,1,P2|825|2016-07-03
P2,825,Bridgestone e6 Straight Distance NFL Tennesse,2016-07-10,5,0.0,1083,193,C,1,P2|825|2016-07-10
P2,825,Bridgestone e6 Straight Distance NFL Tennesse,2016-07-17,10,20.0,1083,117,C,1,P2|825|2016-07-17
P2,825,Bridgestone e6 Straight Distance NFL Tennesse,2016-07-24,1,10.0,1083,149,C,1,P2|825|2016-07-24
P2,825,Bridgestone e6 Straight Distance NFL Tennesse,2016-07-31,1,9.0,1083,154,C,1,P2|825|2016-07-31
P2,825,Bridgestone e6 Straight Distance NFL Tennesse,2016-08-07,3,8.0,1083,117,C,1,P2|825|2016-08-07
P2,825,Bridgestone e6 Straight Distance NFL Tennesse,2016-08-14,5,20.0,1083,92,C,1,P2|825|2016-08-14
P2,825,Bridgestone e6 Straight Distance NFL Tennesse,2016-08-21,19,15.0,1083,141,C,1,P2|825|2016-08-21
P2,825,Bridgestone e6 Straight Distance NFL Tennesse,2016-08-28,8,0.0,1083,160,C,1,P2|825|2016-08-28
P2,825,Bridgestone e6 Straight Distance NFL Tennesse,2016-09-04,0,0.0,1083,180,C,1,P2|825|2016-09-04
P2,825,Bridgestone e6 Straight Distance NFL Tennesse,2016-09-11,13,20.0,1083,163,C,1,P2|825|2016-09-11
P2,825,Bridgestone e6 Straight Distance NFL Tennesse,2016-09-18,5,7.0,1083,87,C,1,P2|825|2016-09-18
P2,825,Bridgestone e6 Straight Distance NFL Tennesse,2016-09-25,7,2.0,1083,133,C,1,P2|825|2016-09-25
P2,825,Bridgestone e6 Straight Distance NFL Tennesse,2016-10-02,6,0.0,1083,157,C,1,P2|825|2016-10-02
P2,825,Bridgestone e6 Straight Distance NFL Tennesse,2016-10-09,3,20.0,1083,168,C,1,P2|825|2016-10-09
P2,825,Bridgestone e6 Straight Distance NFL Tennesse,2016-10-16,6,17.0,1083,104,C,1,P2|825|2016-10-16
P2,825,Bridgestone e6 Straight Distance NFL Tennesse,2016-10-23,14,11.0,1083,98,C,1,P2|825|2016-10-23
P2,825,Bridgestone e6 Straight Distance NFL Tennesse,2016-10-30,3,0.0,1083,197,C,1,P2|825|2016-10-30
P2,825,Bridgestone e6 Straight Distance NFL Tennesse,2016-11-06,14,20.0,1083,186,C,1,P2|825|2016-11-06
P2,825,Bridgestone e6 Straight Distance NFL Tennesse,2016-11-13,4,6.0,1083,232,C,1,P2|825|2016-11-13
P2,825,Bridgestone e6 Straight Distance NFL Tennesse,2016-11-20,12,2.0,1083,176,C,1,P2|825|2016-11-20
P2,825,Bridgestone e6 Straight Distance NFL Tennesse,2016-11-27,5,0.0,1083,135,C,1,P2|825|2016-11-27
P2,825,Bridgestone e6 Straight Distance NFL Tennesse,2016-12-04,6,20.0,1083,118,C,1,P2|825|2016-12-04
P2,825,Bridgestone e6 Straight Distance NFL Tennesse,2016-12-11,17,14.0,1083,145,C,1,P2|825|2016-12-11
P2,825,Bridgestone e6 Straight Distance NFL Tennesse,2016-12-18,2,0.0,1083,213,C,1,P2|825|2016-12-18
P2,825,Bridgestone e6 Straight Distance NFL Tennesse,2016-12-25,0,0.0,1083,124,C,1,P2|825|2016-12-25
P2,825,Bridgestone e6 Straight Distance NFL Tennesse,2017-01-01,16,20.0,1083,161,C,1,P2|825|2017-01-01
P2,825,Bridgestone e6 Straight Distance NFL Tennesse,2017-01-08,12,4.0,1083,252,C,1,P2|825|2017-01-08
P2,825,Bridgestone e6 Straight Distance NFL Tennesse,2017-01-15,9,0.0,1083,105,C,1,P2|825|2017-01-15
P2,825,Bridgestone e6 Straight Distance NFL Tennesse,2017-01-22,5,0.0,1083,119,C,1,P2|825|2017-01-22
P2,825,Bridgestone e6 Straight Distance NFL Tennesse,2017-01-29,0,20.0,1083,153,C,1,P2|825|2017-01-29
P2,825,Bridgestone e6 Straight Distance NFL Tennesse,2017-02-05,26,20.0,1083,96,C,1,P2|825|2017-02-05
P2,825,Bridgestone e6 Straight Distance NFL Tennesse,2017-02-12,4,0.0,1083,122,C,1,P2|825|2017-02-12
P2,825,Bridgestone e6 Straight Distance NFL Tennesse,2017-02-19,9,0.0,1083,186,C,1,P2|825|2017-02-19
P2,825,Bridgestone e6 Straight Distance NFL Tennesse,2017-02-26,0,20.0,1083,103,C,1,P2|825|2017-02-26
P2,825,Bridgestone e6 Straight Distance NFL Tennesse,2017-03-05,14,20.0,1083,38,C,1,P2|825|2017-03-05
P2,825,Bridgestone e6 Straight Distance NFL Tennesse,2017-03-12,9,6.0,1083,93,C,1,P2|825|2017-03-12
P2,825,Bridgestone e6 Straight Distance NFL Tennesse,2017-03-19,4,0.0,1083,208,C,1,P2|825|2017-03-19
P2,825,Bridgestone e6 Straight Distance NFL Tennesse,2017-03-26,5,20.0,1083,181,C,1,P2|825|2017-03-26
P2,825,Bridgestone e6 Straight Distance NFL Tennesse,2017-04-02,7,15.0,1083,147,C,1,P2|825|2017-04-02
P2,825,Bridgestone e6 Straight Distance NFL Tennesse,2017-04-09,8,8.0,1083,160,C,1,P2|825|2017-04-09
P2,828,Bridgestone e6 Straight Distance NFL San Dieg,2015-01-04,7,112.0,1083,548,C,1,P2|828|2015-01-04
P2,828,Bridgestone e6 Straight Distance NFL San Dieg,2015-01-11,9,105.0,1083,249,C,1,P2|828|2015-01-11
P2,828,Bridgestone e6 Straight Distance NFL San Dieg,2015-01-18,2,96.0,1083,64,C,1,P2|828|2015-01-18
P2,828,Bridgestone e6 Straight Distance NFL San Dieg,2015-01-25,6,94.0,1083,167,C,1,P2|828|2015-01-25
P2,828,Bridgestone e6 Straight Distance NFL San Dieg,2015-02-01,8,88.0,1083,93,C,1,P2|828|2015-02-01
P2,828,Bridgestone e6 Straight Distance NFL San Dieg,2015-02-08,2,80.0,1083,203,C,1,P2|828|2015-02-08
P2,828,Bridgestone e6 Straight Distance NFL San Dieg,2015-02-15,0,78.0,1083,178,C,1,P2|828|2015-02-15
P2,828,Bridgestone e6 Straight Distance NFL San Dieg,2015-02-22,11,78.0,1083,95,C,1,P2|828|2015-02-22
P2,828,Bridgestone e6 Straight Distance NFL San Dieg,2015-03-01,11,67.0,1083,93,C,1,P2|828|2015-03-01
P2,828,Bridgestone e6 Straight Distance NFL San Dieg,2015-03-08,18,56.0,1083,47,C,1,P2|828|2015-03-08
P2,828,Bridgestone e6 Straight Distance NFL San Dieg,2015-03-15,0,38.0,1083,224,C,1,P2|828|2015-03-15
P2,828,Bridgestone e6 Straight Distance NFL San Dieg,2015-03-22,10,38.0,1083,110,C,1,P2|828|2015-03-22
P2,828,Bridgestone e6 Straight Distance NFL San Dieg,2015-03-29,7,28.0,1083,63,C,1,P2|828|2015-03-29
P2,828,Bridgestone e6 Straight Distance NFL San Dieg,2015-04-05,4,21.0,1083,124,C,1,P2|828|2015-04-05
P2,828,Bridgestone e6 Straight Distance NFL San Dieg,2015-04-12,0,17.0,1083,64,C,1,P2|828|2015-04-12
P2,828,Bridgestone e6 Straight Distance NFL San Dieg,2015-04-19,8,17.0,1083,125,C,1,P2|828|2015-04-19
P2,828,Bridgestone e6 Straight Distance NFL San Dieg,2015-04-26,12,22.0,1083,288,C,1,P2|828|2015-04-26
P2,828,Bridgestone e6 Straight Distance NFL San Dieg,2015-05-03,10,10.0,1083,119,C,1,P2|828|2015-05-03
P2,828,Bridgestone e6 Straight Distance NFL San Dieg,2015-05-10,3,0.0,1083,143,C,1,P2|828|2015-05-10
P2,828,Bridgestone e6 Straight Distance NFL San Dieg,2015-05-17,1,0.0,1083,145,C,1,P2|828|2015-05-17
P2,828,Bridgestone e6 Straight Distance NFL San Dieg,2015-05-24,8,22.0,1083,121,C,1,P2|828|2015-05-24
P2,828,Bridgestone e6 Straight Distance NFL San Dieg,2015-05-31,4,14.0,1083,48,C,1,P2|828|2015-05-31
P2,828,Bridgestone e6 Straight Distance NFL San Dieg,2015-06-07,8,10.0,1083,184,C,1,P2|828|2015-06-07
P2,828,Bridgestone e6 Straight Distance NFL San Dieg,2015-06-14,0,2.0,1083,256,C,1,P2|828|2015-06-14
P2,828,Bridgestone e6 Straight Distance NFL San Dieg,2015-06-21,9,22.0,1083,196,C,1,P2|828|2015-06-21
P2,828,Bridgestone e6 Straight Distance NFL San Dieg,2015-06-28,10,13.0,1083,183,C,1,P2|828|2015-06-28
P2,828,Bridgestone e6 Straight Distance NFL San Dieg,2015-07-05,0,3.0,1083,139,C,1,P2|828|2015-07-05
P2,828,Bridgestone e6 Straight Distance NFL San Dieg,2015-07-12,10,3.0,1083,89,C,1,P2|828|2015-07-12
P2,828,Bridgestone e6 Straight Distance NFL San Dieg,2015-07-19,11,22.0,1083,87,C,1,P2|828|2015-07-19
P2,828,Bridgestone e6 Straight Distance NFL San Dieg,2015-07-26,5,11.0,1083,132,C,1,P2|828|2015-07-26
P2,828,Bridgestone e6 Straight Distance NFL San Dieg,2015-08-02,8,6.0,1083,148,C,1,P2|828|2015-08-02
P2,828,Bridgestone e6 Straight Distance NFL San Dieg,2015-08-09,22,0.0,1083,184,C,1,P2|828|2015-08-09
P2,828,Bridgestone e6 Straight Distance NFL San Dieg,2015-08-16,7,22.0,1083,113,C,1,P2|828|2015-08-16
P2,828,Bridgestone e6 Straight Distance NFL San Dieg,2015-08-23,6,15.0,1083,168,C,1,P2|828|2015-08-23
P2,828,Bridgestone e6 Straight Distance NFL San Dieg,2015-08-30,4,9.0,1083,125,C,1,P2|828|2015-08-30
P2,828,Bridgestone e6 Straight Distance NFL San Dieg,2015-09-06,4,5.0,1083,181,C,1,P2|828|2015-09-06
P2,828,Bridgestone e6 Straight Distance NFL San Dieg,2015-09-13,5,22.0,1083,240,C,1,P2|828|2015-09-13
P2,828,Bridgestone e6 Straight Distance NFL San Dieg,2015-09-20,14,17.0,1083,116,C,1,P2|828|2015-09-20
P2,828,Bridgestone e6 Straight Distance NFL San Dieg,2015-09-27,6,3.0,1083,35,C,1,P2|828|2015-09-27
P2,828,Bridgestone e6 Straight Distance NFL San Dieg,2015-10-04,6,0.0,1083,240,C,1,P2|828|2015-10-04
P2,828,Bridgestone e6 Straight Distance NFL San Dieg,2015-10-11,2,22.0,1083,116,C,1,P2|828|2015-10-11
P2,828,Bridgestone e6 Straight Distance NFL San Dieg,2015-10-18,0,20.0,1083,53,C,1,P2|828|2015-10-18
P2,828,Bridgestone e6 Straight Distance NFL San Dieg,2015-10-25,13,20.0,1083,220,C,1,P2|828|2015-10-25
P2,828,Bridgestone e6 Straight Distance NFL San Dieg,2015-11-01,11,7.0,1083,186,C,1,P2|828|2015-11-01
P2,828,Bridgestone e6 Straight Distance NFL San Dieg,2015-11-08,14,22.0,1083,125,C,1,P2|828|2015-11-08
P2,828,Bridgestone e6 Straight Distance NFL San Dieg,2015-11-15,0,8.0,1083,113,C,1,P2|828|2015-11-15
P2,828,Bridgestone e6 Straight Distance NFL San Dieg,2015-11-22,11,8.0,1083,124,C,1,P2|828|2015-11-22
P2,828,Bridgestone e6 Straight Distance NFL San Dieg,2015-11-29,7,0.0,1083,225,C,1,P2|828|2015-11-29
P2,828,Bridgestone e6 Straight Distance NFL San Dieg,2015-12-06,8,22.0,1083,124,C,1,P2|828|2015-12-06
P2,828,Bridgestone e6 Straight Distance NFL San Dieg,2015-12-13,0,14.0,1083,232,C,1,P2|828|2015-12-13
P2,828,Bridgestone e6 Straight Distance NFL San Dieg,2015-12-20,15,14.0,1083,141,C,1,P2|828|2015-12-20
P2,828,Bridgestone e6 Straight Distance NFL San Dieg,2015-12-27,2,0.0,1083,83,C,1,P2|828|2015-12-27
P2,828,Bridgestone e6 Straight Distance NFL San Dieg,2016-01-03,8,22.0,1083,127,C,1,P2|828|2016-01-03
P2,828,Bridgestone e6 Straight Distance NFL San Dieg,2016-01-10,9,14.0,1083,150,C,1,P2|828|2016-01-10
P2,828,Bridgestone e6 Straight Distance NFL San Dieg,2016-01-17,6,5.0,1083,245,C,1,P2|828|2016-01-17
P2,828,Bridgestone e6 Straight Distance NFL San Dieg,2016-01-24,23,0.0,1083,156,C,1,P2|828|2016-01-24
P2,828,Bridgestone e6 Straight Distance NFL San Dieg,2016-01-31,16,22.0,1083,129,C,1,P2|828|2016-01-31
P2,828,Bridgestone e6 Straight Distance NFL San Dieg,2016-02-07,3,6.0,1083,290,C,1,P2|828|2016-02-07
P2,828,Bridgestone e6 Straight Distance NFL San Dieg,2016-02-14,4,3.0,1083,111,C,1,P2|828|2016-02-14
P2,828,Bridgestone e6 Straight Distance NFL San Dieg,2016-02-21,16,0.0,1083,205,C,1,P2|828|2016-02-21
P2,828,Bridgestone e6 Straight Distance NFL San Dieg,2016-02-28,6,22.0,1083,165,C,1,P2|828|2016-02-28
P2,828,Bridgestone e6 Straight Distance NFL San Dieg,2016-03-06,11,16.0,1083,112,C,1,P2|828|2016-03-06
P2,828,Bridgestone e6 Straight Distance NFL San Dieg,2016-03-13,14,5.0,1083,255,C,1,P2|828|2016-03-13
P2,828,Bridgestone e6 Straight Distance NFL San Dieg,2016-03-20,6,0.0,1083,244,C,1,P2|828|2016-03-20
P2,828,Bridgestone e6 Straight Distance NFL San Dieg,2016-03-27,4,22.0,1083,199,C,1,P2|828|2016-03-27
P2,828,Bridgestone e6 Straight Distance NFL San Dieg,2016-04-03,11,18.0,1083,70,C,1,P2|828|2016-04-03
P2,828,Bridgestone e6 Straight Distance NFL San Dieg,2016-04-10,2,7.0,1083,227,C,1,P2|828|2016-04-10
P2,828,Bridgestone e6 Straight Distance NFL San Dieg,2016-04-17,7,5.0,1083,93,C,1,P2|828|2016-04-17
P2,828,Bridgestone e6 Straight Distance NFL San Dieg,2016-04-24,8,22.0,1083,114,C,1,P2|828|2016-04-24
P2,828,Bridgestone e6 Straight Distance NFL San Dieg,2016-05-01,8,14.0,1083,210,C,1,P2|828|2016-05-01
P2,828,Bridgestone e6 Straight Distance NFL San Dieg,2016-05-08,15,6.0,1083,200,C,1,P2|828|2016-05-08
P2,828,Bridgestone e6 Straight Distance NFL San Dieg,2016-05-15,3,0.0,1083,123,C,1,P2|828|2016-05-15
P2,828,Bridgestone e6 Straight Distance NFL San Dieg,2016-05-22,21,22.0,1083,151,C,1,P2|828|2016-05-22
P2,828,Bridgestone e6 Straight Distance NFL San Dieg,2016-05-29,0,1.0,1083,243,C,1,P2|828|2016-05-29
P2,828,Bridgestone e6 Straight Distance NFL San Dieg,2016-06-05,10,1.0,1083,136,C,1,P2|828|2016-06-05
P2,828,Bridgestone e6 Straight Distance NFL San Dieg,2016-06-12,9,0.0,1083,196,C,1,P2|828|2016-06-12
P2,828,Bridgestone e6 Straight Distance NFL San Dieg,2016-06-19,12,22.0,1083,201,C,1,P2|828|2016-06-19
P2,828,Bridgestone e6 Straight Distance NFL San Dieg,2016-06-26,14,10.0,1083,48,C,1,P2|828|2016-06-26
P2,828,Bridgestone e6 Straight Distance NFL San Dieg,2016-07-03,5,0.0,1083,192,C,1,P2|828|2016-07-03
P2,828,Bridgestone e6 Straight Distance NFL San Dieg,2016-07-10,10,0.0,1083,193,C,1,P2|828|2016-07-10
P2,828,Bridgestone e6 Straight Distance NFL San Dieg,2016-07-17,0,22.0,1083,117,C,1,P2|828|2016-07-17
P2,828,Bridgestone e6 Straight Distance NFL San Dieg,2016-07-24,13,22.0,1083,149,C,1,P2|828|2016-07-24
P2,828,Bridgestone e6 Straight Distance NFL San Dieg,2016-07-31,1,9.0,1083,154,C,1,P2|828|2016-07-31
P2,828,Bridgestone e6 Straight Distance NFL San Dieg,2016-08-07,11,8.0,1083,117,C,1,P2|828|2016-08-07
P2,828,Bridgestone e6 Straight Distance NFL San Dieg,2016-08-14,0,22.0,1083,92,C,1,P2|828|2016-08-14
P2,828,Bridgestone e6 Straight Distance NFL San Dieg,2016-08-21,14,22.0,1083,141,C,1,P2|828|2016-08-21
P2,828,Bridgestone e6 Straight Distance NFL San Dieg,2016-08-28,7,8.0,1083,160,C,1,P2|828|2016-08-28
P2,828,Bridgestone e6 Straight Distance NFL San Dieg,2016-09-04,8,1.0,1083,180,C,1,P2|828|2016-09-04
P2,828,Bridgestone e6 Straight Distance NFL San Dieg,2016-09-11,4,22.0,1083,163,C,1,P2|828|2016-09-11
P2,828,Bridgestone e6 Straight Distance NFL San Dieg,2016-09-18,4,18.0,1083,87,C,1,P2|828|2016-09-18
P2,828,Bridgestone e6 Straight Distance NFL San Dieg,2016-09-25,0,14.0,1083,133,C,1,P2|828|2016-09-25
P2,828,Bridgestone e6 Straight Distance NFL San Dieg,2016-10-02,6,14.0,1083,157,C,1,P2|828|2016-10-02
P2,828,Bridgestone e6 Straight Distance NFL San Dieg,2016-10-09,9,22.0,1083,168,C,1,P2|828|2016-10-09
P2,828,Bridgestone e6 Straight Distance NFL San Dieg,2016-10-16,17,13.0,1083,104,C,1,P2|828|2016-10-16
P2,828,Bridgestone e6 Straight Distance NFL San Dieg,2016-10-23,9,0.0,1083,98,C,1,P2|828|2016-10-23
P2,828,Bridgestone e6 Straight Distance NFL San Dieg,2016-10-30,8,0.0,1083,197,C,1,P2|828|2016-10-30
P2,828,Bridgestone e6 Straight Distance NFL San Dieg,2016-11-06,8,22.0,1083,186,C,1,P2|828|2016-11-06
P2,828,Bridgestone e6 Straight Distance NFL San Dieg,2016-11-13,0,14.0,1083,232,C,1,P2|828|2016-11-13
P2,828,Bridgestone e6 Straight Distance NFL San Dieg,2016-11-20,10,14.0,1083,176,C,1,P2|828|2016-11-20
P2,828,Bridgestone e6 Straight Distance NFL San Dieg,2016-11-27,2,4.0,1083,135,C,1,P2|828|2016-11-27
P2,828,Bridgestone e6 Straight Distance NFL San Dieg,2016-12-04,4,22.0,1083,118,C,1,P2|828|2016-12-04
P2,828,Bridgestone e6 Straight Distance NFL San Dieg,2016-12-11,6,18.0,1083,145,C,1,P2|828|2016-12-11
P2,828,Bridgestone e6 Straight Distance NFL San Dieg,2016-12-18,4,12.0,1083,213,C,1,P2|828|2016-12-18
P2,828,Bridgestone e6 Straight Distance NFL San Dieg,2016-12-25,4,8.0,1083,124,C,1,P2|828|2016-12-25
P2,828,Bridgestone e6 Straight Distance NFL San Dieg,2017-01-01,19,22.0,1083,161,C,1,P2|828|2017-01-01
P2,828,Bridgestone e6 Straight Distance NFL San Dieg,2017-01-08,9,3.0,1083,252,C,1,P2|828|2017-01-08
P2,828,Bridgestone e6 Straight Distance NFL San Dieg,2017-01-15,2,0.0,1083,105,C,1,P2|828|2017-01-15
P2,828,Bridgestone e6 Straight Distance NFL San Dieg,2017-01-22,8,0.0,1083,119,C,1,P2|828|2017-01-22
P2,828,Bridgestone e6 Straight Distance NFL San Dieg,2017-01-29,9,22.0,1083,153,C,1,P2|828|2017-01-29
P2,828,Bridgestone e6 Straight Distance NFL San Dieg,2017-02-05,0,13.0,1083,96,C,1,P2|828|2017-02-05
P2,828,Bridgestone e6 Straight Distance NFL San Dieg,2017-02-12,9,13.0,1083,122,C,1,P2|828|2017-02-12
P2,828,Bridgestone e6 Straight Distance NFL San Dieg,2017-02-19,12,4.0,1083,186,C,1,P2|828|2017-02-19
P2,828,Bridgestone e6 Straight Distance NFL San Dieg,2017-02-26,3,22.0,1083,103,C,1,P2|828|2017-02-26
P2,828,Bridgestone e6 Straight Distance NFL San Dieg,2017-03-05,7,19.0,1083,38,C,1,P2|828|2017-03-05
P2,828,Bridgestone e6 Straight Distance NFL San Dieg,2017-03-12,6,12.0,1083,93,C,1,P2|828|2017-03-12
P2,828,Bridgestone e6 Straight Distance NFL San Dieg,2017-03-19,8,6.0,1083,208,C,1,P2|828|2017-03-19
P2,828,Bridgestone e6 Straight Distance NFL San Dieg,2017-03-26,10,22.0,1083,181,C,1,P2|828|2017-03-26
P2,828,Bridgestone e6 Straight Distance NFL San Dieg,2017-04-02,12,12.0,1083,147,C,1,P2|828|2017-04-02
P2,828,Bridgestone e6 Straight Distance NFL San Dieg,2017-04-09,18,0.0,1083,160,C,1,P2|828|2017-04-09
P2,828,Bridgestone e6 Straight Distance NFL San Dieg,2017-04-16,1,0.0,1083,244,C,1,P2|828|2017-04-16
P2,828,Bridgestone e6 Straight Distance NFL San Dieg,2017-04-23,4,22.0,1083,180,C,1,P2|828|2017-04-23
P2,835,Bridgestone e6 Straight Distance NFL Carolina,2015-01-04,10,99.0,1083,548,B,2,P2|835|2015-01-04
P2,835,Bridgestone e6 Straight Distance NFL Carolina,2015-01-11,13,89.0,1083,249,B,2,P2|835|2015-01-11
P2,835,Bridgestone e6 Straight Distance NFL Carolina,2015-01-18,10,76.0,1083,64,B,2,P2|835|2015-01-18
P2,835,Bridgestone e6 Straight Distance NFL Carolina,2015-01-25,18,66.0,1083,167,B,2,P2|835|2015-01-25
P2,835,Bridgestone e6 Straight Distance NFL Carolina,2015-02-01,5,48.0,1083,93,B,2,P2|835|2015-02-01
P2,835,Bridgestone e6 Straight Distance NFL Carolina,2015-02-08,10,43.0,1083,203,B,2,P2|835|2015-02-08
P2,835,Bridgestone e6 Straight Distance NFL Carolina,2015-02-15,6,33.0,1083,178,B,2,P2|835|2015-02-15
P2,835,Bridgestone e6 Straight Distance NFL Carolina,2015-02-22,4,27.0,1083,95,B,2,P2|835|2015-02-22
P2,835,Bridgestone e6 Straight Distance NFL Carolina,2015-03-01,15,33.0,1083,93,B,2,P2|835|2015-03-01
P2,835,Bridgestone e6 Straight Distance NFL Carolina,2015-03-08,2,18.0,1083,47,B,2,P2|835|2015-03-08
P2,835,Bridgestone e6 Straight Distance NFL Carolina,2015-03-15,5,16.0,1083,224,B,2,P2|835|2015-03-15
P2,835,Bridgestone e6 Straight Distance NFL Carolina,2015-03-22,9,11.0,1083,110,B,2,P2|835|2015-03-22
P2,835,Bridgestone e6 Straight Distance NFL Carolina,2015-03-29,0,33.0,1083,63,B,2,P2|835|2015-03-29
P2,835,Bridgestone e6 Straight Distance NFL Carolina,2015-04-05,6,33.0,1083,124,B,2,P2|835|2015-04-05
P2,835,Bridgestone e6 Straight Distance NFL Carolina,2015-04-12,10,27.0,1083,64,B,2,P2|835|2015-04-12
P2,835,Bridgestone e6 Straight Distance NFL Carolina,2015-04-19,12,17.0,1083,125,B,2,P2|835|2015-04-19
P2,835,Bridgestone e6 Straight Distance NFL Carolina,2015-04-26,15,33.0,1083,288,B,2,P2|835|2015-04-26
P2,835,Bridgestone e6 Straight Distance NFL Carolina,2015-05-03,13,18.0,1083,119,B,2,P2|835|2015-05-03
P2,835,Bridgestone e6 Straight Distance NFL Carolina,2015-05-10,0,5.0,1083,143,B,2,P2|835|2015-05-10
P2,835,Bridgestone e6 Straight Distance NFL Carolina,2015-05-17,3,5.0,1083,145,B,2,P2|835|2015-05-17
P2,835,Bridgestone e6 Straight Distance NFL Carolina,2015-05-24,6,33.0,1083,121,B,2,P2|835|2015-05-24
P2,835,Bridgestone e6 Straight Distance NFL Carolina,2015-05-31,5,27.0,1083,48,B,2,P2|835|2015-05-31
P2,835,Bridgestone e6 Straight Distance NFL Carolina,2015-06-07,11,22.0,1083,184,B,2,P2|835|2015-06-07
P2,835,Bridgestone e6 Straight Distance NFL Carolina,2015-06-14,8,11.0,1083,256,B,2,P2|835|2015-06-14
P2,835,Bridgestone e6 Straight Distance NFL Carolina,2015-06-21,7,33.0,1083,196,B,2,P2|835|2015-06-21
P2,835,Bridgestone e6 Straight Distance NFL Carolina,2015-06-28,16,26.0,1083,183,B,2,P2|835|2015-06-28
P2,835,Bridgestone e6 Straight Distance NFL Carolina,2015-07-05,8,10.0,1083,139,B,2,P2|835|2015-07-05
P2,835,Bridgestone e6 Straight Distance NFL Carolina,2015-07-12,12,2.0,1083,89,B,2,P2|835|2015-07-12
P2,835,Bridgestone e6 Straight Distance NFL Carolina,2015-07-19,9,33.0,1083,87,B,2,P2|835|2015-07-19
P2,835,Bridgestone e6 Straight Distance NFL Carolina,2015-07-26,6,24.0,1083,132,B,2,P2|835|2015-07-26
P2,835,Bridgestone e6 Straight Distance NFL Carolina,2015-08-02,19,18.0,1083,148,B,2,P2|835|2015-08-02
P2,835,Bridgestone e6 Straight Distance NFL Carolina,2015-08-09,2,0.0,1083,184,B,2,P2|835|2015-08-09
P2,835,Bridgestone e6 Straight Distance NFL Carolina,2015-08-16,17,33.0,1083,113,B,2,P2|835|2015-08-16
P2,835,Bridgestone e6 Straight Distance NFL Carolina,2015-08-23,14,16.0,1083,168,B,2,P2|835|2015-08-23
P2,835,Bridgestone e6 Straight Distance NFL Carolina,2015-08-30,12,2.0,1083,125,B,2,P2|835|2015-08-30
P2,835,Bridgestone e6 Straight Distance NFL Carolina,2015-09-06,10,0.0,1083,181,B,2,P2|835|2015-09-06
P2,835,Bridgestone e6 Straight Distance NFL Carolina,2015-09-13,4,33.0,1083,240,B,2,P2|835|2015-09-13
P2,835,Bridgestone e6 Straight Distance NFL Carolina,2015-09-20,4,29.0,1083,116,B,2,P2|835|2015-09-20
P2,835,Bridgestone e6 Straight Distance NFL Carolina,2015-09-27,13,25.0,1083,35,B,2,P2|835|2015-09-27
P2,835,Bridgestone e6 Straight Distance NFL Carolina,2015-10-04,5,12.0,1083,240,B,2,P2|835|2015-10-04
P2,835,Bridgestone e6 Straight Distance NFL Carolina,2015-10-11,8,33.0,1083,116,B,2,P2|835|2015-10-11
P2,835,Bridgestone e6 Straight Distance NFL Carolina,2015-10-18,12,25.0,1083,53,B,2,P2|835|2015-10-18
P2,835,Bridgestone e6 Straight Distance NFL Carolina,2015-10-25,14,13.0,1083,220,B,2,P2|835|2015-10-25
P2,835,Bridgestone e6 Straight Distance NFL Carolina,2015-11-01,2,0.0,1083,186,B,2,P2|835|2015-11-01
P2,835,Bridgestone e6 Straight Distance NFL Carolina,2015-11-08,1,33.0,1083,125,B,2,P2|835|2015-11-08
P2,835,Bridgestone e6 Straight Distance NFL Carolina,2015-11-15,9,32.0,1083,113,B,2,P2|835|2015-11-15
P2,835,Bridgestone e6 Straight Distance NFL Carolina,2015-11-22,5,23.0,1083,124,B,2,P2|835|2015-11-22
P2,835,Bridgestone e6 Straight Distance NFL Carolina,2015-11-29,5,18.0,1083,225,B,2,P2|835|2015-11-29
P2,835,Bridgestone e6 Straight Distance NFL Carolina,2015-12-06,14,33.0,1083,124,B,2,P2|835|2015-12-06
P2,835,Bridgestone e6 Straight Distance NFL Carolina,2015-12-13,2,19.0,1083,232,B,2,P2|835|2015-12-13
P2,835,Bridgestone e6 Straight Distance NFL Carolina,2015-12-20,17,17.0,1083,141,B,2,P2|835|2015-12-20
P2,835,Bridgestone e6 Straight Distance NFL Carolina,2015-12-27,4,0.0,1083,83,B,2,P2|835|2015-12-27
P2,835,Bridgestone e6 Straight Distance NFL Carolina,2016-01-03,5,33.0,1083,127,B,2,P2|835|2016-01-03
P2,835,Bridgestone e6 Straight Distance NFL Carolina,2016-01-10,0,28.0,1083,150,B,2,P2|835|2016-01-10
P2,835,Bridgestone e6 Straight Distance NFL Carolina,2016-01-17,1,28.0,1083,245,B,2,P2|835|2016-01-17
P2,835,Bridgestone e6 Straight Distance NFL Carolina,2016-01-24,6,27.0,1083,156,B,2,P2|835|2016-01-24
P2,835,Bridgestone e6 Straight Distance NFL Carolina,2016-01-31,6,33.0,1083,129,B,2,P2|835|2016-01-31
P2,835,Bridgestone e6 Straight Distance NFL Carolina,2016-02-07,0,27.0,1083,290,B,2,P2|835|2016-02-07
P2,835,Bridgestone e6 Straight Distance NFL Carolina,2016-02-14,2,27.0,1083,111,B,2,P2|835|2016-02-14
P2,835,Bridgestone e6 Straight Distance NFL Carolina,2016-02-21,0,25.0,1083,205,B,2,P2|835|2016-02-21
P2,835,Bridgestone e6 Straight Distance NFL Carolina,2016-02-28,18,33.0,1083,165,B,2,P2|835|2016-02-28
P2,835,Bridgestone e6 Straight Distance NFL Carolina,2016-03-06,10,15.0,1083,112,B,2,P2|835|2016-03-06
P2,835,Bridgestone e6 Straight Distance NFL Carolina,2016-03-13,4,5.0,1083,255,B,2,P2|835|2016-03-13
P2,835,Bridgestone e6 Straight Distance NFL Carolina,2016-03-20,16,1.0,1083,244,B,2,P2|835|2016-03-20
P2,835,Bridgestone e6 Straight Distance NFL Carolina,2016-03-27,2,33.0,1083,199,B,2,P2|835|2016-03-27
P2,835,Bridgestone e6 Straight Distance NFL Carolina,2016-04-03,8,31.0,1083,70,B,2,P2|835|2016-04-03
P2,835,Bridgestone e6 Straight Distance NFL Carolina,2016-04-10,11,23.0,1083,227,B,2,P2|835|2016-04-10
P2,835,Bridgestone e6 Straight Distance NFL Carolina,2016-04-17,8,12.0,1083,93,B,2,P2|835|2016-04-17
P2,835,Bridgestone e6 Straight Distance NFL Carolina,2016-04-24,5,33.0,1083,114,B,2,P2|835|2016-04-24
P2,835,Bridgestone e6 Straight Distance NFL Carolina,2016-05-01,7,28.0,1083,210,B,2,P2|835|2016-05-01
P2,835,Bridgestone e6 Straight Distance NFL Carolina,2016-05-08,3,21.0,1083,200,B,2,P2|835|2016-05-08
P2,835,Bridgestone e6 Straight Distance NFL Carolina,2016-05-15,8,18.0,1083,123,B,2,P2|835|2016-05-15
P2,835,Bridgestone e6 Straight Distance NFL Carolina,2016-05-22,13,33.0,1083,151,B,2,P2|835|2016-05-22
P2,835,Bridgestone e6 Straight Distance NFL Carolina,2016-05-29,9,20.0,1083,243,B,2,P2|835|2016-05-29
P2,835,Bridgestone e6 Straight Distance NFL Carolina,2016-06-05,15,11.0,1083,136,B,2,P2|835|2016-06-05
P2,835,Bridgestone e6 Straight Distance NFL Carolina,2016-06-12,6,0.0,1083,196,B,2,P2|835|2016-06-12
P2,835,Bridgestone e6 Straight Distance NFL Carolina,2016-06-19,8,33.0,1083,201,B,2,P2|835|2016-06-19
P2,835,Bridgestone e6 Straight Distance NFL Carolina,2016-06-26,3,25.0,1083,48,B,2,P2|835|2016-06-26
P2,835,Bridgestone e6 Straight Distance NFL Carolina,2016-07-03,18,22.0,1083,192,B,2,P2|835|2016-07-03
P2,835,Bridgestone e6 Straight Distance NFL Carolina,2016-07-10,2,4.0,1083,193,B,2,P2|835|2016-07-10
P2,835,Bridgestone e6 Straight Distance NFL Carolina,2016-07-17,6,33.0,1083,117,B,2,P2|835|2016-07-17
P2,835,Bridgestone e6 Straight Distance NFL Carolina,2016-07-24,0,27.0,1083,149,B,2,P2|835|2016-07-24
P2,835,Bridgestone e6 Straight Distance NFL Carolina,2016-07-31,7,27.0,1083,154,B,2,P2|835|2016-07-31
P2,835,Bridgestone e6 Straight Distance NFL Carolina,2016-08-07,7,20.0,1083,117,B,2,P2|835|2016-08-07
P2,835,Bridgestone e6 Straight Distance NFL Carolina,2016-08-14,5,33.0,1083,92,B,2,P2|835|2016-08-14
P2,835,Bridgestone e6 Straight Distance NFL Carolina,2016-08-21,9,28.0,1083,141,B,2,P2|835|2016-08-21
P2,835,Bridgestone e6 Straight Distance NFL Carolina,2016-08-28,9,19.0,1083,160,B,2,P2|835|2016-08-28
P2,835,Bridgestone e6 Straight Distance NFL Carolina,2016-09-04,7,10.0,1083,180,B,2,P2|835|2016-09-04
P2,835,Bridgestone e6 Straight Distance NFL Carolina,2016-09-11,9,33.0,1083,163,B,2,P2|835|2016-09-11
P2,835,Bridgestone e6 Straight Distance NFL Carolina,2016-09-18,5,24.0,1083,87,B,2,P2|835|2016-09-18
P2,835,Bridgestone e6 Straight Distance NFL Carolina,2016-09-25,11,19.0,1083,133,B,2,P2|835|2016-09-25
P2,835,Bridgestone e6 Straight Distance NFL Carolina,2016-10-02,10,8.0,1083,157,B,2,P2|835|2016-10-02
P2,835,Bridgestone e6 Straight Distance NFL Carolina,2016-10-09,21,33.0,1083,168,B,2,P2|835|2016-10-09
P2,835,Bridgestone e6 Straight Distance NFL Carolina,2016-10-16,27,12.0,1083,104,B,2,P2|835|2016-10-16
P2,835,Bridgestone e6 Straight Distance NFL Carolina,2016-10-23,4,0.0,1083,98,B,2,P2|835|2016-10-23
P2,835,Bridgestone e6 Straight Distance NFL Carolina,2016-10-30,0,0.0,1083,197,B,2,P2|835|2016-10-30
P2,835,Bridgestone e6 Straight Distance NFL Carolina,2016-11-06,15,33.0,1083,186,B,2,P2|835|2016-11-06
P2,835,Bridgestone e6 Straight Distance NFL Carolina,2016-11-13,10,18.0,1083,232,B,2,P2|835|2016-11-13
P2,835,Bridgestone e6 Straight Distance NFL Carolina,2016-11-20,13,8.0,1083,176,B,2,P2|835|2016-11-20
P2,835,Bridgestone e6 Straight Distance NFL Carolina,2016-11-27,5,0.0,1083,135,B,2,P2|835|2016-11-27
P2,835,Bridgestone e6 Straight Distance NFL Carolina,2016-12-04,7,33.0,1083,118,B,2,P2|835|2016-12-04
P2,835,Bridgestone e6 Straight Distance NFL Carolina,2016-12-11,0,26.0,1083,145,B,2,P2|835|2016-12-11
P2,835,Bridgestone e6 Straight Distance NFL Carolina,2016-12-18,15,26.0,1083,213,B,2,P2|835|2016-12-18
P2,835,Bridgestone e6 Straight Distance NFL Carolina,2016-12-25,3,11.0,1083,124,B,2,P2|835|2016-12-25
P2,835,Bridgestone e6 Straight Distance NFL Carolina,2017-01-01,2,33.0,1083,161,B,2,P2|835|2017-01-01
P2,835,Bridgestone e6 Straight Distance NFL Carolina,2017-01-08,7,31.0,1083,252,B,2,P2|835|2017-01-08
P2,835,Bridgestone e6 Straight Distance NFL Carolina,2017-01-15,2,24.0,1083,105,B,2,P2|835|2017-01-15
P2,835,Bridgestone e6 Straight Distance NFL Carolina,2017-01-22,5,22.0,1083,119,B,2,P2|835|2017-01-22
P2,835,Bridgestone e6 Straight Distance NFL Carolina,2017-01-29,5,33.0,1083,153,B,2,P2|835|2017-01-29
P2,835,Bridgestone e6 Straight Distance NFL Carolina,2017-02-05,1,28.0,1083,96,B,2,P2|835|2017-02-05
P2,835,Bridgestone e6 Straight Distance NFL Carolina,2017-02-12,7,27.0,1083,122,B,2,P2|835|2017-02-12
P2,835,Bridgestone e6 Straight Distance NFL Carolina,2017-02-19,5,20.0,1083,186,B,2,P2|835|2017-02-19
P2,835,Bridgestone e6 Straight Distance NFL Carolina,2017-02-26,6,33.0,1083,103,B,2,P2|835|2017-02-26
P2,835,Bridgestone e6 Straight Distance NFL Carolina,2017-03-05,19,27.0,1083,38,B,2,P2|835|2017-03-05
P2,835,Bridgestone e6 Straight Distance NFL Carolina,2017-03-12,5,8.0,1083,93,B,2,P2|835|2017-03-12
P2,835,Bridgestone e6 Straight Distance NFL Carolina,2017-03-19,2,3.0,1083,208,B,2,P2|835|2017-03-19
P2,835,Bridgestone e6 Straight Distance NFL Carolina,2017-03-26,3,33.0,1083,181,B,2,P2|835|2017-03-26
P2,835,Bridgestone e6 Straight Distance NFL Carolina,2017-04-02,6,30.0,1083,147,B,2,P2|835|2017-04-02
P2,835,Bridgestone e6 Straight Distance NFL Carolina,2017-04-09,0,24.0,1083,160,B,2,P2|835|2017-04-09
P2,835,Bridgestone e6 Straight Distance NFL Carolina,2017-04-16,5,24.0,1083,244,B,2,P2|835|2017-04-16
P2,835,Bridgestone e6 Straight Distance NFL Carolina,2017-04-23,2,33.0,1083,180,B,2,P2|835|2017-04-23
P2,845,Garmin Approach S4 Golf GPS Watch,2017-09-17,11,180.0,1083,344,C,1,P2|845|2017-09-17
P2,845,Garmin Approach S4 Golf GPS Watch,2017-09-24,15,169.0,1083,329,C,1,P2|845|2017-09-24
P2,845,Garmin Approach S4 Golf GPS Watch,2017-10-01,10,154.0,1083,353,C,1,P2|845|2017-10-01
P2,858,GolfBuddy VT3 GPS Watch,2017-04-23,1,42.0,1083,180,C,1,P2|858|2017-04-23
P2,858,GolfBuddy VT3 GPS Watch,2017-04-30,3,41.0,1083,285,C,1,P2|858|2017-04-30
P2,858,GolfBuddy VT3 GPS Watch,2017-05-07,4,38.0,1083,287,C,1,P2|858|2017-05-07
P2,858,GolfBuddy VT3 GPS Watch,2017-05-14,3,34.0,1083,277,C,1,P2|858|2017-05-14
P2,858,GolfBuddy VT3 GPS Watch,2017-05-21,2,31.0,1083,262,C,1,P2|858|2017-05-21
P2,858,GolfBuddy VT3 GPS Watch,2017-05-28,2,29.0,1083,329,C,1,P2|858|2017-05-28
P2,858,GolfBuddy VT3 GPS Watch,2017-06-04,3,27.0,1083,237,C,1,P2|858|2017-06-04
P2,858,GolfBuddy VT3 GPS Watch,2017-06-11,1,24.0,1083,307,C,1,P2|858|2017-06-11
P2,858,GolfBuddy VT3 GPS Watch,2017-06-18,3,23.0,1083,317,C,1,P2|858|2017-06-18
P2,858,GolfBuddy VT3 GPS Watch,2017-06-25,2,20.0,1083,224,C,1,P2|858|2017-06-25
P2,858,GolfBuddy VT3 GPS Watch,2017-07-02,5,18.0,1083,207,C,1,P2|858|2017-07-02
P2,858,GolfBuddy VT3 GPS Watch,2017-07-09,4,13.0,1083,290,C,1,P2|858|2017-07-09
P2,858,GolfBuddy VT3 GPS Watch,2017-07-16,1,9.0,1083,359,C,1,P2|858|2017-07-16
P2,858,GolfBuddy VT3 GPS Watch,2017-07-23,5,8.0,1083,226,C,1,P2|858|2017-07-23
P2,858,GolfBuddy VT3 GPS Watch,2017-07-30,4,3.0,1083,322,C,1,P2|858|2017-07-30
P2,858,GolfBuddy VT3 GPS Watch,2017-08-06,3,0.0,1083,212,C,1,P2|858|2017-08-06
P2,858,GolfBuddy VT3 GPS Watch,2017-08-13,1,8.0,1083,309,C,1,P2|858|2017-08-13
P2,858,GolfBuddy VT3 GPS Watch,2017-08-20,3,7.0,1083,291,C,1,P2|858|2017-08-20
P2,858,GolfBuddy VT3 GPS Watch,2017-08-27,5,4.0,1083,270,C,1,P2|858|2017-08-27
P2,858,GolfBuddy VT3 GPS Watch,2017-09-03,1,0.0,1083,226,C,1,P2|858|2017-09-03
P2,858,GolfBuddy VT3 GPS Watch,2017-09-10,3,8.0,1083,233,C,1,P2|858|2017-09-10
P2,860,Bushnell Pro X7 Jolt Slope Rangefinder,2017-10-01,10,82.0,1083,353,C,1,P2|860|2017-10-01
P2,860,Bushnell Pro X7 Jolt Slope Rangefinder,2017-10-08,1,72.0,1083,1049,C,1,P2|860|2017-10-08
P2,885,Team Golf St. Louis Cardinals Putter Grip,2015-01-18,9,104.0,1083,64,B,2,P2|885|2015-01-18
P2,885,Team Golf St. Louis Cardinals Putter Grip,2015-01-25,14,95.0,1083,167,B,2,P2|885|2015-01-25
P2,885,Team Golf St. Louis Cardinals Putter Grip,2015-02-01,8,81.0,1083,93,B,2,P2|885|2015-02-01
P2,885,Team Golf St. Louis Cardinals Putter Grip,2015-02-08,6,73.0,1083,203,B,2,P2|885|2015-02-08
P2,885,Team Golf St. Louis Cardinals Putter Grip,2015-02-15,5,67.0,1083,178,B,2,P2|885|2015-02-15
P2,885,Team Golf St. Louis Cardinals Putter Grip,2015-02-22,7,62.0,1083,95,B,2,P2|885|2015-02-22
P2,885,Team Golf St. Louis Cardinals Putter Grip,2015-03-01,5,55.0,1083,93,B,2,P2|885|2015-03-01
P2,885,Team Golf St. Louis Cardinals Putter Grip,2015-03-08,4,50.0,1083,47,B,2,P2|885|2015-03-08
P2,885,Team Golf St. Louis Cardinals Putter Grip,2015-03-15,4,46.0,1083,224,B,2,P2|885|2015-03-15
P2,885,Team Golf St. Louis Cardinals Putter Grip,2015-03-22,8,42.0,1083,110,B,2,P2|885|2015-03-22
P2,885,Team Golf St. Louis Cardinals Putter Grip,2015-03-29,3,34.0,1083,63,B,2,P2|885|2015-03-29
P2,885,Team Golf St. Louis Cardinals Putter Grip,2015-04-05,5,31.0,1083,124,B,2,P2|885|2015-04-05
P2,885,Team Golf St. Louis Cardinals Putter Grip,2015-04-12,3,35.0,1083,64,B,2,P2|885|2015-04-12
P2,885,Team Golf St. Louis Cardinals Putter Grip,2015-04-19,8,32.0,1083,125,B,2,P2|885|2015-04-19
P2,885,Team Golf St. Louis Cardinals Putter Grip,2015-04-26,7,24.0,1083,288,B,2,P2|885|2015-04-26
P2,885,Team Golf St. Louis Cardinals Putter Grip,2015-05-03,5,17.0,1083,119,B,2,P2|885|2015-05-03
P2,885,Team Golf St. Louis Cardinals Putter Grip,2015-05-10,5,35.0,1083,143,B,2,P2|885|2015-05-10
P2,885,Team Golf St. Louis Cardinals Putter Grip,2015-05-17,13,30.0,1083,145,B,2,P2|885|2015-05-17
P2,885,Team Golf St. Louis Cardinals Putter Grip,2015-05-24,26,17.0,1083,121,B,2,P2|885|2015-05-24
P2,885,Team Golf St. Louis Cardinals Putter Grip,2015-05-31,0,0.0,1083,48,B,2,P2|885|2015-05-31
P2,885,Team Golf St. Louis Cardinals Putter Grip,2015-06-07,6,35.0,1083,184,B,2,P2|885|2015-06-07
P2,885,Team Golf St. Louis Cardinals Putter Grip,2015-06-14,3,29.0,1083,256,B,2,P2|885|2015-06-14
P2,885,Team Golf St. Louis Cardinals Putter Grip,2015-06-21,6,26.0,1083,196,B,2,P2|885|2015-06-21
P2,885,Team Golf St. Louis Cardinals Putter Grip,2015-06-28,14,20.0,1083,183,B,2,P2|885|2015-06-28
P2,885,Team Golf St. Louis Cardinals Putter Grip,2015-07-05,5,35.0,1083,139,B,2,P2|885|2015-07-05
P2,885,Team Golf St. Louis Cardinals Putter Grip,2015-07-12,18,30.0,1083,89,B,2,P2|885|2015-07-12
P2,885,Team Golf St. Louis Cardinals Putter Grip,2015-07-19,4,12.0,1083,87,B,2,P2|885|2015-07-19
P2,885,Team Golf St. Louis Cardinals Putter Grip,2015-07-26,10,8.0,1083,132,B,2,P2|885|2015-07-26
P2,885,Team Golf St. Louis Cardinals Putter Grip,2015-08-02,3,35.0,1083,148,B,2,P2|885|2015-08-02
P2,885,Team Golf St. Louis Cardinals Putter Grip,2015-08-09,1,32.0,1083,184,B,2,P2|885|2015-08-09
P2,885,Team Golf St. Louis Cardinals Putter Grip,2015-08-16,4,31.0,1083,113,B,2,P2|885|2015-08-16
P2,885,Team Golf St. Louis Cardinals Putter Grip,2015-08-23,5,27.0,1083,168,B,2,P2|885|2015-08-23
P2,885,Team Golf St. Louis Cardinals Putter Grip,2015-08-30,6,35.0,1083,125,B,2,P2|885|2015-08-30
P2,885,Team Golf St. Louis Cardinals Putter Grip,2015-09-06,8,29.0,1083,181,B,2,P2|885|2015-09-06
P2,885,Team Golf St. Louis Cardinals Putter Grip,2015-09-13,6,21.0,1083,240,B,2,P2|885|2015-09-13
P2,885,Team Golf St. Louis Cardinals Putter Grip,2015-09-20,12,15.0,1083,116,B,2,P2|885|2015-09-20
P2,885,Team Golf St. Louis Cardinals Putter Grip,2015-09-27,9,35.0,1083,35,B,2,P2|885|2015-09-27
P2,885,Team Golf St. Louis Cardinals Putter Grip,2015-10-04,5,26.0,1083,240,B,2,P2|885|2015-10-04
P2,885,Team Golf St. Louis Cardinals Putter Grip,2015-10-11,14,21.0,1083,116,B,2,P2|885|2015-10-11
P2,885,Team Golf St. Louis Cardinals Putter Grip,2015-10-18,2,7.0,1083,53,B,2,P2|885|2015-10-18
P2,885,Team Golf St. Louis Cardinals Putter Grip,2015-10-25,4,35.0,1083,220,B,2,P2|885|2015-10-25
P2,885,Team Golf St. Louis Cardinals Putter Grip,2015-11-01,10,31.0,1083,186,B,2,P2|885|2015-11-01
P2,885,Team Golf St. Louis Cardinals Putter Grip,2015-11-08,4,21.0,1083,125,B,2,P2|885|2015-11-08
P2,885,Team Golf St. Louis Cardinals Putter Grip,2015-11-15,12,17.0,1083,113,B,2,P2|885|2015-11-15
P2,885,Team Golf St. Louis Cardinals Putter Grip,2015-11-22,5,35.0,1083,124,B,2,P2|885|2015-11-22
P2,885,Team Golf St. Louis Cardinals Putter Grip,2015-11-29,12,30.0,1083,225,B,2,P2|885|2015-11-29
P2,885,Team Golf St. Louis Cardinals Putter Grip,2015-12-06,7,18.0,1083,124,B,2,P2|885|2015-12-06
P2,885,Team Golf St. Louis Cardinals Putter Grip,2015-12-13,1,11.0,1083,232,B,2,P2|885|2015-12-13
P2,885,Team Golf St. Louis Cardinals Putter Grip,2015-12-20,5,35.0,1083,141,B,2,P2|885|2015-12-20
P2,885,Team Golf St. Louis Cardinals Putter Grip,2015-12-27,16,30.0,1083,83,B,2,P2|885|2015-12-27
P2,885,Team Golf St. Louis Cardinals Putter Grip,2016-01-03,22,14.0,1083,127,B,2,P2|885|2016-01-03
P2,885,Team Golf St. Louis Cardinals Putter Grip,2016-01-10,7,0.0,1083,150,B,2,P2|885|2016-01-10
P2,885,Team Golf St. Louis Cardinals Putter Grip,2016-01-17,6,35.0,1083,245,B,2,P2|885|2016-01-17
P2,885,Team Golf St. Louis Cardinals Putter Grip,2016-01-24,4,29.0,1083,156,B,2,P2|885|2016-01-24
P2,885,Team Golf St. Louis Cardinals Putter Grip,2016-01-31,10,25.0,1083,129,B,2,P2|885|2016-01-31
P2,885,Team Golf St. Louis Cardinals Putter Grip,2016-02-07,3,15.0,1083,290,B,2,P2|885|2016-02-07
P2,885,Team Golf St. Louis Cardinals Putter Grip,2016-02-14,19,35.0,1083,111,B,2,P2|885|2016-02-14
P2,885,Team Golf St. Louis Cardinals Putter Grip,2016-02-21,0,16.0,1083,205,B,2,P2|885|2016-02-21
P2,885,Team Golf St. Louis Cardinals Putter Grip,2016-02-28,15,16.0,1083,165,B,2,P2|885|2016-02-28
P2,885,Team Golf St. Louis Cardinals Putter Grip,2016-03-06,7,1.0,1083,112,B,2,P2|885|2016-03-06
P2,885,Team Golf St. Louis Cardinals Putter Grip,2016-03-13,5,35.0,1083,255,B,2,P2|885|2016-03-13
P2,885,Team Golf St. Louis Cardinals Putter Grip,2016-03-20,6,30.0,1083,244,B,2,P2|885|2016-03-20
P2,885,Team Golf St. Louis Cardinals Putter Grip,2016-03-27,11,24.0,1083,199,B,2,P2|885|2016-03-27
P2,885,Team Golf St. Louis Cardinals Putter Grip,2016-04-03,9,13.0,1083,70,B,2,P2|885|2016-04-03
P2,885,Team Golf St. Louis Cardinals Putter Grip,2016-04-10,6,35.0,1083,227,B,2,P2|885|2016-04-10
P2,885,Team Golf St. Louis Cardinals Putter Grip,2016-04-17,6,29.0,1083,93,B,2,P2|885|2016-04-17
P2,885,Team Golf St. Louis Cardinals Putter Grip,2016-04-24,20,23.0,1083,114,B,2,P2|885|2016-04-24
P2,885,Team Golf St. Louis Cardinals Putter Grip,2016-05-01,12,3.0,1083,210,B,2,P2|885|2016-05-01
P2,885,Team Golf St. Louis Cardinals Putter Grip,2016-05-08,17,35.0,1083,200,B,2,P2|885|2016-05-08
P2,885,Team Golf St. Louis Cardinals Putter Grip,2016-05-15,5,18.0,1083,123,B,2,P2|885|2016-05-15
P2,885,Team Golf St. Louis Cardinals Putter Grip,2016-05-22,8,13.0,1083,151,B,2,P2|885|2016-05-22
P2,885,Team Golf St. Louis Cardinals Putter Grip,2016-05-29,10,5.0,1083,243,B,2,P2|885|2016-05-29
P2,885,Team Golf St. Louis Cardinals Putter Grip,2016-06-05,3,35.0,1083,136,B,2,P2|885|2016-06-05
P2,885,Team Golf St. Louis Cardinals Putter Grip,2016-06-12,4,32.0,1083,196,B,2,P2|885|2016-06-12
P2,885,Team Golf St. Louis Cardinals Putter Grip,2016-06-19,7,28.0,1083,201,B,2,P2|885|2016-06-19
P2,885,Team Golf St. Louis Cardinals Putter Grip,2016-06-26,10,21.0,1083,48,B,2,P2|885|2016-06-26
P2,885,Team Golf St. Louis Cardinals Putter Grip,2016-07-03,13,35.0,1083,192,B,2,P2|885|2016-07-03
P2,885,Team Golf St. Louis Cardinals Putter Grip,2016-07-10,11,22.0,1083,193,B,2,P2|885|2016-07-10
P2,885,Team Golf St. Louis Cardinals Putter Grip,2016-07-17,8,11.0,1083,117,B,2,P2|885|2016-07-17
P2,885,Team Golf St. Louis Cardinals Putter Grip,2016-07-24,5,3.0,1083,149,B,2,P2|885|2016-07-24
P2,885,Team Golf St. Louis Cardinals Putter Grip,2016-07-31,6,35.0,1083,154,B,2,P2|885|2016-07-31
P2,885,Team Golf St. Louis Cardinals Putter Grip,2016-08-07,0,29.0,1083,117,B,2,P2|885|2016-08-07
P2,885,Team Golf St. Louis Cardinals Putter Grip,2016-08-14,4,29.0,1083,92,B,2,P2|885|2016-08-14
P2,885,Team Golf St. Louis Cardinals Putter Grip,2016-08-21,3,25.0,1083,141,B,2,P2|885|2016-08-21
P2,885,Team Golf St. Louis Cardinals Putter Grip,2016-08-28,9,35.0,1083,160,B,2,P2|885|2016-08-28
P2,885,Team Golf St. Louis Cardinals Putter Grip,2016-09-04,4,26.0,1083,180,B,2,P2|885|2016-09-04
P2,885,Team Golf St. Louis Cardinals Putter Grip,2016-09-11,15,22.0,1083,163,B,2,P2|885|2016-09-11
P2,885,Team Golf St. Louis Cardinals Putter Grip,2016-09-18,9,7.0,1083,87,B,2,P2|885|2016-09-18
P2,885,Team Golf St. Louis Cardinals Putter Grip,2016-09-25,14,35.0,1083,133,B,2,P2|885|2016-09-25
P2,885,Team Golf St. Louis Cardinals Putter Grip,2016-10-02,13,21.0,1083,157,B,2,P2|885|2016-10-02
P2,885,Team Golf St. Louis Cardinals Putter Grip,2016-10-09,2,8.0,1083,168,B,2,P2|885|2016-10-09
P2,885,Team Golf St. Louis Cardinals Putter Grip,2016-10-16,20,6.0,1083,104,B,2,P2|885|2016-10-16
P2,885,Team Golf St. Louis Cardinals Putter Grip,2016-10-23,10,35.0,1083,98,B,2,P2|885|2016-10-23
P2,885,Team Golf St. Louis Cardinals Putter Grip,2016-10-30,4,25.0,1083,197,B,2,P2|885|2016-10-30
P2,885,Team Golf St. Louis Cardinals Putter Grip,2016-11-06,4,21.0,1083,186,B,2,P2|885|2016-11-06
P2,885,Team Golf St. Louis Cardinals Putter Grip,2016-11-13,3,17.0,1083,232,B,2,P2|885|2016-11-13
P2,885,Team Golf St. Louis Cardinals Putter Grip,2016-11-20,9,35.0,1083,176,B,2,P2|885|2016-11-20
P2,885,Team Golf St. Louis Cardinals Putter Grip,2016-11-27,25,26.0,1083,135,B,2,P2|885|2016-11-27
P2,885,Team Golf St. Louis Cardinals Putter Grip,2016-12-04,12,1.0,1083,118,B,2,P2|885|2016-12-04
P2,885,Team Golf St. Louis Cardinals Putter Grip,2016-12-11,23,0.0,1083,145,B,2,P2|885|2016-12-11
P2,885,Team Golf St. Louis Cardinals Putter Grip,2016-12-18,11,35.0,1083,213,B,2,P2|885|2016-12-18
P2,885,Team Golf St. Louis Cardinals Putter Grip,2016-12-25,17,24.0,1083,124,B,2,P2|885|2016-12-25
P2,885,Team Golf St. Louis Cardinals Putter Grip,2017-01-01,10,7.0,1083,161,B,2,P2|885|2017-01-01
P2,885,Team Golf St. Louis Cardinals Putter Grip,2017-01-08,17,0.0,1083,252,B,2,P2|885|2017-01-08
P2,885,Team Golf St. Louis Cardinals Putter Grip,2017-01-15,5,35.0,1083,105,B,2,P2|885|2017-01-15
P2,885,Team Golf St. Louis Cardinals Putter Grip,2017-01-22,5,30.0,1083,119,B,2,P2|885|2017-01-22
P2,885,Team Golf St. Louis Cardinals Putter Grip,2017-01-29,0,25.0,1083,153,B,2,P2|885|2017-01-29
P2,885,Team Golf St. Louis Cardinals Putter Grip,2017-02-05,22,25.0,1083,96,B,2,P2|885|2017-02-05
P2,885,Team Golf St. Louis Cardinals Putter Grip,2017-02-12,13,35.0,1083,122,B,2,P2|885|2017-02-12
P2,885,Team Golf St. Louis Cardinals Putter Grip,2017-02-19,5,22.0,1083,186,B,2,P2|885|2017-02-19
P2,885,Team Golf St. Louis Cardinals Putter Grip,2017-02-26,2,17.0,1083,103,B,2,P2|885|2017-02-26
P2,885,Team Golf St. Louis Cardinals Putter Grip,2017-03-05,4,15.0,1083,38,B,2,P2|885|2017-03-05
P2,885,Team Golf St. Louis Cardinals Putter Grip,2017-03-12,8,35.0,1083,93,B,2,P2|885|2017-03-12
P2,885,Team Golf St. Louis Cardinals Putter Grip,2017-03-19,4,27.0,1083,208,B,2,P2|885|2017-03-19
P2,885,Team Golf St. Louis Cardinals Putter Grip,2017-03-26,0,23.0,1083,181,B,2,P2|885|2017-03-26
P2,885,Team Golf St. Louis Cardinals Putter Grip,2017-04-02,3,23.0,1083,147,B,2,P2|885|2017-04-02
P2,885,Team Golf St. Louis Cardinals Putter Grip,2017-04-09,7,35.0,1083,160,B,2,P2|885|2017-04-09
P2,885,Team Golf St. Louis Cardinals Putter Grip,2017-04-16,0,28.0,1083,244,B,2,P2|885|2017-04-16
P2,885,Team Golf St. Louis Cardinals Putter Grip,2017-04-23,5,28.0,1083,180,B,2,P2|885|2017-04-23
P2,886,Team Golf San Francisco Giants Putter Grip,2015-01-04,7,108.0,1083,548,C,1,P2|886|2015-01-04
P2,886,Team Golf San Francisco Giants Putter Grip,2015-01-11,5,101.0,1083,249,C,1,P2|886|2015-01-11
P2,886,Team Golf San Francisco Giants Putter Grip,2015-01-18,5,96.0,1083,64,C,1,P2|886|2015-01-18
P2,886,Team Golf San Francisco Giants Putter Grip,2015-01-25,8,91.0,1083,167,C,1,P2|886|2015-01-25
P2,886,Team Golf San Francisco Giants Putter Grip,2015-02-01,13,83.0,1083,93,C,1,P2|886|2015-02-01
P2,886,Team Golf San Francisco Giants Putter Grip,2015-02-08,2,70.0,1083,203,C,1,P2|886|2015-02-08
P2,886,Team Golf San Francisco Giants Putter Grip,2015-02-15,8,68.0,1083,178,C,1,P2|886|2015-02-15
P2,886,Team Golf San Francisco Giants Putter Grip,2015-02-22,19,60.0,1083,95,C,1,P2|886|2015-02-22
P2,886,Team Golf San Francisco Giants Putter Grip,2015-03-01,14,41.0,1083,93,C,1,P2|886|2015-03-01
P2,886,Team Golf San Francisco Giants Putter Grip,2015-03-08,9,27.0,1083,47,C,1,P2|886|2015-03-08
P2,886,Team Golf San Francisco Giants Putter Grip,2015-03-15,6,18.0,1083,224,C,1,P2|886|2015-03-15
P2,886,Team Golf San Francisco Giants Putter Grip,2015-03-22,10,12.0,1083,110,C,1,P2|886|2015-03-22
P2,886,Team Golf San Francisco Giants Putter Grip,2015-03-29,7,22.0,1083,63,C,1,P2|886|2015-03-29
P2,886,Team Golf San Francisco Giants Putter Grip,2015-04-05,6,15.0,1083,124,C,1,P2|886|2015-04-05
P2,886,Team Golf San Francisco Giants Putter Grip,2015-04-12,8,9.0,1083,64,C,1,P2|886|2015-04-12
P2,886,Team Golf San Francisco Giants Putter Grip,2015-04-19,4,1.0,1083,125,C,1,P2|886|2015-04-19
P2,886,Team Golf San Francisco Giants Putter Grip,2015-04-26,5,22.0,1083,288,C,1,P2|886|2015-04-26
P2,886,Team Golf San Francisco Giants Putter Grip,2015-05-03,6,17.0,1083,119,C,1,P2|886|2015-05-03
P2,886,Team Golf San Francisco Giants Putter Grip,2015-05-10,0,11.0,1083,143,C,1,P2|886|2015-05-10
P2,886,Team Golf San Francisco Giants Putter Grip,2015-05-17,12,11.0,1083,145,C,1,P2|886|2015-05-17
P2,886,Team Golf San Francisco Giants Putter Grip,2015-05-24,2,22.0,1083,121,C,1,P2|886|2015-05-24
P2,886,Team Golf San Francisco Giants Putter Grip,2015-05-31,6,20.0,1083,48,C,1,P2|886|2015-05-31
P2,886,Team Golf San Francisco Giants Putter Grip,2015-06-07,9,14.0,1083,184,C,1,P2|886|2015-06-07
P2,886,Team Golf San Francisco Giants Putter Grip,2015-06-14,10,5.0,1083,256,C,1,P2|886|2015-06-14
P2,886,Team Golf San Francisco Giants Putter Grip,2015-06-21,6,22.0,1083,196,C,1,P2|886|2015-06-21
P2,886,Team Golf San Francisco Giants Putter Grip,2015-06-28,6,16.0,1083,183,C,1,P2|886|2015-06-28
P2,886,Team Golf San Francisco Giants Putter Grip,2015-07-05,15,10.0,1083,139,C,1,P2|886|2015-07-05
P2,886,Team Golf San Francisco Giants Putter Grip,2015-07-12,5,0.0,1083,89,C,1,P2|886|2015-07-12
P2,886,Team Golf San Francisco Giants Putter Grip,2015-07-19,0,22.0,1083,87,C,1,P2|886|2015-07-19
P2,886,Team Golf San Francisco Giants Putter Grip,2015-07-26,6,22.0,1083,132,C,1,P2|886|2015-07-26
P2,886,Team Golf San Francisco Giants Putter Grip,2015-08-02,0,16.0,1083,148,C,1,P2|886|2015-08-02
P2,886,Team Golf San Francisco Giants Putter Grip,2015-08-09,18,16.0,1083,184,C,1,P2|886|2015-08-09
P2,886,Team Golf San Francisco Giants Putter Grip,2015-08-16,5,22.0,1083,113,C,1,P2|886|2015-08-16
P2,886,Team Golf San Francisco Giants Putter Grip,2015-08-23,9,17.0,1083,168,C,1,P2|886|2015-08-23
P2,886,Team Golf San Francisco Giants Putter Grip,2015-08-30,11,8.0,1083,125,C,1,P2|886|2015-08-30
P2,886,Team Golf San Francisco Giants Putter Grip,2015-09-06,10,0.0,1083,181,C,1,P2|886|2015-09-06
P2,886,Team Golf San Francisco Giants Putter Grip,2015-09-13,4,22.0,1083,240,C,1,P2|886|2015-09-13
P2,886,Team Golf San Francisco Giants Putter Grip,2015-09-20,7,18.0,1083,116,C,1,P2|886|2015-09-20
P2,886,Team Golf San Francisco Giants Putter Grip,2015-09-27,21,11.0,1083,35,C,1,P2|886|2015-09-27
P2,886,Team Golf San Francisco Giants Putter Grip,2015-10-04,1,0.0,1083,240,C,1,P2|886|2015-10-04
P2,886,Team Golf San Francisco Giants Putter Grip,2015-10-11,6,22.0,1083,116,C,1,P2|886|2015-10-11
P2,886,Team Golf San Francisco Giants Putter Grip,2015-10-18,18,16.0,1083,53,C,1,P2|886|2015-10-18
P2,886,Team Golf San Francisco Giants Putter Grip,2015-10-25,9,0.0,1083,220,C,1,P2|886|2015-10-25
P2,886,Team Golf San Francisco Giants Putter Grip,2015-11-01,5,0.0,1083,186,C,1,P2|886|2015-11-01
P2,886,Team Golf San Francisco Giants Putter Grip,2015-11-08,2,22.0,1083,125,C,1,P2|886|2015-11-08
P2,886,Team Golf San Francisco Giants Putter Grip,2015-11-15,19,20.0,1083,113,C,1,P2|886|2015-11-15
P2,886,Team Golf San Francisco Giants Putter Grip,2015-11-22,11,1.0,1083,124,C,1,P2|886|2015-11-22
P2,886,Team Golf San Francisco Giants Putter Grip,2015-11-29,25,0.0,1083,225,C,1,P2|886|2015-11-29
P2,886,Team Golf San Francisco Giants Putter Grip,2015-12-06,4,22.0,1083,124,C,1,P2|886|2015-12-06
P2,886,Team Golf San Francisco Giants Putter Grip,2015-12-13,3,18.0,1083,232,C,1,P2|886|2015-12-13
P2,886,Team Golf San Francisco Giants Putter Grip,2015-12-20,12,15.0,1083,141,C,1,P2|886|2015-12-20
P2,886,Team Golf San Francisco Giants Putter Grip,2015-12-27,5,3.0,1083,83,C,1,P2|886|2015-12-27
P2,886,Team Golf San Francisco Giants Putter Grip,2016-01-03,5,22.0,1083,127,C,1,P2|886|2016-01-03
P2,886,Team Golf San Francisco Giants Putter Grip,2016-01-10,11,17.0,1083,150,C,1,P2|886|2016-01-10
P2,886,Team Golf San Francisco Giants Putter Grip,2016-01-17,10,6.0,1083,245,C,1,P2|886|2016-01-17
P2,886,Team Golf San Francisco Giants Putter Grip,2016-01-24,13,0.0,1083,156,C,1,P2|886|2016-01-24
P2,886,Team Golf San Francisco Giants Putter Grip,2016-01-31,6,22.0,1083,129,C,1,P2|886|2016-01-31
P2,886,Team Golf San Francisco Giants Putter Grip,2016-02-07,3,16.0,1083,290,C,1,P2|886|2016-02-07
P2,886,Team Golf San Francisco Giants Putter Grip,2016-02-14,2,13.0,1083,111,C,1,P2|886|2016-02-14
P2,886,Team Golf San Francisco Giants Putter Grip,2016-02-21,7,11.0,1083,205,C,1,P2|886|2016-02-21
P2,886,Team Golf San Francisco Giants Putter Grip,2016-02-28,7,22.0,1083,165,C,1,P2|886|2016-02-28
P2,886,Team Golf San Francisco Giants Putter Grip,2016-03-06,4,15.0,1083,112,C,1,P2|886|2016-03-06
P2,886,Team Golf San Francisco Giants Putter Grip,2016-03-13,0,11.0,1083,255,C,1,P2|886|2016-03-13
P2,886,Team Golf San Francisco Giants Putter Grip,2016-03-20,6,11.0,1083,244,C,1,P2|886|2016-03-20
P2,886,Team Golf San Francisco Giants Putter Grip,2016-03-27,5,22.0,1083,199,C,1,P2|886|2016-03-27
P2,886,Team Golf San Francisco Giants Putter Grip,2016-04-03,12,17.0,1083,70,C,1,P2|886|2016-04-03
P2,886,Team Golf San Francisco Giants Putter Grip,2016-04-10,0,5.0,1083,227,C,1,P2|886|2016-04-10
P2,886,Team Golf San Francisco Giants Putter Grip,2016-04-17,9,5.0,1083,93,C,1,P2|886|2016-04-17
P2,886,Team Golf San Francisco Giants Putter Grip,2016-04-24,5,22.0,1083,114,C,1,P2|886|2016-04-24
P2,886,Team Golf San Francisco Giants Putter Grip,2016-05-01,10,17.0,1083,210,C,1,P2|886|2016-05-01
P2,886,Team Golf San Francisco Giants Putter Grip,2016-05-08,1,7.0,1083,200,C,1,P2|886|2016-05-08
P2,886,Team Golf San Francisco Giants Putter Grip,2016-05-15,5,6.0,1083,123,C,1,P2|886|2016-05-15
P2,886,Team Golf San Francisco Giants Putter Grip,2016-05-22,5,22.0,1083,151,C,1,P2|886|2016-05-22
P2,886,Team Golf San Francisco Giants Putter Grip,2016-05-29,4,17.0,1083,243,C,1,P2|886|2016-05-29
P2,886,Team Golf San Francisco Giants Putter Grip,2016-06-05,10,13.0,1083,136,C,1,P2|886|2016-06-05
P2,886,Team Golf San Francisco Giants Putter Grip,2016-06-12,4,3.0,1083,196,C,1,P2|886|2016-06-12
P2,886,Team Golf San Francisco Giants Putter Grip,2016-06-19,2,22.0,1083,201,C,1,P2|886|2016-06-19
P2,886,Team Golf San Francisco Giants Putter Grip,2016-06-26,4,20.0,1083,48,C,1,P2|886|2016-06-26
P2,886,Team Golf San Francisco Giants Putter Grip,2016-07-03,0,16.0,1083,192,C,1,P2|886|2016-07-03
P2,886,Team Golf San Francisco Giants Putter Grip,2016-07-10,9,16.0,1083,193,C,1,P2|886|2016-07-10
P2,886,Team Golf San Francisco Giants Putter Grip,2016-07-17,3,22.0,1083,117,C,1,P2|886|2016-07-17
P2,886,Team Golf San Francisco Giants Putter Grip,2016-07-24,6,19.0,1083,149,C,1,P2|886|2016-07-24
P2,886,Team Golf San Francisco Giants Putter Grip,2016-07-31,10,13.0,1083,154,C,1,P2|886|2016-07-31
P2,886,Team Golf San Francisco Giants Putter Grip,2016-08-07,7,3.0,1083,117,C,1,P2|886|2016-08-07
P2,886,Team Golf San Francisco Giants Putter Grip,2016-08-14,0,22.0,1083,92,C,1,P2|886|2016-08-14
P2,886,Team Golf San Francisco Giants Putter Grip,2016-08-21,3,22.0,1083,141,C,1,P2|886|2016-08-21
P2,886,Team Golf San Francisco Giants Putter Grip,2016-08-28,4,19.0,1083,160,C,1,P2|886|2016-08-28
P2,886,Team Golf San Francisco Giants Putter Grip,2016-09-04,4,15.0,1083,180,C,1,P2|886|2016-09-04
P2,886,Team Golf San Francisco Giants Putter Grip,2016-09-11,4,22.0,1083,163,C,1,P2|886|2016-09-11
P2,886,Team Golf San Francisco Giants Putter Grip,2016-09-18,10,18.0,1083,87,C,1,P2|886|2016-09-18
P2,886,Team Golf San Francisco Giants Putter Grip,2016-09-25,0,8.0,1083,133,C,1,P2|886|2016-09-25
P2,886,Team Golf San Francisco Giants Putter Grip,2016-10-02,5,8.0,1083,157,C,1,P2|886|2016-10-02
P2,886,Team Golf San Francisco Giants Putter Grip,2016-10-09,9,22.0,1083,168,C,1,P2|886|2016-10-09
P2,886,Team Golf San Francisco Giants Putter Grip,2016-10-16,8,13.0,1083,104,C,1,P2|886|2016-10-16
P2,886,Team Golf San Francisco Giants Putter Grip,2016-10-23,3,5.0,1083,98,C,1,P2|886|2016-10-23
P2,886,Team Golf San Francisco Giants Putter Grip,2016-10-30,12,2.0,1083,197,C,1,P2|886|2016-10-30
P2,886,Team Golf San Francisco Giants Putter Grip,2016-11-06,0,22.0,1083,186,C,1,P2|886|2016-11-06
P2,886,Team Golf San Francisco Giants Putter Grip,2016-11-13,0,22.0,1083,232,C,1,P2|886|2016-11-13
P2,886,Team Golf San Francisco Giants Putter Grip,2016-11-20,5,22.0,1083,176,C,1,P2|886|2016-11-20
P2,886,Team Golf San Francisco Giants Putter Grip,2016-11-27,9,17.0,1083,135,C,1,P2|886|2016-11-27
P2,886,Team Golf San Francisco Giants Putter Grip,2016-12-04,1,22.0,1083,118,C,1,P2|886|2016-12-04
P2,886,Team Golf San Francisco Giants Putter Grip,2016-12-11,7,21.0,1083,145,C,1,P2|886|2016-12-11
P2,886,Team Golf San Francisco Giants Putter Grip,2016-12-18,11,14.0,1083,213,C,1,P2|886|2016-12-18
P2,886,Team Golf San Francisco Giants Putter Grip,2016-12-25,3,3.0,1083,124,C,1,P2|886|2016-12-25
P2,886,Team Golf San Francisco Giants Putter Grip,2017-01-01,8,22.0,1083,161,C,1,P2|886|2017-01-01
P2,886,Team Golf San Francisco Giants Putter Grip,2017-01-08,3,14.0,1083,252,C,1,P2|886|2017-01-08
P2,886,Team Golf San Francisco Giants Putter Grip,2017-01-15,6,11.0,1083,105,C,1,P2|886|2017-01-15
P2,886,Team Golf San Francisco Giants Putter Grip,2017-01-22,10,5.0,1083,119,C,1,P2|886|2017-01-22
P2,886,Team Golf San Francisco Giants Putter Grip,2017-01-29,16,22.0,1083,153,C,1,P2|886|2017-01-29
P2,886,Team Golf San Francisco Giants Putter Grip,2017-02-05,5,6.0,1083,96,C,1,P2|886|2017-02-05
P2,886,Team Golf San Francisco Giants Putter Grip,2017-02-12,7,1.0,1083,122,C,1,P2|886|2017-02-12
P2,886,Team Golf San Francisco Giants Putter Grip,2017-02-19,9,0.0,1083,186,C,1,P2|886|2017-02-19
P2,886,Team Golf San Francisco Giants Putter Grip,2017-02-26,10,22.0,1083,103,C,1,P2|886|2017-02-26
P2,886,Team Golf San Francisco Giants Putter Grip,2017-03-05,7,12.0,1083,38,C,1,P2|886|2017-03-05
P2,886,Team Golf San Francisco Giants Putter Grip,2017-03-12,11,5.0,1083,93,C,1,P2|886|2017-03-12
P2,886,Team Golf San Francisco Giants Putter Grip,2017-03-19,16,0.0,1083,208,C,1,P2|886|2017-03-19
P2,886,Team Golf San Francisco Giants Putter Grip,2017-03-26,4,22.0,1083,181,C,1,P2|886|2017-03-26
P2,886,Team Golf San Francisco Giants Putter Grip,2017-04-02,11,18.0,1083,147,C,1,P2|886|2017-04-02
P2,886,Team Golf San Francisco Giants Putter Grip,2017-04-09,16,7.0,1083,160,C,1,P2|886|2017-04-09
P2,886,Team Golf San Francisco Giants Putter Grip,2017-04-16,19,0.0,1083,244,C,1,P2|886|2017-04-16
P2,886,Team Golf San Francisco Giants Putter Grip,2017-04-23,6,22.0,1083,180,C,1,P2|886|2017-04-23
P2,893,Team Golf Pittsburgh Steelers Putter Grip,2015-01-11,8,111.0,1083,249,C,1,P2|893|2015-01-11
P2,893,Team Golf Pittsburgh Steelers Putter Grip,2015-01-18,4,103.0,1083,64,C,1,P2|893|2015-01-18
P2,893,Team Golf Pittsburgh Steelers Putter Grip,2015-01-25,1,99.0,1083,167,C,1,P2|893|2015-01-25
P2,893,Team Golf Pittsburgh Steelers Putter Grip,2015-02-01,5,98.0,1083,93,C,1,P2|893|2015-02-01
P2,893,Team Golf Pittsburgh Steelers Putter Grip,2015-02-08,6,93.0,1083,203,C,1,P2|893|2015-02-08
P2,893,Team Golf Pittsburgh Steelers Putter Grip,2015-02-15,5,87.0,1083,178,C,1,P2|893|2015-02-15
P2,893,Team Golf Pittsburgh Steelers Putter Grip,2015-02-22,5,82.0,1083,95,C,1,P2|893|2015-02-22
P2,893,Team Golf Pittsburgh Steelers Putter Grip,2015-03-01,17,77.0,1083,93,C,1,P2|893|2015-03-01
P2,893,Team Golf Pittsburgh Steelers Putter Grip,2015-03-08,7,60.0,1083,47,C,1,P2|893|2015-03-08
P2,893,Team Golf Pittsburgh Steelers Putter Grip,2015-03-15,12,53.0,1083,224,C,1,P2|893|2015-03-15
P2,893,Team Golf Pittsburgh Steelers Putter Grip,2015-03-22,3,41.0,1083,110,C,1,P2|893|2015-03-22
P2,893,Team Golf Pittsburgh Steelers Putter Grip,2015-03-29,13,38.0,1083,63,C,1,P2|893|2015-03-29
P2,893,Team Golf Pittsburgh Steelers Putter Grip,2015-04-05,9,25.0,1083,124,C,1,P2|893|2015-04-05
P2,893,Team Golf Pittsburgh Steelers Putter Grip,2015-04-12,6,16.0,1083,64,C,1,P2|893|2015-04-12
P2,893,Team Golf Pittsburgh Steelers Putter Grip,2015-04-19,10,10.0,1083,125,C,1,P2|893|2015-04-19
P2,893,Team Golf Pittsburgh Steelers Putter Grip,2015-04-26,5,0.0,1083,288,C,1,P2|893|2015-04-26
P2,893,Team Golf Pittsburgh Steelers Putter Grip,2015-05-03,2,22.0,1083,119,C,1,P2|893|2015-05-03
P2,893,Team Golf Pittsburgh Steelers Putter Grip,2015-05-10,13,20.0,1083,143,C,1,P2|893|2015-05-10
P2,893,Team Golf Pittsburgh Steelers Putter Grip,2015-05-17,2,7.0,1083,145,C,1,P2|893|2015-05-17
P2,893,Team Golf Pittsburgh Steelers Putter Grip,2015-05-24,5,5.0,1083,121,C,1,P2|893|2015-05-24
P2,893,Team Golf Pittsburgh Steelers Putter Grip,2015-05-31,10,22.0,1083,48,C,1,P2|893|2015-05-31
P2,893,Team Golf Pittsburgh Steelers Putter Grip,2015-06-07,8,12.0,1083,184,C,1,P2|893|2015-06-07
P2,893,Team Golf Pittsburgh Steelers Putter Grip,2015-06-14,10,4.0,1083,256,C,1,P2|893|2015-06-14
P2,893,Team Golf Pittsburgh Steelers Putter Grip,2015-06-21,11,0.0,1083,196,C,1,P2|893|2015-06-21
P2,893,Team Golf Pittsburgh Steelers Putter Grip,2015-06-28,8,22.0,1083,183,C,1,P2|893|2015-06-28
P2,893,Team Golf Pittsburgh Steelers Putter Grip,2015-07-05,4,14.0,1083,139,C,1,P2|893|2015-07-05
P2,893,Team Golf Pittsburgh Steelers Putter Grip,2015-07-12,5,10.0,1083,89,C,1,P2|893|2015-07-12
P2,893,Team Golf Pittsburgh Steelers Putter Grip,2015-07-19,6,5.0,1083,87,C,1,P2|893|2015-07-19
P2,893,Team Golf Pittsburgh Steelers Putter Grip,2015-07-26,15,22.0,1083,132,C,1,P2|893|2015-07-26
P2,893,Team Golf Pittsburgh Steelers Putter Grip,2015-08-02,7,7.0,1083,148,C,1,P2|893|2015-08-02
P2,893,Team Golf Pittsburgh Steelers Putter Grip,2015-08-09,9,0.0,1083,184,C,1,P2|893|2015-08-09
P2,893,Team Golf Pittsburgh Steelers Putter Grip,2015-08-16,4,0.0,1083,113,C,1,P2|893|2015-08-16
P2,893,Team Golf Pittsburgh Steelers Putter Grip,2015-08-23,22,22.0,1083,168,C,1,P2|893|2015-08-23
P2,893,Team Golf Pittsburgh Steelers Putter Grip,2015-08-30,0,0.0,1083,125,C,1,P2|893|2015-08-30
P2,893,Team Golf Pittsburgh Steelers Putter Grip,2015-09-06,5,0.0,1083,181,C,1,P2|893|2015-09-06
P2,893,Team Golf Pittsburgh Steelers Putter Grip,2015-09-13,5,0.0,1083,240,C,1,P2|893|2015-09-13
P2,893,Team Golf Pittsburgh Steelers Putter Grip,2015-09-20,10,22.0,1083,116,C,1,P2|893|2015-09-20
P2,893,Team Golf Pittsburgh Steelers Putter Grip,2015-09-27,8,12.0,1083,35,C,1,P2|893|2015-09-27
P2,893,Team Golf Pittsburgh Steelers Putter Grip,2015-10-04,8,4.0,1083,240,C,1,P2|893|2015-10-04
P2,893,Team Golf Pittsburgh Steelers Putter Grip,2015-10-11,7,0.0,1083,116,C,1,P2|893|2015-10-11
P2,893,Team Golf Pittsburgh Steelers Putter Grip,2015-10-18,14,22.0,1083,53,C,1,P2|893|2015-10-18
P2,893,Team Golf Pittsburgh Steelers Putter Grip,2015-10-25,5,8.0,1083,220,C,1,P2|893|2015-10-25
P2,893,Team Golf Pittsburgh Steelers Putter Grip,2015-11-01,5,3.0,1083,186,C,1,P2|893|2015-11-01
P2,893,Team Golf Pittsburgh Steelers Putter Grip,2015-11-08,11,0.0,1083,125,C,1,P2|893|2015-11-08
P2,893,Team Golf Pittsburgh Steelers Putter Grip,2015-11-15,1,22.0,1083,113,C,1,P2|893|2015-11-15
P2,893,Team Golf Pittsburgh Steelers Putter Grip,2015-11-22,3,21.0,1083,124,C,1,P2|893|2015-11-22
P2,893,Team Golf Pittsburgh Steelers Putter Grip,2015-11-29,8,18.0,1083,225,C,1,P2|893|2015-11-29
P2,893,Team Golf Pittsburgh Steelers Putter Grip,2015-12-06,0,10.0,1083,124,C,1,P2|893|2015-12-06
P2,893,Team Golf Pittsburgh Steelers Putter Grip,2015-12-13,2,22.0,1083,232,C,1,P2|893|2015-12-13
P2,893,Team Golf Pittsburgh Steelers Putter Grip,2015-12-20,14,20.0,1083,141,C,1,P2|893|2015-12-20
P2,893,Team Golf Pittsburgh Steelers Putter Grip,2015-12-27,5,6.0,1083,83,C,1,P2|893|2015-12-27
P2,893,Team Golf Pittsburgh Steelers Putter Grip,2016-01-03,3,1.0,1083,127,C,1,P2|893|2016-01-03
P2,893,Team Golf Pittsburgh Steelers Putter Grip,2016-01-10,7,22.0,1083,150,C,1,P2|893|2016-01-10
P2,893,Team Golf Pittsburgh Steelers Putter Grip,2016-01-17,2,15.0,1083,245,C,1,P2|893|2016-01-17
P2,893,Team Golf Pittsburgh Steelers Putter Grip,2016-01-24,0,13.0,1083,156,C,1,P2|893|2016-01-24
P2,893,Team Golf Pittsburgh Steelers Putter Grip,2016-01-31,8,13.0,1083,129,C,1,P2|893|2016-01-31
P2,893,Team Golf Pittsburgh Steelers Putter Grip,2016-02-07,0,22.0,1083,290,C,1,P2|893|2016-02-07
P2,893,Team Golf Pittsburgh Steelers Putter Grip,2016-02-14,11,22.0,1083,111,C,1,P2|893|2016-02-14
P2,893,Team Golf Pittsburgh Steelers Putter Grip,2016-02-21,5,11.0,1083,205,C,1,P2|893|2016-02-21
P2,893,Team Golf Pittsburgh Steelers Putter Grip,2016-02-28,11,6.0,1083,165,C,1,P2|893|2016-02-28
P2,893,Team Golf Pittsburgh Steelers Putter Grip,2016-03-06,15,22.0,1083,112,C,1,P2|893|2016-03-06
P2,893,Team Golf Pittsburgh Steelers Putter Grip,2016-03-13,6,7.0,1083,255,C,1,P2|893|2016-03-13
P2,893,Team Golf Pittsburgh Steelers Putter Grip,2016-03-20,4,1.0,1083,244,C,1,P2|893|2016-03-20
P2,893,Team Golf Pittsburgh Steelers Putter Grip,2016-03-27,10,0.0,1083,199,C,1,P2|893|2016-03-27
P2,893,Team Golf Pittsburgh Steelers Putter Grip,2016-04-03,19,22.0,1083,70,C,1,P2|893|2016-04-03
P2,893,Team Golf Pittsburgh Steelers Putter Grip,2016-04-10,10,3.0,1083,227,C,1,P2|893|2016-04-10
P2,893,Team Golf Pittsburgh Steelers Putter Grip,2016-04-17,11,0.0,1083,93,C,1,P2|893|2016-04-17
P2,893,Team Golf Pittsburgh Steelers Putter Grip,2016-04-24,0,0.0,1083,114,C,1,P2|893|2016-04-24
P2,893,Team Golf Pittsburgh Steelers Putter Grip,2016-05-01,12,22.0,1083,210,C,1,P2|893|2016-05-01
P2,893,Team Golf Pittsburgh Steelers Putter Grip,2016-05-08,9,10.0,1083,200,C,1,P2|893|2016-05-08
P2,893,Team Golf Pittsburgh Steelers Putter Grip,2016-05-15,6,1.0,1083,123,C,1,P2|893|2016-05-15
P2,893,Team Golf Pittsburgh Steelers Putter Grip,2016-05-22,0,0.0,1083,151,C,1,P2|893|2016-05-22
P2,893,Team Golf Pittsburgh Steelers Putter Grip,2016-05-29,4,22.0,1083,243,C,1,P2|893|2016-05-29
P2,893,Team Golf Pittsburgh Steelers Putter Grip,2016-06-05,14,18.0,1083,136,C,1,P2|893|2016-06-05
P2,893,Team Golf Pittsburgh Steelers Putter Grip,2016-06-12,5,4.0,1083,196,C,1,P2|893|2016-06-12
P2,893,Team Golf Pittsburgh Steelers Putter Grip,2016-06-19,23,0.0,1083,201,C,1,P2|893|2016-06-19
P2,893,Team Golf Pittsburgh Steelers Putter Grip,2016-06-26,5,22.0,1083,48,C,1,P2|893|2016-06-26
P2,893,Team Golf Pittsburgh Steelers Putter Grip,2016-07-03,4,17.0,1083,192,C,1,P2|893|2016-07-03
P2,893,Team Golf Pittsburgh Steelers Putter Grip,2016-07-10,11,13.0,1083,193,C,1,P2|893|2016-07-10
P2,893,Team Golf Pittsburgh Steelers Putter Grip,2016-07-17,6,2.0,1083,117,C,1,P2|893|2016-07-17
P2,893,Team Golf Pittsburgh Steelers Putter Grip,2016-07-24,0,22.0,1083,149,C,1,P2|893|2016-07-24
P2,893,Team Golf Pittsburgh Steelers Putter Grip,2016-07-31,0,22.0,1083,154,C,1,P2|893|2016-07-31
P2,893,Team Golf Pittsburgh Steelers Putter Grip,2016-08-07,0,22.0,1083,117,C,1,P2|893|2016-08-07
P2,893,Team Golf Pittsburgh Steelers Putter Grip,2016-08-14,3,22.0,1083,92,C,1,P2|893|2016-08-14
P2,893,Team Golf Pittsburgh Steelers Putter Grip,2016-08-21,3,22.0,1083,141,C,1,P2|893|2016-08-21
P2,893,Team Golf Pittsburgh Steelers Putter Grip,2016-08-28,9,19.0,1083,160,C,1,P2|893|2016-08-28
P2,893,Team Golf Pittsburgh Steelers Putter Grip,2016-09-04,12,10.0,1083,180,C,1,P2|893|2016-09-04
P2,893,Team Golf Pittsburgh Steelers Putter Grip,2016-09-11,7,0.0,1083,163,C,1,P2|893|2016-09-11
P2,893,Team Golf Pittsburgh Steelers Putter Grip,2016-09-18,6,22.0,1083,87,C,1,P2|893|2016-09-18
P2,893,Team Golf Pittsburgh Steelers Putter Grip,2016-09-25,8,16.0,1083,133,C,1,P2|893|2016-09-25
P2,893,Team Golf Pittsburgh Steelers Putter Grip,2016-10-02,9,8.0,1083,157,C,1,P2|893|2016-10-02
P2,893,Team Golf Pittsburgh Steelers Putter Grip,2016-10-09,12,0.0,1083,168,C,1,P2|893|2016-10-09
P2,893,Team Golf Pittsburgh Steelers Putter Grip,2016-10-16,6,22.0,1083,104,C,1,P2|893|2016-10-16
P2,893,Team Golf Pittsburgh Steelers Putter Grip,2016-10-23,13,16.0,1083,98,C,1,P2|893|2016-10-23
P2,893,Team Golf Pittsburgh Steelers Putter Grip,2016-10-30,15,3.0,1083,197,C,1,P2|893|2016-10-30
P2,893,Team Golf Pittsburgh Steelers Putter Grip,2016-11-06,8,0.0,1083,186,C,1,P2|893|2016-11-06
P2,893,Team Golf Pittsburgh Steelers Putter Grip,2016-11-13,11,22.0,1083,232,C,1,P2|893|2016-11-13
P2,893,Team Golf Pittsburgh Steelers Putter Grip,2016-11-20,18,11.0,1083,176,C,1,P2|893|2016-11-20
P2,893,Team Golf Pittsburgh Steelers Putter Grip,2016-11-27,12,0.0,1083,135,C,1,P2|893|2016-11-27
P2,893,Team Golf Pittsburgh Steelers Putter Grip,2016-12-04,3,0.0,1083,118,C,1,P2|893|2016-12-04
P2,893,Team Golf Pittsburgh Steelers Putter Grip,2016-12-11,2,22.0,1083,145,C,1,P2|893|2016-12-11
P2,893,Team Golf Pittsburgh Steelers Putter Grip,2016-12-18,17,20.0,1083,213,C,1,P2|893|2016-12-18
P2,893,Team Golf Pittsburgh Steelers Putter Grip,2016-12-25,7,3.0,1083,124,C,1,P2|893|2016-12-25
P2,893,Team Golf Pittsburgh Steelers Putter Grip,2017-01-01,4,0.0,1083,161,C,1,P2|893|2017-01-01
P2,893,Team Golf Pittsburgh Steelers Putter Grip,2017-01-08,3,22.0,1083,252,C,1,P2|893|2017-01-08
P2,893,Team Golf Pittsburgh Steelers Putter Grip,2017-01-15,2,19.0,1083,105,C,1,P2|893|2017-01-15
P2,893,Team Golf Pittsburgh Steelers Putter Grip,2017-01-22,7,17.0,1083,119,C,1,P2|893|2017-01-22
P2,893,Team Golf Pittsburgh Steelers Putter Grip,2017-01-29,18,10.0,1083,153,C,1,P2|893|2017-01-29
P2,893,Team Golf Pittsburgh Steelers Putter Grip,2017-02-05,3,22.0,1083,96,C,1,P2|893|2017-02-05
P2,893,Team Golf Pittsburgh Steelers Putter Grip,2017-02-12,11,19.0,1083,122,C,1,P2|893|2017-02-12
P2,893,Team Golf Pittsburgh Steelers Putter Grip,2017-02-19,5,8.0,1083,186,C,1,P2|893|2017-02-19
P2,893,Team Golf Pittsburgh Steelers Putter Grip,2017-02-26,2,3.0,1083,103,C,1,P2|893|2017-02-26
P2,893,Team Golf Pittsburgh Steelers Putter Grip,2017-03-05,0,22.0,1083,38,C,1,P2|893|2017-03-05
P2,893,Team Golf Pittsburgh Steelers Putter Grip,2017-03-12,17,22.0,1083,93,C,1,P2|893|2017-03-12
P2,893,Team Golf Pittsburgh Steelers Putter Grip,2017-03-19,2,5.0,1083,208,C,1,P2|893|2017-03-19
P2,893,Team Golf Pittsburgh Steelers Putter Grip,2017-03-26,5,3.0,1083,181,C,1,P2|893|2017-03-26
P2,893,Team Golf Pittsburgh Steelers Putter Grip,2017-04-02,0,22.0,1083,147,C,1,P2|893|2017-04-02
P2,893,Team Golf Pittsburgh Steelers Putter Grip,2017-04-09,10,22.0,1083,160,C,1,P2|893|2017-04-09
P2,893,Team Golf Pittsburgh Steelers Putter Grip,2017-04-16,18,12.0,1083,244,C,1,P2|893|2017-04-16
P2,893,Team Golf Pittsburgh Steelers Putter Grip,2017-04-23,10,0.0,1083,180,C,1,P2|893|2017-04-23
P2,897,Team Golf New England Patriots Putter Grip,2015-01-04,5,102.0,1083,548,C,1,P2|897|2015-01-04
P2,897,Team Golf New England Patriots Putter Grip,2015-01-11,5,97.0,1083,249,C,1,P2|897|2015-01-11
P2,897,Team Golf New England Patriots Putter Grip,2015-01-18,0,92.0,1083,64,C,1,P2|897|2015-01-18
P2,897,Team Golf New England Patriots Putter Grip,2015-01-25,2,92.0,1083,167,C,1,P2|897|2015-01-25
P2,897,Team Golf New England Patriots Putter Grip,2015-02-01,5,90.0,1083,93,C,1,P2|897|2015-02-01
P2,897,Team Golf New England Patriots Putter Grip,2015-02-08,0,85.0,1083,203,C,1,P2|897|2015-02-08
P2,897,Team Golf New England Patriots Putter Grip,2015-02-15,0,85.0,1083,178,C,1,P2|897|2015-02-15
P2,897,Team Golf New England Patriots Putter Grip,2015-02-22,6,85.0,1083,95,C,1,P2|897|2015-02-22
P2,897,Team Golf New England Patriots Putter Grip,2015-03-01,3,79.0,1083,93,C,1,P2|897|2015-03-01
P2,897,Team Golf New England Patriots Putter Grip,2015-03-08,0,76.0,1083,47,C,1,P2|897|2015-03-08
P2,897,Team Golf New England Patriots Putter Grip,2015-03-15,10,76.0,1083,224,C,1,P2|897|2015-03-15
P2,897,Team Golf New England Patriots Putter Grip,2015-03-22,7,66.0,1083,110,C,1,P2|897|2015-03-22
P2,897,Team Golf New England Patriots Putter Grip,2015-03-29,5,59.0,1083,63,C,1,P2|897|2015-03-29
P2,897,Team Golf New England Patriots Putter Grip,2015-04-05,10,54.0,1083,124,C,1,P2|897|2015-04-05
P2,897,Team Golf New England Patriots Putter Grip,2015-04-12,0,44.0,1083,64,C,1,P2|897|2015-04-12
P2,897,Team Golf New England Patriots Putter Grip,2015-04-19,5,44.0,1083,125,C,1,P2|897|2015-04-19
P2,897,Team Golf New England Patriots Putter Grip,2015-04-26,0,39.0,1083,288,C,1,P2|897|2015-04-26
P2,897,Team Golf New England Patriots Putter Grip,2015-05-03,0,39.0,1083,119,C,1,P2|897|2015-05-03
P2,897,Team Golf New England Patriots Putter Grip,2015-05-10,8,39.0,1083,143,C,1,P2|897|2015-05-10
P2,897,Team Golf New England Patriots Putter Grip,2015-05-17,13,31.0,1083,145,C,1,P2|897|2015-05-17
P2,897,Team Golf New England Patriots Putter Grip,2015-05-24,7,20.0,1083,121,C,1,P2|897|2015-05-24
P2,897,Team Golf New England Patriots Putter Grip,2015-05-31,17,13.0,1083,48,C,1,P2|897|2015-05-31
P2,897,Team Golf New England Patriots Putter Grip,2015-06-07,3,0.0,1083,184,C,1,P2|897|2015-06-07
P2,897,Team Golf New England Patriots Putter Grip,2015-06-14,1,0.0,1083,256,C,1,P2|897|2015-06-14
P2,897,Team Golf New England Patriots Putter Grip,2015-06-21,12,20.0,1083,196,C,1,P2|897|2015-06-21
P2,897,Team Golf New England Patriots Putter Grip,2015-06-28,0,8.0,1083,183,C,1,P2|897|2015-06-28
P2,897,Team Golf New England Patriots Putter Grip,2015-07-05,11,8.0,1083,139,C,1,P2|897|2015-07-05
P2,897,Team Golf New England Patriots Putter Grip,2015-07-12,9,0.0,1083,89,C,1,P2|897|2015-07-12
P2,897,Team Golf New England Patriots Putter Grip,2015-07-19,4,20.0,1083,87,C,1,P2|897|2015-07-19
P2,897,Team Golf New England Patriots Putter Grip,2015-07-26,3,16.0,1083,132,C,1,P2|897|2015-07-26
P2,897,Team Golf New England Patriots Putter Grip,2015-08-02,4,13.0,1083,148,C,1,P2|897|2015-08-02
P2,897,Team Golf New England Patriots Putter Grip,2015-08-09,5,9.0,1083,184,C,1,P2|897|2015-08-09
P2,897,Team Golf New England Patriots Putter Grip,2015-08-16,1,20.0,1083,113,C,1,P2|897|2015-08-16
P2,897,Team Golf New England Patriots Putter Grip,2015-08-23,10,19.0,1083,168,C,1,P2|897|2015-08-23
P2,897,Team Golf New England Patriots Putter Grip,2015-08-30,11,9.0,1083,125,C,1,P2|897|2015-08-30
P2,897,Team Golf New England Patriots Putter Grip,2015-09-06,9,0.0,1083,181,C,1,P2|897|2015-09-06
P2,897,Team Golf New England Patriots Putter Grip,2015-09-13,3,20.0,1083,240,C,1,P2|897|2015-09-13
P2,897,Team Golf New England Patriots Putter Grip,2015-09-20,5,17.0,1083,116,C,1,P2|897|2015-09-20
P2,897,Team Golf New England Patriots Putter Grip,2015-09-27,0,12.0,1083,35,C,1,P2|897|2015-09-27
P2,897,Team Golf New England Patriots Putter Grip,2015-10-04,6,12.0,1083,240,C,1,P2|897|2015-10-04
P2,897,Team Golf New England Patriots Putter Grip,2015-10-11,5,20.0,1083,116,C,1,P2|897|2015-10-11
P2,897,Team Golf New England Patriots Putter Grip,2015-10-18,9,15.0,1083,53,C,1,P2|897|2015-10-18
P2,897,Team Golf New England Patriots Putter Grip,2015-10-25,11,6.0,1083,220,C,1,P2|897|2015-10-25
P2,897,Team Golf New England Patriots Putter Grip,2015-11-01,15,0.0,1083,186,C,1,P2|897|2015-11-01
P2,897,Team Golf New England Patriots Putter Grip,2015-11-08,19,20.0,1083,125,C,1,P2|897|2015-11-08
P2,897,Team Golf New England Patriots Putter Grip,2015-11-15,13,1.0,1083,113,C,1,P2|897|2015-11-15
P2,897,Team Golf New England Patriots Putter Grip,2015-11-22,6,0.0,1083,124,C,1,P2|897|2015-11-22
P2,897,Team Golf New England Patriots Putter Grip,2015-11-29,4,0.0,1083,225,C,1,P2|897|2015-11-29
P2,897,Team Golf New England Patriots Putter Grip,2015-12-06,3,20.0,1083,124,C,1,P2|897|2015-12-06
P2,897,Team Golf New England Patriots Putter Grip,2015-12-13,0,17.0,1083,232,C,1,P2|897|2015-12-13
P2,897,Team Golf New England Patriots Putter Grip,2015-12-20,0,17.0,1083,141,C,1,P2|897|2015-12-20
P2,897,Team Golf New England Patriots Putter Grip,2015-12-27,8,17.0,1083,83,C,1,P2|897|2015-12-27
P2,897,Team Golf New England Patriots Putter Grip,2016-01-03,12,20.0,1083,127,C,1,P2|897|2016-01-03
P2,897,Team Golf New England Patriots Putter Grip,2016-01-10,13,8.0,1083,150,C,1,P2|897|2016-01-10
P2,897,Team Golf New England Patriots Putter Grip,2016-01-17,6,0.0,1083,245,C,1,P2|897|2016-01-17
P2,897,Team Golf New England Patriots Putter Grip,2016-01-24,4,0.0,1083,156,C,1,P2|897|2016-01-24
P2,897,Team Golf New England Patriots Putter Grip,2016-01-31,6,20.0,1083,129,C,1,P2|897|2016-01-31
P2,897,Team Golf New England Patriots Putter Grip,2016-02-07,6,14.0,1083,290,C,1,P2|897|2016-02-07
P2,897,Team Golf New England Patriots Putter Grip,2016-02-14,11,8.0,1083,111,C,1,P2|897|2016-02-14
P2,897,Team Golf New England Patriots Putter Grip,2016-02-21,5,0.0,1083,205,C,1,P2|897|2016-02-21
P2,897,Team Golf New England Patriots Putter Grip,2016-02-28,10,20.0,1083,165,C,1,P2|897|2016-02-28
P2,897,Team Golf New England Patriots Putter Grip,2016-03-06,8,10.0,1083,112,C,1,P2|897|2016-03-06
P2,897,Team Golf New England Patriots Putter Grip,2016-03-13,6,2.0,1083,255,C,1,P2|897|2016-03-13
P2,897,Team Golf New England Patriots Putter Grip,2016-03-20,4,0.0,1083,244,C,1,P2|897|2016-03-20
P2,897,Team Golf New England Patriots Putter Grip,2016-03-27,4,20.0,1083,199,C,1,P2|897|2016-03-27
P2,897,Team Golf New England Patriots Putter Grip,2016-04-03,3,16.0,1083,70,C,1,P2|897|2016-04-03
P2,897,Team Golf New England Patriots Putter Grip,2016-04-10,23,13.0,1083,227,C,1,P2|897|2016-04-10
P2,897,Team Golf New England Patriots Putter Grip,2016-04-17,9,0.0,1083,93,C,1,P2|897|2016-04-17
P2,897,Team Golf New England Patriots Putter Grip,2016-04-24,16,20.0,1083,114,C,1,P2|897|2016-04-24
P2,897,Team Golf New England Patriots Putter Grip,2016-05-01,4,4.0,1083,210,C,1,P2|897|2016-05-01
P2,897,Team Golf New England Patriots Putter Grip,2016-05-08,12,0.0,1083,200,C,1,P2|897|2016-05-08
P2,897,Team Golf New England Patriots Putter Grip,2016-05-15,5,0.0,1083,123,C,1,P2|897|2016-05-15
P2,897,Team Golf New England Patriots Putter Grip,2016-05-22,5,20.0,1083,151,C,1,P2|897|2016-05-22
P2,897,Team Golf New England Patriots Putter Grip,2016-05-29,5,15.0,1083,243,C,1,P2|897|2016-05-29
P2,897,Team Golf New England Patriots Putter Grip,2016-06-05,2,10.0,1083,136,C,1,P2|897|2016-06-05
P2,897,Team Golf New England Patriots Putter Grip,2016-06-12,4,8.0,1083,196,C,1,P2|897|2016-06-12
P2,897,Team Golf New England Patriots Putter Grip,2016-06-19,0,20.0,1083,201,C,1,P2|897|2016-06-19
P2,897,Team Golf New England Patriots Putter Grip,2016-06-26,7,20.0,1083,48,C,1,P2|897|2016-06-26
P2,897,Team Golf New England Patriots Putter Grip,2016-07-03,16,13.0,1083,192,C,1,P2|897|2016-07-03
P2,897,Team Golf New England Patriots Putter Grip,2016-07-10,7,0.0,1083,193,C,1,P2|897|2016-07-10
P2,897,Team Golf New England Patriots Putter Grip,2016-07-17,15,20.0,1083,117,C,1,P2|897|2016-07-17
P2,897,Team Golf New England Patriots Putter Grip,2016-07-24,14,5.0,1083,149,C,1,P2|897|2016-07-24
P2,897,Team Golf New England Patriots Putter Grip,2016-07-31,11,0.0,1083,154,C,1,P2|897|2016-07-31
P2,897,Team Golf New England Patriots Putter Grip,2016-08-07,12,0.0,1083,117,C,1,P2|897|2016-08-07
P2,897,Team Golf New England Patriots Putter Grip,2016-08-14,11,20.0,1083,92,C,1,P2|897|2016-08-14
P2,897,Team Golf New England Patriots Putter Grip,2016-08-21,3,9.0,1083,141,C,1,P2|897|2016-08-21
P2,897,Team Golf New England Patriots Putter Grip,2016-08-28,2,6.0,1083,160,C,1,P2|897|2016-08-28
P2,897,Team Golf New England Patriots Putter Grip,2016-09-04,9,4.0,1083,180,C,1,P2|897|2016-09-04
P2,897,Team Golf New England Patriots Putter Grip,2016-09-11,9,20.0,1083,163,C,1,P2|897|2016-09-11
P2,897,Team Golf New England Patriots Putter Grip,2016-09-18,5,11.0,1083,87,C,1,P2|897|2016-09-18
P2,897,Team Golf New England Patriots Putter Grip,2016-09-25,3,6.0,1083,133,C,1,P2|897|2016-09-25
P2,897,Team Golf New England Patriots Putter Grip,2016-10-02,8,3.0,1083,157,C,1,P2|897|2016-10-02
P2,897,Team Golf New England Patriots Putter Grip,2016-10-09,14,20.0,1083,168,C,1,P2|897|2016-10-09
P2,897,Team Golf New England Patriots Putter Grip,2016-10-16,10,6.0,1083,104,C,1,P2|897|2016-10-16
P2,897,Team Golf New England Patriots Putter Grip,2016-10-23,3,0.0,1083,98,C,1,P2|897|2016-10-23
P2,897,Team Golf New England Patriots Putter Grip,2016-10-30,9,0.0,1083,197,C,1,P2|897|2016-10-30
P2,897,Team Golf New England Patriots Putter Grip,2016-11-06,11,20.0,1083,186,C,1,P2|897|2016-11-06
P2,897,Team Golf New England Patriots Putter Grip,2016-11-13,4,9.0,1083,232,C,1,P2|897|2016-11-13
P2,897,Team Golf New England Patriots Putter Grip,2016-11-20,0,5.0,1083,176,C,1,P2|897|2016-11-20
P2,897,Team Golf New England Patriots Putter Grip,2016-11-27,2,5.0,1083,135,C,1,P2|897|2016-11-27
P2,897,Team Golf New England Patriots Putter Grip,2016-12-04,7,20.0,1083,118,C,1,P2|897|2016-12-04
P2,897,Team Golf New England Patriots Putter Grip,2016-12-11,0,13.0,1083,145,C,1,P2|897|2016-12-11
P2,897,Team Golf New England Patriots Putter Grip,2016-12-18,3,13.0,1083,213,C,1,P2|897|2016-12-18
P2,897,Team Golf New England Patriots Putter Grip,2016-12-25,6,10.0,1083,124,C,1,P2|897|2016-12-25
P2,897,Team Golf New England Patriots Putter Grip,2017-01-01,19,20.0,1083,161,C,1,P2|897|2017-01-01
P2,897,Team Golf New England Patriots Putter Grip,2017-01-08,8,1.0,1083,252,C,1,P2|897|2017-01-08
P2,897,Team Golf New England Patriots Putter Grip,2017-01-15,6,0.0,1083,105,C,1,P2|897|2017-01-15
P2,897,Team Golf New England Patriots Putter Grip,2017-01-22,4,0.0,1083,119,C,1,P2|897|2017-01-22
P2,897,Team Golf New England Patriots Putter Grip,2017-01-29,2,20.0,1083,153,C,1,P2|897|2017-01-29
P2,897,Team Golf New England Patriots Putter Grip,2017-02-05,11,18.0,1083,96,C,1,P2|897|2017-02-05
P2,897,Team Golf New England Patriots Putter Grip,2017-02-12,0,7.0,1083,122,C,1,P2|897|2017-02-12
P2,897,Team Golf New England Patriots Putter Grip,2017-02-19,11,7.0,1083,186,C,1,P2|897|2017-02-19
P2,897,Team Golf New England Patriots Putter Grip,2017-02-26,2,20.0,1083,103,C,1,P2|897|2017-02-26
P2,897,Team Golf New England Patriots Putter Grip,2017-03-05,0,18.0,1083,38,C,1,P2|897|2017-03-05
P2,897,Team Golf New England Patriots Putter Grip,2017-03-12,14,18.0,1083,93,C,1,P2|897|2017-03-12
P2,897,Team Golf New England Patriots Putter Grip,2017-03-19,11,4.0,1083,208,C,1,P2|897|2017-03-19
P2,897,Team Golf New England Patriots Putter Grip,2017-03-26,10,20.0,1083,181,C,1,P2|897|2017-03-26
P2,897,Team Golf New England Patriots Putter Grip,2017-04-02,24,10.0,1083,147,C,1,P2|897|2017-04-02
P2,897,Team Golf New England Patriots Putter Grip,2017-04-09,12,0.0,1083,160,C,1,P2|897|2017-04-09
P2,897,Team Golf New England Patriots Putter Grip,2017-04-16,4,0.0,1083,244,C,1,P2|897|2017-04-16
P2,897,Team Golf New England Patriots Putter Grip,2017-04-23,3,20.0,1083,180,C,1,P2|897|2017-04-23
P2,905,Team Golf Texas Longhorns Putter Grip,2015-01-04,3,111.0,1083,548,C,1,P2|905|2015-01-04
P2,905,Team Golf Texas Longhorns Putter Grip,2015-01-11,5,108.0,1083,249,C,1,P2|905|2015-01-11
P2,905,Team Golf Texas Longhorns Putter Grip,2015-01-18,12,103.0,1083,64,C,1,P2|905|2015-01-18
P2,905,Team Golf Texas Longhorns Putter Grip,2015-01-25,6,91.0,1083,167,C,1,P2|905|2015-01-25
P2,905,Team Golf Texas Longhorns Putter Grip,2015-02-01,5,85.0,1083,93,C,1,P2|905|2015-02-01
P2,905,Team Golf Texas Longhorns Putter Grip,2015-02-08,0,80.0,1083,203,C,1,P2|905|2015-02-08
P2,905,Team Golf Texas Longhorns Putter Grip,2015-02-15,12,80.0,1083,178,C,1,P2|905|2015-02-15
P2,905,Team Golf Texas Longhorns Putter Grip,2015-02-22,5,68.0,1083,95,C,1,P2|905|2015-02-22
P2,905,Team Golf Texas Longhorns Putter Grip,2015-03-01,9,63.0,1083,93,C,1,P2|905|2015-03-01
P2,905,Team Golf Texas Longhorns Putter Grip,2015-03-08,9,54.0,1083,47,C,1,P2|905|2015-03-08
P2,905,Team Golf Texas Longhorns Putter Grip,2015-03-15,0,45.0,1083,224,C,1,P2|905|2015-03-15
P2,905,Team Golf Texas Longhorns Putter Grip,2015-03-22,0,45.0,1083,110,C,1,P2|905|2015-03-22
P2,905,Team Golf Texas Longhorns Putter Grip,2015-03-29,14,45.0,1083,63,C,1,P2|905|2015-03-29
P2,905,Team Golf Texas Longhorns Putter Grip,2015-04-05,13,31.0,1083,124,C,1,P2|905|2015-04-05
P2,905,Team Golf Texas Longhorns Putter Grip,2015-04-12,11,18.0,1083,64,C,1,P2|905|2015-04-12
P2,905,Team Golf Texas Longhorns Putter Grip,2015-04-19,4,7.0,1083,125,C,1,P2|905|2015-04-19
P2,905,Team Golf Texas Longhorns Putter Grip,2015-04-26,10,22.0,1083,288,C,1,P2|905|2015-04-26
P2,905,Team Golf Texas Longhorns Putter Grip,2015-05-03,2,12.0,1083,119,C,1,P2|905|2015-05-03
P2,905,Team Golf Texas Longhorns Putter Grip,2015-05-10,10,10.0,1083,143,C,1,P2|905|2015-05-10
P2,905,Team Golf Texas Longhorns Putter Grip,2015-05-17,12,0.0,1083,145,C,1,P2|905|2015-05-17
P2,905,Team Golf Texas Longhorns Putter Grip,2015-05-24,9,22.0,1083,121,C,1,P2|905|2015-05-24
P2,905,Team Golf Texas Longhorns Putter Grip,2015-05-31,11,13.0,1083,48,C,1,P2|905|2015-05-31
P2,905,Team Golf Texas Longhorns Putter Grip,2015-06-07,11,2.0,1083,184,C,1,P2|905|2015-06-07
P2,905,Team Golf Texas Longhorns Putter Grip,2015-06-14,6,0.0,1083,256,C,1,P2|905|2015-06-14
P2,905,Team Golf Texas Longhorns Putter Grip,2015-06-21,4,22.0,1083,196,C,1,P2|905|2015-06-21
P2,905,Team Golf Texas Longhorns Putter Grip,2015-06-28,10,18.0,1083,183,C,1,P2|905|2015-06-28
P2,905,Team Golf Texas Longhorns Putter Grip,2015-07-05,10,8.0,1083,139,C,1,P2|905|2015-07-05
P2,905,Team Golf Texas Longhorns Putter Grip,2015-07-12,11,0.0,1083,89,C,1,P2|905|2015-07-12
P2,905,Team Golf Texas Longhorns Putter Grip,2015-07-19,14,22.0,1083,87,C,1,P2|905|2015-07-19
P2,905,Team Golf Texas Longhorns Putter Grip,2015-07-26,4,8.0,1083,132,C,1,P2|905|2015-07-26
P2,905,Team Golf Texas Longhorns Putter Grip,2015-08-02,4,4.0,1083,148,C,1,P2|905|2015-08-02
P2,905,Team Golf Texas Longhorns Putter Grip,2015-08-09,3,0.0,1083,184,C,1,P2|905|2015-08-09
P2,905,Team Golf Texas Longhorns Putter Grip,2015-08-16,13,22.0,1083,113,C,1,P2|905|2015-08-16
P2,905,Team Golf Texas Longhorns Putter Grip,2015-08-23,3,9.0,1083,168,C,1,P2|905|2015-08-23
P2,905,Team Golf Texas Longhorns Putter Grip,2015-08-30,15,6.0,1083,125,C,1,P2|905|2015-08-30
P2,905,Team Golf Texas Longhorns Putter Grip,2015-09-06,8,0.0,1083,181,C,1,P2|905|2015-09-06
P2,905,Team Golf Texas Longhorns Putter Grip,2015-09-13,3,22.0,1083,240,C,1,P2|905|2015-09-13
P2,905,Team Golf Texas Longhorns Putter Grip,2015-09-20,8,19.0,1083,116,C,1,P2|905|2015-09-20
P2,905,Team Golf Texas Longhorns Putter Grip,2015-09-27,8,11.0,1083,35,C,1,P2|905|2015-09-27
P2,905,Team Golf Texas Longhorns Putter Grip,2015-10-04,6,3.0,1083,240,C,1,P2|905|2015-10-04
P2,905,Team Golf Texas Longhorns Putter Grip,2015-10-11,9,22.0,1083,116,C,1,P2|905|2015-10-11
P2,905,Team Golf Texas Longhorns Putter Grip,2015-10-18,10,13.0,1083,53,C,1,P2|905|2015-10-18
P2,905,Team Golf Texas Longhorns Putter Grip,2015-10-25,1,3.0,1083,220,C,1,P2|905|2015-10-25
P2,905,Team Golf Texas Longhorns Putter Grip,2015-11-01,9,2.0,1083,186,C,1,P2|905|2015-11-01
P2,905,Team Golf Texas Longhorns Putter Grip,2015-11-08,15,22.0,1083,125,C,1,P2|905|2015-11-08
P2,905,Team Golf Texas Longhorns Putter Grip,2015-11-15,4,7.0,1083,113,C,1,P2|905|2015-11-15
P2,905,Team Golf Texas Longhorns Putter Grip,2015-11-22,7,3.0,1083,124,C,1,P2|905|2015-11-22
P2,905,Team Golf Texas Longhorns Putter Grip,2015-11-29,7,0.0,1083,225,C,1,P2|905|2015-11-29
P2,905,Team Golf Texas Longhorns Putter Grip,2015-12-06,17,22.0,1083,124,C,1,P2|905|2015-12-06
P2,905,Team Golf Texas Longhorns Putter Grip,2015-12-13,2,5.0,1083,232,C,1,P2|905|2015-12-13
P2,905,Team Golf Texas Longhorns Putter Grip,2015-12-20,10,3.0,1083,141,C,1,P2|905|2015-12-20
P2,905,Team Golf Texas Longhorns Putter Grip,2015-12-27,5,0.0,1083,83,C,1,P2|905|2015-12-27
P2,905,Team Golf Texas Longhorns Putter Grip,2016-01-03,6,22.0,1083,127,C,1,P2|905|2016-01-03
P2,905,Team Golf Texas Longhorns Putter Grip,2016-01-10,9,16.0,1083,150,C,1,P2|905|2016-01-10
P2,905,Team Golf Texas Longhorns Putter Grip,2016-01-17,12,7.0,1083,245,C,1,P2|905|2016-01-17
P2,905,Team Golf Texas Longhorns Putter Grip,2016-01-24,4,0.0,1083,156,C,1,P2|905|2016-01-24
P2,905,Team Golf Texas Longhorns Putter Grip,2016-01-31,5,22.0,1083,129,C,1,P2|905|2016-01-31
P2,905,Team Golf Texas Longhorns Putter Grip,2016-02-07,8,17.0,1083,290,C,1,P2|905|2016-02-07
P2,905,Team Golf Texas Longhorns Putter Grip,2016-02-14,4,9.0,1083,111,C,1,P2|905|2016-02-14
P2,905,Team Golf Texas Longhorns Putter Grip,2016-02-21,13,5.0,1083,205,C,1,P2|905|2016-02-21
P2,905,Team Golf Texas Longhorns Putter Grip,2016-02-28,4,22.0,1083,165,C,1,P2|905|2016-02-28
P2,905,Team Golf Texas Longhorns Putter Grip,2016-03-06,0,18.0,1083,112,C,1,P2|905|2016-03-06
P2,905,Team Golf Texas Longhorns Putter Grip,2016-03-13,8,18.0,1083,255,C,1,P2|905|2016-03-13
P2,905,Team Golf Texas Longhorns Putter Grip,2016-03-20,3,10.0,1083,244,C,1,P2|905|2016-03-20
P2,905,Team Golf Texas Longhorns Putter Grip,2016-03-27,8,22.0,1083,199,C,1,P2|905|2016-03-27
P2,905,Team Golf Texas Longhorns Putter Grip,2016-04-03,1,14.0,1083,70,C,1,P2|905|2016-04-03
P2,905,Team Golf Texas Longhorns Putter Grip,2016-04-10,1,13.0,1083,227,C,1,P2|905|2016-04-10
P2,905,Team Golf Texas Longhorns Putter Grip,2016-04-17,5,12.0,1083,93,C,1,P2|905|2016-04-17
P2,905,Team Golf Texas Longhorns Putter Grip,2016-04-24,19,22.0,1083,114,C,1,P2|905|2016-04-24
P2,905,Team Golf Texas Longhorns Putter Grip,2016-05-01,4,3.0,1083,210,C,1,P2|905|2016-05-01
P2,905,Team Golf Texas Longhorns Putter Grip,2016-05-08,10,0.0,1083,200,C,1,P2|905|2016-05-08
P2,905,Team Golf Texas Longhorns Putter Grip,2016-05-15,9,0.0,1083,123,C,1,P2|905|2016-05-15
P2,905,Team Golf Texas Longhorns Putter Grip,2016-05-22,10,22.0,1083,151,C,1,P2|905|2016-05-22
P2,905,Team Golf Texas Longhorns Putter Grip,2016-05-29,16,12.0,1083,243,C,1,P2|905|2016-05-29
P2,905,Team Golf Texas Longhorns Putter Grip,2016-06-05,7,0.0,1083,136,C,1,P2|905|2016-06-05
P2,905,Team Golf Texas Longhorns Putter Grip,2016-06-12,4,0.0,1083,196,C,1,P2|905|2016-06-12
P2,905,Team Golf Texas Longhorns Putter Grip,2016-06-19,19,22.0,1083,201,C,1,P2|905|2016-06-19
P2,905,Team Golf Texas Longhorns Putter Grip,2016-06-26,0,3.0,1083,48,C,1,P2|905|2016-06-26
P2,905,Team Golf Texas Longhorns Putter Grip,2016-07-03,4,3.0,1083,192,C,1,P2|905|2016-07-03
P2,905,Team Golf Texas Longhorns Putter Grip,2016-07-10,3,0.0,1083,193,C,1,P2|905|2016-07-10
P2,905,Team Golf Texas Longhorns Putter Grip,2016-07-17,0,22.0,1083,117,C,1,P2|905|2016-07-17
P2,905,Team Golf Texas Longhorns Putter Grip,2016-07-24,2,22.0,1083,149,C,1,P2|905|2016-07-24
P2,905,Team Golf Texas Longhorns Putter Grip,2016-07-31,6,20.0,1083,154,C,1,P2|905|2016-07-31
P2,905,Team Golf Texas Longhorns Putter Grip,2016-08-07,7,14.0,1083,117,C,1,P2|905|2016-08-07
P2,905,Team Golf Texas Longhorns Putter Grip,2016-08-14,7,22.0,1083,92,C,1,P2|905|2016-08-14
P2,905,Team Golf Texas Longhorns Putter Grip,2016-08-21,0,15.0,1083,141,C,1,P2|905|2016-08-21
P2,905,Team Golf Texas Longhorns Putter Grip,2016-08-28,5,15.0,1083,160,C,1,P2|905|2016-08-28
P2,905,Team Golf Texas Longhorns Putter Grip,2016-09-04,10,10.0,1083,180,C,1,P2|905|2016-09-04
P2,905,Team Golf Texas Longhorns Putter Grip,2016-09-11,6,22.0,1083,163,C,1,P2|905|2016-09-11
P2,905,Team Golf Texas Longhorns Putter Grip,2016-09-18,0,16.0,1083,87,C,1,P2|905|2016-09-18
P2,905,Team Golf Texas Longhorns Putter Grip,2016-09-25,4,16.0,1083,133,C,1,P2|905|2016-09-25
P2,905,Team Golf Texas Longhorns Putter Grip,2016-10-02,6,12.0,1083,157,C,1,P2|905|2016-10-02
P2,905,Team Golf Texas Longhorns Putter Grip,2016-10-09,20,22.0,1083,168,C,1,P2|905|2016-10-09
P2,905,Team Golf Texas Longhorns Putter Grip,2016-10-16,4,2.0,1083,104,C,1,P2|905|2016-10-16
P2,905,Team Golf Texas Longhorns Putter Grip,2016-10-23,7,0.0,1083,98,C,1,P2|905|2016-10-23
P2,905,Team Golf Texas Longhorns Putter Grip,2016-10-30,6,0.0,1083,197,C,1,P2|905|2016-10-30
P2,905,Team Golf Texas Longhorns Putter Grip,2016-11-06,8,22.0,1083,186,C,1,P2|905|2016-11-06
P2,905,Team Golf Texas Longhorns Putter Grip,2016-11-13,20,14.0,1083,232,C,1,P2|905|2016-11-13
P2,905,Team Golf Texas Longhorns Putter Grip,2016-11-20,5,0.0,1083,176,C,1,P2|905|2016-11-20
P2,905,Team Golf Texas Longhorns Putter Grip,2016-11-27,5,0.0,1083,135,C,1,P2|905|2016-11-27
P2,905,Team Golf Texas Longhorns Putter Grip,2016-12-04,11,22.0,1083,118,C,1,P2|905|2016-12-04
P2,905,Team Golf Texas Longhorns Putter Grip,2016-12-11,9,11.0,1083,145,C,1,P2|905|2016-12-11
P2,905,Team Golf Texas Longhorns Putter Grip,2016-12-18,12,2.0,1083,213,C,1,P2|905|2016-12-18
P2,905,Team Golf Texas Longhorns Putter Grip,2016-12-25,8,0.0,1083,124,C,1,P2|905|2016-12-25
P2,905,Team Golf Texas Longhorns Putter Grip,2017-01-01,7,22.0,1083,161,C,1,P2|905|2017-01-01
P2,905,Team Golf Texas Longhorns Putter Grip,2017-01-08,4,15.0,1083,252,C,1,P2|905|2017-01-08
P2,905,Team Golf Texas Longhorns Putter Grip,2017-01-15,11,11.0,1083,105,C,1,P2|905|2017-01-15
P2,905,Team Golf Texas Longhorns Putter Grip,2017-01-22,7,0.0,1083,119,C,1,P2|905|2017-01-22
P2,905,Team Golf Texas Longhorns Putter Grip,2017-01-29,6,22.0,1083,153,C,1,P2|905|2017-01-29
P2,905,Team Golf Texas Longhorns Putter Grip,2017-02-05,12,16.0,1083,96,C,1,P2|905|2017-02-05
P2,905,Team Golf Texas Longhorns Putter Grip,2017-02-12,13,4.0,1083,122,C,1,P2|905|2017-02-12
P2,905,Team Golf Texas Longhorns Putter Grip,2017-02-19,3,0.0,1083,186,C,1,P2|905|2017-02-19
P2,905,Team Golf Texas Longhorns Putter Grip,2017-02-26,6,22.0,1083,103,C,1,P2|905|2017-02-26
P2,905,Team Golf Texas Longhorns Putter Grip,2017-03-05,12,16.0,1083,38,C,1,P2|905|2017-03-05
P2,905,Team Golf Texas Longhorns Putter Grip,2017-03-12,3,4.0,1083,93,C,1,P2|905|2017-03-12
P2,905,Team Golf Texas Longhorns Putter Grip,2017-03-19,10,1.0,1083,208,C,1,P2|905|2017-03-19
P2,905,Team Golf Texas Longhorns Putter Grip,2017-03-26,12,22.0,1083,181,C,1,P2|905|2017-03-26
P2,905,Team Golf Texas Longhorns Putter Grip,2017-04-02,5,10.0,1083,147,C,1,P2|905|2017-04-02
P2,905,Team Golf Texas Longhorns Putter Grip,2017-04-09,14,5.0,1083,160,C,1,P2|905|2017-04-09
P2,905,Team Golf Texas Longhorns Putter Grip,2017-04-16,6,0.0,1083,244,C,1,P2|905|2017-04-16
P2,905,Team Golf Texas Longhorns Putter Grip,2017-04-23,1,22.0,1083,180,C,1,P2|905|2017-04-23
P2,906,Team Golf Tennessee Volunteers Putter Grip,2015-01-04,4,98.0,1083,548,B,2,P2|906|2015-01-04
P2,906,Team Golf Tennessee Volunteers Putter Grip,2015-01-11,7,94.0,1083,249,B,2,P2|906|2015-01-11
P2,906,Team Golf Tennessee Volunteers Putter Grip,2015-01-18,13,87.0,1083,64,B,2,P2|906|2015-01-18
P2,906,Team Golf Tennessee Volunteers Putter Grip,2015-01-25,0,74.0,1083,167,B,2,P2|906|2015-01-25
P2,906,Team Golf Tennessee Volunteers Putter Grip,2015-02-01,1,74.0,1083,93,B,2,P2|906|2015-02-01
P2,906,Team Golf Tennessee Volunteers Putter Grip,2015-02-08,2,73.0,1083,203,B,2,P2|906|2015-02-08
P2,906,Team Golf Tennessee Volunteers Putter Grip,2015-02-15,5,71.0,1083,178,B,2,P2|906|2015-02-15
P2,906,Team Golf Tennessee Volunteers Putter Grip,2015-02-22,8,66.0,1083,95,B,2,P2|906|2015-02-22
P2,906,Team Golf Tennessee Volunteers Putter Grip,2015-03-01,0,58.0,1083,93,B,2,P2|906|2015-03-01
P2,906,Team Golf Tennessee Volunteers Putter Grip,2015-03-08,13,58.0,1083,47,B,2,P2|906|2015-03-08
P2,906,Team Golf Tennessee Volunteers Putter Grip,2015-03-15,11,45.0,1083,224,B,2,P2|906|2015-03-15
P2,906,Team Golf Tennessee Volunteers Putter Grip,2015-03-22,9,34.0,1083,110,B,2,P2|906|2015-03-22
P2,906,Team Golf Tennessee Volunteers Putter Grip,2015-03-29,5,33.0,1083,63,B,2,P2|906|2015-03-29
P2,906,Team Golf Tennessee Volunteers Putter Grip,2015-04-05,0,28.0,1083,124,B,2,P2|906|2015-04-05
P2,906,Team Golf Tennessee Volunteers Putter Grip,2015-04-12,4,28.0,1083,64,B,2,P2|906|2015-04-12
P2,906,Team Golf Tennessee Volunteers Putter Grip,2015-04-19,2,24.0,1083,125,B,2,P2|906|2015-04-19
P2,906,Team Golf Tennessee Volunteers Putter Grip,2015-04-26,5,33.0,1083,288,B,2,P2|906|2015-04-26
P2,906,Team Golf Tennessee Volunteers Putter Grip,2015-05-03,8,28.0,1083,119,B,2,P2|906|2015-05-03
P2,906,Team Golf Tennessee Volunteers Putter Grip,2015-05-10,11,20.0,1083,143,B,2,P2|906|2015-05-10
P2,906,Team Golf Tennessee Volunteers Putter Grip,2015-05-17,11,9.0,1083,145,B,2,P2|906|2015-05-17
P2,906,Team Golf Tennessee Volunteers Putter Grip,2015-05-24,12,33.0,1083,121,B,2,P2|906|2015-05-24
P2,906,Team Golf Tennessee Volunteers Putter Grip,2015-05-31,15,21.0,1083,48,B,2,P2|906|2015-05-31
P2,906,Team Golf Tennessee Volunteers Putter Grip,2015-06-07,4,6.0,1083,184,B,2,P2|906|2015-06-07
P2,906,Team Golf Tennessee Volunteers Putter Grip,2015-06-14,14,2.0,1083,256,B,2,P2|906|2015-06-14
P2,906,Team Golf Tennessee Volunteers Putter Grip,2015-06-21,7,33.0,1083,196,B,2,P2|906|2015-06-21
P2,906,Team Golf Tennessee Volunteers Putter Grip,2015-06-28,2,26.0,1083,183,B,2,P2|906|2015-06-28
P2,906,Team Golf Tennessee Volunteers Putter Grip,2015-07-05,11,24.0,1083,139,B,2,P2|906|2015-07-05
P2,906,Team Golf Tennessee Volunteers Putter Grip,2015-07-12,13,13.0,1083,89,B,2,P2|906|2015-07-12
P2,906,Team Golf Tennessee Volunteers Putter Grip,2015-07-19,1,33.0,1083,87,B,2,P2|906|2015-07-19
P2,906,Team Golf Tennessee Volunteers Putter Grip,2015-07-26,7,32.0,1083,132,B,2,P2|906|2015-07-26
P2,906,Team Golf Tennessee Volunteers Putter Grip,2015-08-02,5,25.0,1083,148,B,2,P2|906|2015-08-02
P2,906,Team Golf Tennessee Volunteers Putter Grip,2015-08-09,8,20.0,1083,184,B,2,P2|906|2015-08-09
P2,906,Team Golf Tennessee Volunteers Putter Grip,2015-08-16,7,33.0,1083,113,B,2,P2|906|2015-08-16
P2,906,Team Golf Tennessee Volunteers Putter Grip,2015-08-23,3,26.0,1083,168,B,2,P2|906|2015-08-23
P2,906,Team Golf Tennessee Volunteers Putter Grip,2015-08-30,18,23.0,1083,125,B,2,P2|906|2015-08-30
P2,906,Team Golf Tennessee Volunteers Putter Grip,2015-09-06,12,5.0,1083,181,B,2,P2|906|2015-09-06
P2,906,Team Golf Tennessee Volunteers Putter Grip,2015-09-13,6,33.0,1083,240,B,2,P2|906|2015-09-13
P2,906,Team Golf Tennessee Volunteers Putter Grip,2015-09-20,10,27.0,1083,116,B,2,P2|906|2015-09-20
P2,906,Team Golf Tennessee Volunteers Putter Grip,2015-09-27,12,17.0,1083,35,B,2,P2|906|2015-09-27
P2,906,Team Golf Tennessee Volunteers Putter Grip,2015-10-04,3,5.0,1083,240,B,2,P2|906|2015-10-04
P2,906,Team Golf Tennessee Volunteers Putter Grip,2015-10-11,5,33.0,1083,116,B,2,P2|906|2015-10-11
P2,906,Team Golf Tennessee Volunteers Putter Grip,2015-10-18,5,28.0,1083,53,B,2,P2|906|2015-10-18
P2,906,Team Golf Tennessee Volunteers Putter Grip,2015-10-25,5,23.0,1083,220,B,2,P2|906|2015-10-25
P2,906,Team Golf Tennessee Volunteers Putter Grip,2015-11-01,8,18.0,1083,186,B,2,P2|906|2015-11-01
P2,906,Team Golf Tennessee Volunteers Putter Grip,2015-11-08,9,33.0,1083,125,B,2,P2|906|2015-11-08
P2,906,Team Golf Tennessee Volunteers Putter Grip,2015-11-15,0,24.0,1083,113,B,2,P2|906|2015-11-15
P2,906,Team Golf Tennessee Volunteers Putter Grip,2015-11-22,10,24.0,1083,124,B,2,P2|906|2015-11-22
P2,906,Team Golf Tennessee Volunteers Putter Grip,2015-11-29,0,14.0,1083,225,B,2,P2|906|2015-11-29
P2,906,Team Golf Tennessee Volunteers Putter Grip,2015-12-06,6,33.0,1083,124,B,2,P2|906|2015-12-06
P2,906,Team Golf Tennessee Volunteers Putter Grip,2015-12-13,10,27.0,1083,232,B,2,P2|906|2015-12-13
P2,906,Team Golf Tennessee Volunteers Putter Grip,2015-12-20,9,17.0,1083,141,B,2,P2|906|2015-12-20
P2,906,Team Golf Tennessee Volunteers Putter Grip,2015-12-27,15,8.0,1083,83,B,2,P2|906|2015-12-27
P2,906,Team Golf Tennessee Volunteers Putter Grip,2016-01-03,1,33.0,1083,127,B,2,P2|906|2016-01-03
P2,906,Team Golf Tennessee Volunteers Putter Grip,2016-01-10,5,32.0,1083,150,B,2,P2|906|2016-01-10
P2,906,Team Golf Tennessee Volunteers Putter Grip,2016-01-17,4,27.0,1083,245,B,2,P2|906|2016-01-17
P2,906,Team Golf Tennessee Volunteers Putter Grip,2016-01-24,5,23.0,1083,156,B,2,P2|906|2016-01-24
P2,906,Team Golf Tennessee Volunteers Putter Grip,2016-01-31,11,33.0,1083,129,B,2,P2|906|2016-01-31
P2,906,Team Golf Tennessee Volunteers Putter Grip,2016-02-07,6,22.0,1083,290,B,2,P2|906|2016-02-07
P2,906,Team Golf Tennessee Volunteers Putter Grip,2016-02-14,5,16.0,1083,111,B,2,P2|906|2016-02-14
P2,906,Team Golf Tennessee Volunteers Putter Grip,2016-02-21,6,11.0,1083,205,B,2,P2|906|2016-02-21
P2,906,Team Golf Tennessee Volunteers Putter Grip,2016-02-28,12,33.0,1083,165,B,2,P2|906|2016-02-28
P2,906,Team Golf Tennessee Volunteers Putter Grip,2016-03-06,6,21.0,1083,112,B,2,P2|906|2016-03-06
P2,906,Team Golf Tennessee Volunteers Putter Grip,2016-03-13,6,15.0,1083,255,B,2,P2|906|2016-03-13
P2,906,Team Golf Tennessee Volunteers Putter Grip,2016-03-20,8,9.0,1083,244,B,2,P2|906|2016-03-20
P2,906,Team Golf Tennessee Volunteers Putter Grip,2016-03-27,11,33.0,1083,199,B,2,P2|906|2016-03-27
P2,906,Team Golf Tennessee Volunteers Putter Grip,2016-04-03,6,22.0,1083,70,B,2,P2|906|2016-04-03
P2,906,Team Golf Tennessee Volunteers Putter Grip,2016-04-10,8,16.0,1083,227,B,2,P2|906|2016-04-10
P2,906,Team Golf Tennessee Volunteers Putter Grip,2016-04-17,9,8.0,1083,93,B,2,P2|906|2016-04-17
P2,906,Team Golf Tennessee Volunteers Putter Grip,2016-04-24,13,33.0,1083,114,B,2,P2|906|2016-04-24
P2,906,Team Golf Tennessee Volunteers Putter Grip,2016-05-01,14,20.0,1083,210,B,2,P2|906|2016-05-01
P2,906,Team Golf Tennessee Volunteers Putter Grip,2016-05-08,5,6.0,1083,200,B,2,P2|906|2016-05-08
P2,906,Team Golf Tennessee Volunteers Putter Grip,2016-05-15,6,1.0,1083,123,B,2,P2|906|2016-05-15
P2,906,Team Golf Tennessee Volunteers Putter Grip,2016-05-22,15,33.0,1083,151,B,2,P2|906|2016-05-22
P2,906,Team Golf Tennessee Volunteers Putter Grip,2016-05-29,18,18.0,1083,243,B,2,P2|906|2016-05-29
P2,906,Team Golf Tennessee Volunteers Putter Grip,2016-06-05,3,0.0,1083,136,B,2,P2|906|2016-06-05
P2,906,Team Golf Tennessee Volunteers Putter Grip,2016-06-12,6,0.0,1083,196,B,2,P2|906|2016-06-12
P2,906,Team Golf Tennessee Volunteers Putter Grip,2016-06-19,6,33.0,1083,201,B,2,P2|906|2016-06-19
P2,906,Team Golf Tennessee Volunteers Putter Grip,2016-06-26,15,27.0,1083,48,B,2,P2|906|2016-06-26
P2,906,Team Golf Tennessee Volunteers Putter Grip,2016-07-03,7,12.0,1083,192,B,2,P2|906|2016-07-03
P2,906,Team Golf Tennessee Volunteers Putter Grip,2016-07-10,5,5.0,1083,193,B,2,P2|906|2016-07-10
P2,906,Team Golf Tennessee Volunteers Putter Grip,2016-07-17,10,33.0,1083,117,B,2,P2|906|2016-07-17
P2,906,Team Golf Tennessee Volunteers Putter Grip,2016-07-24,2,23.0,1083,149,B,2,P2|906|2016-07-24
P2,906,Team Golf Tennessee Volunteers Putter Grip,2016-07-31,10,21.0,1083,154,B,2,P2|906|2016-07-31
P2,906,Team Golf Tennessee Volunteers Putter Grip,2016-08-07,11,11.0,1083,117,B,2,P2|906|2016-08-07
P2,906,Team Golf Tennessee Volunteers Putter Grip,2016-08-14,16,33.0,1083,92,B,2,P2|906|2016-08-14
P2,906,Team Golf Tennessee Volunteers Putter Grip,2016-08-21,3,17.0,1083,141,B,2,P2|906|2016-08-21
P2,906,Team Golf Tennessee Volunteers Putter Grip,2016-08-28,4,14.0,1083,160,B,2,P2|906|2016-08-28
P2,906,Team Golf Tennessee Volunteers Putter Grip,2016-09-04,15,10.0,1083,180,B,2,P2|906|2016-09-04
P2,906,Team Golf Tennessee Volunteers Putter Grip,2016-09-11,0,33.0,1083,163,B,2,P2|906|2016-09-11
P2,906,Team Golf Tennessee Volunteers Putter Grip,2016-09-18,5,33.0,1083,87,B,2,P2|906|2016-09-18
P2,906,Team Golf Tennessee Volunteers Putter Grip,2016-09-25,14,28.0,1083,133,B,2,P2|906|2016-09-25
P2,906,Team Golf Tennessee Volunteers Putter Grip,2016-10-02,13,14.0,1083,157,B,2,P2|906|2016-10-02
P2,906,Team Golf Tennessee Volunteers Putter Grip,2016-10-09,19,33.0,1083,168,B,2,P2|906|2016-10-09
P2,906,Team Golf Tennessee Volunteers Putter Grip,2016-10-16,7,14.0,1083,104,B,2,P2|906|2016-10-16
P2,906,Team Golf Tennessee Volunteers Putter Grip,2016-10-23,2,7.0,1083,98,B,2,P2|906|2016-10-23
P2,906,Team Golf Tennessee Volunteers Putter Grip,2016-10-30,5,5.0,1083,197,B,2,P2|906|2016-10-30
P2,906,Team Golf Tennessee Volunteers Putter Grip,2016-11-06,9,33.0,1083,186,B,2,P2|906|2016-11-06
P2,906,Team Golf Tennessee Volunteers Putter Grip,2016-11-13,8,24.0,1083,232,B,2,P2|906|2016-11-13
P2,906,Team Golf Tennessee Volunteers Putter Grip,2016-11-20,21,16.0,1083,176,B,2,P2|906|2016-11-20
P2,906,Team Golf Tennessee Volunteers Putter Grip,2016-11-27,9,0.0,1083,135,B,2,P2|906|2016-11-27
P2,906,Team Golf Tennessee Volunteers Putter Grip,2016-12-04,12,33.0,1083,118,B,2,P2|906|2016-12-04
P2,906,Team Golf Tennessee Volunteers Putter Grip,2016-12-11,5,21.0,1083,145,B,2,P2|906|2016-12-11
P2,906,Team Golf Tennessee Volunteers Putter Grip,2016-12-18,10,16.0,1083,213,B,2,P2|906|2016-12-18
P2,906,Team Golf Tennessee Volunteers Putter Grip,2016-12-25,11,6.0,1083,124,B,2,P2|906|2016-12-25
P2,906,Team Golf Tennessee Volunteers Putter Grip,2017-01-01,10,33.0,1083,161,B,2,P2|906|2017-01-01
P2,906,Team Golf Tennessee Volunteers Putter Grip,2017-01-08,6,23.0,1083,252,B,2,P2|906|2017-01-08
P2,906,Team Golf Tennessee Volunteers Putter Grip,2017-01-15,6,17.0,1083,105,B,2,P2|906|2017-01-15
P2,906,Team Golf Tennessee Volunteers Putter Grip,2017-01-22,2,11.0,1083,119,B,2,P2|906|2017-01-22
P2,906,Team Golf Tennessee Volunteers Putter Grip,2017-01-29,3,33.0,1083,153,B,2,P2|906|2017-01-29
P2,906,Team Golf Tennessee Volunteers Putter Grip,2017-02-05,0,30.0,1083,96,B,2,P2|906|2017-02-05
P2,906,Team Golf Tennessee Volunteers Putter Grip,2017-02-12,11,30.0,1083,122,B,2,P2|906|2017-02-12
P2,906,Team Golf Tennessee Volunteers Putter Grip,2017-02-19,9,19.0,1083,186,B,2,P2|906|2017-02-19
P2,906,Team Golf Tennessee Volunteers Putter Grip,2017-02-26,13,33.0,1083,103,B,2,P2|906|2017-02-26
P2,906,Team Golf Tennessee Volunteers Putter Grip,2017-03-05,0,20.0,1083,38,B,2,P2|906|2017-03-05
P2,906,Team Golf Tennessee Volunteers Putter Grip,2017-03-12,17,20.0,1083,93,B,2,P2|906|2017-03-12
P2,906,Team Golf Tennessee Volunteers Putter Grip,2017-03-19,3,3.0,1083,208,B,2,P2|906|2017-03-19
P2,906,Team Golf Tennessee Volunteers Putter Grip,2017-03-26,5,33.0,1083,181,B,2,P2|906|2017-03-26
P2,906,Team Golf Tennessee Volunteers Putter Grip,2017-04-02,6,28.0,1083,147,B,2,P2|906|2017-04-02
P2,906,Team Golf Tennessee Volunteers Putter Grip,2017-04-09,6,22.0,1083,160,B,2,P2|906|2017-04-09
P2,906,Team Golf Tennessee Volunteers Putter Grip,2017-04-16,4,16.0,1083,244,B,2,P2|906|2017-04-16
P2,917,Glove It Women's Mod Oval 3-Zip Carry All Gol,2015-01-04,10,99.0,1083,548,B,2,P2|917|2015-01-04
P2,917,Glove It Women's Mod Oval 3-Zip Carry All Gol,2015-01-11,7,89.0,1083,249,B,2,P2|917|2015-01-11
P2,917,Glove It Women's Mod Oval 3-Zip Carry All Gol,2015-01-18,24,82.0,1083,64,B,2,P2|917|2015-01-18
P2,917,Glove It Women's Mod Oval 3-Zip Carry All Gol,2015-01-25,10,58.0,1083,167,B,2,P2|917|2015-01-25
P2,917,Glove It Women's Mod Oval 3-Zip Carry All Gol,2015-02-01,9,48.0,1083,93,B,2,P2|917|2015-02-01
P2,917,Glove It Women's Mod Oval 3-Zip Carry All Gol,2015-02-08,12,39.0,1083,203,B,2,P2|917|2015-02-08
P2,917,Glove It Women's Mod Oval 3-Zip Carry All Gol,2015-02-15,3,27.0,1083,178,B,2,P2|917|2015-02-15
P2,917,Glove It Women's Mod Oval 3-Zip Carry All Gol,2015-02-22,4,24.0,1083,95,B,2,P2|917|2015-02-22
P2,917,Glove It Women's Mod Oval 3-Zip Carry All Gol,2015-03-01,7,33.0,1083,93,B,2,P2|917|2015-03-01
P2,917,Glove It Women's Mod Oval 3-Zip Carry All Gol,2015-03-08,13,26.0,1083,47,B,2,P2|917|2015-03-08
P2,917,Glove It Women's Mod Oval 3-Zip Carry All Gol,2015-03-15,10,13.0,1083,224,B,2,P2|917|2015-03-15
P2,917,Glove It Women's Mod Oval 3-Zip Carry All Gol,2015-03-22,14,3.0,1083,110,B,2,P2|917|2015-03-22
P2,917,Glove It Women's Mod Oval 3-Zip Carry All Gol,2015-03-29,10,33.0,1083,63,B,2,P2|917|2015-03-29
P2,917,Glove It Women's Mod Oval 3-Zip Carry All Gol,2015-04-05,12,23.0,1083,124,B,2,P2|917|2015-04-05
P2,917,Glove It Women's Mod Oval 3-Zip Carry All Gol,2015-04-12,12,11.0,1083,64,B,2,P2|917|2015-04-12
P2,917,Glove It Women's Mod Oval 3-Zip Carry All Gol,2015-04-19,5,0.0,1083,125,B,2,P2|917|2015-04-19
P2,917,Glove It Women's Mod Oval 3-Zip Carry All Gol,2015-04-26,2,33.0,1083,288,B,2,P2|917|2015-04-26
P2,917,Glove It Women's Mod Oval 3-Zip Carry All Gol,2015-05-03,5,31.0,1083,119,B,2,P2|917|2015-05-03
P2,917,Glove It Women's Mod Oval 3-Zip Carry All Gol,2015-05-10,6,26.0,1083,143,B,2,P2|917|2015-05-10
P2,917,Glove It Women's Mod Oval 3-Zip Carry All Gol,2015-05-17,13,20.0,1083,145,B,2,P2|917|2015-05-17
P2,917,Glove It Women's Mod Oval 3-Zip Carry All Gol,2015-05-24,12,33.0,1083,121,B,2,P2|917|2015-05-24
P2,917,Glove It Women's Mod Oval 3-Zip Carry All Gol,2015-05-31,4,21.0,1083,48,B,2,P2|917|2015-05-31
P2,917,Glove It Women's Mod Oval 3-Zip Carry All Gol,2015-06-07,16,17.0,1083,184,B,2,P2|917|2015-06-07
P2,917,Glove It Women's Mod Oval 3-Zip Carry All Gol,2015-06-14,10,1.0,1083,256,B,2,P2|917|2015-06-14
P2,917,Glove It Women's Mod Oval 3-Zip Carry All Gol,2015-06-21,11,33.0,1083,196,B,2,P2|917|2015-06-21
P2,917,Glove It Women's Mod Oval 3-Zip Carry All Gol,2015-06-28,5,22.0,1083,183,B,2,P2|917|2015-06-28
P2,917,Glove It Women's Mod Oval 3-Zip Carry All Gol,2015-07-05,6,17.0,1083,139,B,2,P2|917|2015-07-05
P2,917,Glove It Women's Mod Oval 3-Zip Carry All Gol,2015-07-12,8,11.0,1083,89,B,2,P2|917|2015-07-12
P2,917,Glove It Women's Mod Oval 3-Zip Carry All Gol,2015-07-19,1,33.0,1083,87,B,2,P2|917|2015-07-19
P2,917,Glove It Women's Mod Oval 3-Zip Carry All Gol,2015-07-26,3,32.0,1083,132,B,2,P2|917|2015-07-26
P2,917,Glove It Women's Mod Oval 3-Zip Carry All Gol,2015-08-02,11,29.0,1083,148,B,2,P2|917|2015-08-02
P2,917,Glove It Women's Mod Oval 3-Zip Carry All Gol,2015-08-09,2,18.0,1083,184,B,2,P2|917|2015-08-09
P2,917,Glove It Women's Mod Oval 3-Zip Carry All Gol,2015-08-16,5,33.0,1083,113,B,2,P2|917|2015-08-16
P2,917,Glove It Women's Mod Oval 3-Zip Carry All Gol,2015-08-23,9,28.0,1083,168,B,2,P2|917|2015-08-23
P2,917,Glove It Women's Mod Oval 3-Zip Carry All Gol,2015-08-30,7,19.0,1083,125,B,2,P2|917|2015-08-30
P2,917,Glove It Women's Mod Oval 3-Zip Carry All Gol,2015-09-06,2,12.0,1083,181,B,2,P2|917|2015-09-06
P2,917,Glove It Women's Mod Oval 3-Zip Carry All Gol,2015-09-13,5,33.0,1083,240,B,2,P2|917|2015-09-13
P2,917,Glove It Women's Mod Oval 3-Zip Carry All Gol,2015-09-20,0,28.0,1083,116,B,2,P2|917|2015-09-20
P2,917,Glove It Women's Mod Oval 3-Zip Carry All Gol,2015-09-27,5,28.0,1083,35,B,2,P2|917|2015-09-27
P2,917,Glove It Women's Mod Oval 3-Zip Carry All Gol,2015-10-04,0,23.0,1083,240,B,2,P2|917|2015-10-04
P2,917,Glove It Women's Mod Oval 3-Zip Carry All Gol,2015-10-11,2,33.0,1083,116,B,2,P2|917|2015-10-11
P2,917,Glove It Women's Mod Oval 3-Zip Carry All Gol,2015-10-18,7,31.0,1083,53,B,2,P2|917|2015-10-18
P2,917,Glove It Women's Mod Oval 3-Zip Carry All Gol,2015-10-25,14,24.0,1083,220,B,2,P2|917|2015-10-25
P2,917,Glove It Women's Mod Oval 3-Zip Carry All Gol,2015-11-01,0,10.0,1083,186,B,2,P2|917|2015-11-01
P2,917,Glove It Women's Mod Oval 3-Zip Carry All Gol,2015-11-08,0,33.0,1083,125,B,2,P2|917|2015-11-08
P2,917,Glove It Women's Mod Oval 3-Zip Carry All Gol,2015-11-15,4,33.0,1083,113,B,2,P2|917|2015-11-15
P2,917,Glove It Women's Mod Oval 3-Zip Carry All Gol,2015-11-22,11,29.0,1083,124,B,2,P2|917|2015-11-22
P2,917,Glove It Women's Mod Oval 3-Zip Carry All Gol,2015-11-29,19,18.0,1083,225,B,2,P2|917|2015-11-29
P2,917,Glove It Women's Mod Oval 3-Zip Carry All Gol,2015-12-06,0,33.0,1083,124,B,2,P2|917|2015-12-06
P2,917,Glove It Women's Mod Oval 3-Zip Carry All Gol,2015-12-13,7,33.0,1083,232,B,2,P2|917|2015-12-13
P2,917,Glove It Women's Mod Oval 3-Zip Carry All Gol,2015-12-20,5,26.0,1083,141,B,2,P2|917|2015-12-20
P2,917,Glove It Women's Mod Oval 3-Zip Carry All Gol,2015-12-27,5,21.0,1083,83,B,2,P2|917|2015-12-27
P2,917,Glove It Women's Mod Oval 3-Zip Carry All Gol,2016-01-03,2,33.0,1083,127,B,2,P2|917|2016-01-03
P2,917,Glove It Women's Mod Oval 3-Zip Carry All Gol,2016-01-10,2,31.0,1083,150,B,2,P2|917|2016-01-10
P2,917,Glove It Women's Mod Oval 3-Zip Carry All Gol,2016-01-17,10,29.0,1083,245,B,2,P2|917|2016-01-17
P2,917,Glove It Women's Mod Oval 3-Zip Carry All Gol,2016-01-24,14,19.0,1083,156,B,2,P2|917|2016-01-24
P2,917,Glove It Women's Mod Oval 3-Zip Carry All Gol,2016-01-31,11,33.0,1083,129,B,2,P2|917|2016-01-31
P2,917,Glove It Women's Mod Oval 3-Zip Carry All Gol,2016-02-07,6,22.0,1083,290,B,2,P2|917|2016-02-07
P2,917,Glove It Women's Mod Oval 3-Zip Carry All Gol,2016-02-14,4,16.0,1083,111,B,2,P2|917|2016-02-14
P2,917,Glove It Women's Mod Oval 3-Zip Carry All Gol,2016-02-21,6,12.0,1083,205,B,2,P2|917|2016-02-21
P2,917,Glove It Women's Mod Oval 3-Zip Carry All Gol,2016-02-28,4,33.0,1083,165,B,2,P2|917|2016-02-28
P2,917,Glove It Women's Mod Oval 3-Zip Carry All Gol,2016-03-06,17,29.0,1083,112,B,2,P2|917|2016-03-06
P2,917,Glove It Women's Mod Oval 3-Zip Carry All Gol,2016-03-13,2,12.0,1083,255,B,2,P2|917|2016-03-13
P2,917,Glove It Women's Mod Oval 3-Zip Carry All Gol,2016-03-20,12,10.0,1083,244,B,2,P2|917|2016-03-20
P2,917,Glove It Women's Mod Oval 3-Zip Carry All Gol,2016-03-27,13,33.0,1083,199,B,2,P2|917|2016-03-27
P2,917,Glove It Women's Mod Oval 3-Zip Carry All Gol,2016-04-03,16,20.0,1083,70,B,2,P2|917|2016-04-03
P2,917,Glove It Women's Mod Oval 3-Zip Carry All Gol,2016-04-10,12,4.0,1083,227,B,2,P2|917|2016-04-10
P2,917,Glove It Women's Mod Oval 3-Zip Carry All Gol,2016-04-17,10,0.0,1083,93,B,2,P2|917|2016-04-17
P2,917,Glove It Women's Mod Oval 3-Zip Carry All Gol,2016-04-24,9,33.0,1083,114,B,2,P2|917|2016-04-24
P2,917,Glove It Women's Mod Oval 3-Zip Carry All Gol,2016-05-01,6,24.0,1083,210,B,2,P2|917|2016-05-01
P2,917,Glove It Women's Mod Oval 3-Zip Carry All Gol,2016-05-08,10,18.0,1083,200,B,2,P2|917|2016-05-08
P2,917,Glove It Women's Mod Oval 3-Zip Carry All Gol,2016-05-15,9,8.0,1083,123,B,2,P2|917|2016-05-15
P2,917,Glove It Women's Mod Oval 3-Zip Carry All Gol,2016-05-22,4,33.0,1083,151,B,2,P2|917|2016-05-22
P2,917,Glove It Women's Mod Oval 3-Zip Carry All Gol,2016-05-29,1,29.0,1083,243,B,2,P2|917|2016-05-29
P2,917,Glove It Women's Mod Oval 3-Zip Carry All Gol,2016-06-05,3,28.0,1083,136,B,2,P2|917|2016-06-05
P2,917,Glove It Women's Mod Oval 3-Zip Carry All Gol,2016-06-12,0,25.0,1083,196,B,2,P2|917|2016-06-12
P2,917,Glove It Women's Mod Oval 3-Zip Carry All Gol,2016-06-19,12,33.0,1083,201,B,2,P2|917|2016-06-19
P2,917,Glove It Women's Mod Oval 3-Zip Carry All Gol,2016-06-26,10,21.0,1083,48,B,2,P2|917|2016-06-26
P2,917,Glove It Women's Mod Oval 3-Zip Carry All Gol,2016-07-03,10,11.0,1083,192,B,2,P2|917|2016-07-03
P2,917,Glove It Women's Mod Oval 3-Zip Carry All Gol,2016-07-10,15,1.0,1083,193,B,2,P2|917|2016-07-10
P2,917,Glove It Women's Mod Oval 3-Zip Carry All Gol,2016-07-17,18,33.0,1083,117,B,2,P2|917|2016-07-17
P2,917,Glove It Women's Mod Oval 3-Zip Carry All Gol,2016-07-24,12,15.0,1083,149,B,2,P2|917|2016-07-24
P2,917,Glove It Women's Mod Oval 3-Zip Carry All Gol,2016-07-31,5,3.0,1083,154,B,2,P2|917|2016-07-31
P2,917,Glove It Women's Mod Oval 3-Zip Carry All Gol,2016-08-07,0,0.0,1083,117,B,2,P2|917|2016-08-07
P2,917,Glove It Women's Mod Oval 3-Zip Carry All Gol,2016-08-14,0,33.0,1083,92,B,2,P2|917|2016-08-14
P2,917,Glove It Women's Mod Oval 3-Zip Carry All Gol,2016-08-21,5,33.0,1083,141,B,2,P2|917|2016-08-21
P2,917,Glove It Women's Mod Oval 3-Zip Carry All Gol,2016-08-28,10,28.0,1083,160,B,2,P2|917|2016-08-28
P2,917,Glove It Women's Mod Oval 3-Zip Carry All Gol,2016-09-04,5,18.0,1083,180,B,2,P2|917|2016-09-04
P2,917,Glove It Women's Mod Oval 3-Zip Carry All Gol,2016-09-11,17,33.0,1083,163,B,2,P2|917|2016-09-11
P2,917,Glove It Women's Mod Oval 3-Zip Carry All Gol,2016-09-18,11,16.0,1083,87,B,2,P2|917|2016-09-18
P2,917,Glove It Women's Mod Oval 3-Zip Carry All Gol,2016-09-25,9,5.0,1083,133,B,2,P2|917|2016-09-25
P2,917,Glove It Women's Mod Oval 3-Zip Carry All Gol,2016-10-02,13,0.0,1083,157,B,2,P2|917|2016-10-02
P2,917,Glove It Women's Mod Oval 3-Zip Carry All Gol,2016-10-09,5,33.0,1083,168,B,2,P2|917|2016-10-09
P2,917,Glove It Women's Mod Oval 3-Zip Carry All Gol,2016-10-16,0,28.0,1083,104,B,2,P2|917|2016-10-16
P2,917,Glove It Women's Mod Oval 3-Zip Carry All Gol,2016-10-23,1,28.0,1083,98,B,2,P2|917|2016-10-23
P2,917,Glove It Women's Mod Oval 3-Zip Carry All Gol,2016-10-30,9,27.0,1083,197,B,2,P2|917|2016-10-30
P2,917,Glove It Women's Mod Oval 3-Zip Carry All Gol,2016-11-06,8,33.0,1083,186,B,2,P2|917|2016-11-06
P2,917,Glove It Women's Mod Oval 3-Zip Carry All Gol,2016-11-13,5,25.0,1083,232,B,2,P2|917|2016-11-13
P2,917,Glove It Women's Mod Oval 3-Zip Carry All Gol,2016-11-20,6,20.0,1083,176,B,2,P2|917|2016-11-20
P2,917,Glove It Women's Mod Oval 3-Zip Carry All Gol,2016-11-27,11,14.0,1083,135,B,2,P2|917|2016-11-27
P2,917,Glove It Women's Mod Oval 3-Zip Carry All Gol,2016-12-04,6,33.0,1083,118,B,2,P2|917|2016-12-04
P2,917,Glove It Women's Mod Oval 3-Zip Carry All Gol,2016-12-11,0,27.0,1083,145,B,2,P2|917|2016-12-11
P2,917,Glove It Women's Mod Oval 3-Zip Carry All Gol,2016-12-18,11,27.0,1083,213,B,2,P2|917|2016-12-18
P2,917,Glove It Women's Mod Oval 3-Zip Carry All Gol,2016-12-25,7,16.0,1083,124,B,2,P2|917|2016-12-25
P2,917,Glove It Women's Mod Oval 3-Zip Carry All Gol,2017-01-01,8,33.0,1083,161,B,2,P2|917|2017-01-01
P2,917,Glove It Women's Mod Oval 3-Zip Carry All Gol,2017-01-08,0,25.0,1083,252,B,2,P2|917|2017-01-08
P2,917,Glove It Women's Mod Oval 3-Zip Carry All Gol,2017-01-15,5,25.0,1083,105,B,2,P2|917|2017-01-15
P2,917,Glove It Women's Mod Oval 3-Zip Carry All Gol,2017-01-22,16,20.0,1083,119,B,2,P2|917|2017-01-22
P2,917,Glove It Women's Mod Oval 3-Zip Carry All Gol,2017-01-29,22,33.0,1083,153,B,2,P2|917|2017-01-29
P2,917,Glove It Women's Mod Oval 3-Zip Carry All Gol,2017-02-05,4,11.0,1083,96,B,2,P2|917|2017-02-05
P2,917,Glove It Women's Mod Oval 3-Zip Carry All Gol,2017-02-12,8,7.0,1083,122,B,2,P2|917|2017-02-12
P2,917,Glove It Women's Mod Oval 3-Zip Carry All Gol,2017-02-19,3,0.0,1083,186,B,2,P2|917|2017-02-19
P2,917,Glove It Women's Mod Oval 3-Zip Carry All Gol,2017-02-26,6,33.0,1083,103,B,2,P2|917|2017-02-26
P2,917,Glove It Women's Mod Oval 3-Zip Carry All Gol,2017-03-05,5,27.0,1083,38,B,2,P2|917|2017-03-05
P2,917,Glove It Women's Mod Oval 3-Zip Carry All Gol,2017-03-12,7,22.0,1083,93,B,2,P2|917|2017-03-12
P2,917,Glove It Women's Mod Oval 3-Zip Carry All Gol,2017-03-19,17,15.0,1083,208,B,2,P2|917|2017-03-19
P2,917,Glove It Women's Mod Oval 3-Zip Carry All Gol,2017-03-26,7,33.0,1083,181,B,2,P2|917|2017-03-26
P2,917,Glove It Women's Mod Oval 3-Zip Carry All Gol,2017-04-02,5,26.0,1083,147,B,2,P2|917|2017-04-02
P2,917,Glove It Women's Mod Oval 3-Zip Carry All Gol,2017-04-09,16,21.0,1083,160,B,2,P2|917|2017-04-09
P2,917,Glove It Women's Mod Oval 3-Zip Carry All Gol,2017-04-16,3,5.0,1083,244,B,2,P2|917|2017-04-16
P2,917,Glove It Women's Mod Oval 3-Zip Carry All Gol,2017-04-23,10,33.0,1083,180,B,2,P2|917|2017-04-23
P2,924,Glove It Urban Brick Golf Towel,2015-01-04,5,110.0,1083,548,C,1,P2|924|2015-01-04
P2,924,Glove It Urban Brick Golf Towel,2015-01-11,16,105.0,1083,249,C,1,P2|924|2015-01-11
P2,924,Glove It Urban Brick Golf Towel,2015-01-18,5,89.0,1083,64,C,1,P2|924|2015-01-18
P2,924,Glove It Urban Brick Golf Towel,2015-01-25,15,84.0,1083,167,C,1,P2|924|2015-01-25
P2,924,Glove It Urban Brick Golf Towel,2015-02-01,1,69.0,1083,93,C,1,P2|924|2015-02-01
P2,924,Glove It Urban Brick Golf Towel,2015-02-08,4,68.0,1083,203,C,1,P2|924|2015-02-08
P2,924,Glove It Urban Brick Golf Towel,2015-02-15,3,64.0,1083,178,C,1,P2|924|2015-02-15
P2,924,Glove It Urban Brick Golf Towel,2015-02-22,4,61.0,1083,95,C,1,P2|924|2015-02-22
P2,924,Glove It Urban Brick Golf Towel,2015-03-01,10,57.0,1083,93,C,1,P2|924|2015-03-01
P2,924,Glove It Urban Brick Golf Towel,2015-03-08,14,47.0,1083,47,C,1,P2|924|2015-03-08
P2,924,Glove It Urban Brick Golf Towel,2015-03-15,0,33.0,1083,224,C,1,P2|924|2015-03-15
P2,924,Glove It Urban Brick Golf Towel,2015-03-22,14,33.0,1083,110,C,1,P2|924|2015-03-22
P2,924,Glove It Urban Brick Golf Towel,2015-03-29,0,22.0,1083,63,C,1,P2|924|2015-03-29
P2,924,Glove It Urban Brick Golf Towel,2015-04-05,9,22.0,1083,124,C,1,P2|924|2015-04-05
P2,924,Glove It Urban Brick Golf Towel,2015-04-12,10,13.0,1083,64,C,1,P2|924|2015-04-12
P2,924,Glove It Urban Brick Golf Towel,2015-04-19,21,3.0,1083,125,C,1,P2|924|2015-04-19
P2,924,Glove It Urban Brick Golf Towel,2015-04-26,4,22.0,1083,288,C,1,P2|924|2015-04-26
P2,924,Glove It Urban Brick Golf Towel,2015-05-03,8,18.0,1083,119,C,1,P2|924|2015-05-03
P2,924,Glove It Urban Brick Golf Towel,2015-05-10,0,10.0,1083,143,C,1,P2|924|2015-05-10
P2,924,Glove It Urban Brick Golf Towel,2015-05-17,11,10.0,1083,145,C,1,P2|924|2015-05-17
P2,924,Glove It Urban Brick Golf Towel,2015-05-24,1,22.0,1083,121,C,1,P2|924|2015-05-24
P2,924,Glove It Urban Brick Golf Towel,2015-05-31,16,21.0,1083,48,C,1,P2|924|2015-05-31
P2,924,Glove It Urban Brick Golf Towel,2015-06-07,11,5.0,1083,184,C,1,P2|924|2015-06-07
P2,924,Glove It Urban Brick Golf Towel,2015-06-14,3,0.0,1083,256,C,1,P2|924|2015-06-14
P2,924,Glove It Urban Brick Golf Towel,2015-06-21,8,22.0,1083,196,C,1,P2|924|2015-06-21
P2,924,Glove It Urban Brick Golf Towel,2015-06-28,2,14.0,1083,183,C,1,P2|924|2015-06-28
P2,924,Glove It Urban Brick Golf Towel,2015-07-05,5,12.0,1083,139,C,1,P2|924|2015-07-05
P2,924,Glove It Urban Brick Golf Towel,2015-07-12,14,7.0,1083,89,C,1,P2|924|2015-07-12
P2,924,Glove It Urban Brick Golf Towel,2015-07-19,11,22.0,1083,87,C,1,P2|924|2015-07-19
P2,924,Glove It Urban Brick Golf Towel,2015-07-26,10,11.0,1083,132,C,1,P2|924|2015-07-26
P2,924,Glove It Urban Brick Golf Towel,2015-08-02,5,1.0,1083,148,C,1,P2|924|2015-08-02
P2,924,Glove It Urban Brick Golf Towel,2015-08-09,13,0.0,1083,184,C,1,P2|924|2015-08-09
P2,924,Glove It Urban Brick Golf Towel,2015-08-16,4,22.0,1083,113,C,1,P2|924|2015-08-16
P2,924,Glove It Urban Brick Golf Towel,2015-08-23,3,18.0,1083,168,C,1,P2|924|2015-08-23
P2,924,Glove It Urban Brick Golf Towel,2015-08-30,1,15.0,1083,125,C,1,P2|924|2015-08-30
P2,924,Glove It Urban Brick Golf Towel,2015-09-06,5,14.0,1083,181,C,1,P2|924|2015-09-06
P2,924,Glove It Urban Brick Golf Towel,2015-09-13,11,22.0,1083,240,C,1,P2|924|2015-09-13
P2,924,Glove It Urban Brick Golf Towel,2015-09-20,3,11.0,1083,116,C,1,P2|924|2015-09-20
P2,924,Glove It Urban Brick Golf Towel,2015-09-27,21,8.0,1083,35,C,1,P2|924|2015-09-27
P2,924,Glove It Urban Brick Golf Towel,2015-10-04,3,0.0,1083,240,C,1,P2|924|2015-10-04
P2,924,Glove It Urban Brick Golf Towel,2015-10-11,2,22.0,1083,116,C,1,P2|924|2015-10-11
P2,924,Glove It Urban Brick Golf Towel,2015-10-18,2,20.0,1083,53,C,1,P2|924|2015-10-18
P2,924,Glove It Urban Brick Golf Towel,2015-10-25,2,18.0,1083,220,C,1,P2|924|2015-10-25
P2,924,Glove It Urban Brick Golf Towel,2015-11-01,2,16.0,1083,186,C,1,P2|924|2015-11-01
P2,924,Glove It Urban Brick Golf Towel,2015-11-08,10,22.0,1083,125,C,1,P2|924|2015-11-08
P2,924,Glove It Urban Brick Golf Towel,2015-11-15,1,12.0,1083,113,C,1,P2|924|2015-11-15
P2,924,Glove It Urban Brick Golf Towel,2015-11-22,9,11.0,1083,124,C,1,P2|924|2015-11-22
P2,924,Glove It Urban Brick Golf Towel,2015-11-29,7,2.0,1083,225,C,1,P2|924|2015-11-29
P2,924,Glove It Urban Brick Golf Towel,2015-12-06,17,22.0,1083,124,C,1,P2|924|2015-12-06
P2,924,Glove It Urban Brick Golf Towel,2015-12-13,12,5.0,1083,232,C,1,P2|924|2015-12-13
P2,924,Glove It Urban Brick Golf Towel,2015-12-20,8,0.0,1083,141,C,1,P2|924|2015-12-20
P2,924,Glove It Urban Brick Golf Towel,2015-12-27,13,0.0,1083,83,C,1,P2|924|2015-12-27
P2,924,Glove It Urban Brick Golf Towel,2016-01-03,6,22.0,1083,127,C,1,P2|924|2016-01-03
P2,924,Glove It Urban Brick Golf Towel,2016-01-10,1,16.0,1083,150,C,1,P2|924|2016-01-10
P2,924,Glove It Urban Brick Golf Towel,2016-01-17,1,15.0,1083,245,C,1,P2|924|2016-01-17
P2,924,Glove It Urban Brick Golf Towel,2016-01-24,11,14.0,1083,156,C,1,P2|924|2016-01-24
P2,924,Glove It Urban Brick Golf Towel,2016-01-31,12,22.0,1083,129,C,1,P2|924|2016-01-31
P2,924,Glove It Urban Brick Golf Towel,2016-02-07,8,10.0,1083,290,C,1,P2|924|2016-02-07
P2,924,Glove It Urban Brick Golf Towel,2016-02-14,3,2.0,1083,111,C,1,P2|924|2016-02-14
P2,924,Glove It Urban Brick Golf Towel,2016-02-21,12,0.0,1083,205,C,1,P2|924|2016-02-21
P2,924,Glove It Urban Brick Golf Towel,2016-02-28,12,22.0,1083,165,C,1,P2|924|2016-02-28
P2,924,Glove It Urban Brick Golf Towel,2016-03-06,9,10.0,1083,112,C,1,P2|924|2016-03-06
P2,924,Glove It Urban Brick Golf Towel,2016-03-13,7,1.0,1083,255,C,1,P2|924|2016-03-13
P2,924,Glove It Urban Brick Golf Towel,2016-03-20,2,0.0,1083,244,C,1,P2|924|2016-03-20
P2,924,Glove It Urban Brick Golf Towel,2016-03-27,17,22.0,1083,199,C,1,P2|924|2016-03-27
P2,924,Glove It Urban Brick Golf Towel,2016-04-03,8,5.0,1083,70,C,1,P2|924|2016-04-03
P2,924,Glove It Urban Brick Golf Towel,2016-04-10,11,0.0,1083,227,C,1,P2|924|2016-04-10
P2,924,Glove It Urban Brick Golf Towel,2016-04-17,6,0.0,1083,93,C,1,P2|924|2016-04-17
P2,924,Glove It Urban Brick Golf Towel,2016-04-24,8,22.0,1083,114,C,1,P2|924|2016-04-24
P2,924,Glove It Urban Brick Golf Towel,2016-05-01,14,14.0,1083,210,C,1,P2|924|2016-05-01
P2,924,Glove It Urban Brick Golf Towel,2016-05-08,13,0.0,1083,200,C,1,P2|924|2016-05-08
P2,924,Glove It Urban Brick Golf Towel,2016-05-15,12,0.0,1083,123,C,1,P2|924|2016-05-15
P2,924,Glove It Urban Brick Golf Towel,2016-05-22,0,22.0,1083,151,C,1,P2|924|2016-05-22
P2,924,Glove It Urban Brick Golf Towel,2016-05-29,15,22.0,1083,243,C,1,P2|924|2016-05-29
P2,924,Glove It Urban Brick Golf Towel,2016-06-05,12,7.0,1083,136,C,1,P2|924|2016-06-05
P2,924,Glove It Urban Brick Golf Towel,2016-06-12,5,0.0,1083,196,C,1,P2|924|2016-06-12
P2,924,Glove It Urban Brick Golf Towel,2016-06-19,0,22.0,1083,201,C,1,P2|924|2016-06-19
P2,924,Glove It Urban Brick Golf Towel,2016-06-26,9,22.0,1083,48,C,1,P2|924|2016-06-26
P2,924,Glove It Urban Brick Golf Towel,2016-07-03,7,13.0,1083,192,C,1,P2|924|2016-07-03
P2,924,Glove It Urban Brick Golf Towel,2016-07-10,6,6.0,1083,193,C,1,P2|924|2016-07-10
P2,924,Glove It Urban Brick Golf Towel,2016-07-17,1,22.0,1083,117,C,1,P2|924|2016-07-17
P2,924,Glove It Urban Brick Golf Towel,2016-07-24,4,21.0,1083,149,C,1,P2|924|2016-07-24
P2,924,Glove It Urban Brick Golf Towel,2016-07-31,1,17.0,1083,154,C,1,P2|924|2016-07-31
P2,924,Glove It Urban Brick Golf Towel,2016-08-07,0,16.0,1083,117,C,1,P2|924|2016-08-07
P2,924,Glove It Urban Brick Golf Towel,2016-08-14,7,22.0,1083,92,C,1,P2|924|2016-08-14
P2,924,Glove It Urban Brick Golf Towel,2016-08-21,10,15.0,1083,141,C,1,P2|924|2016-08-21
P2,924,Glove It Urban Brick Golf Towel,2016-08-28,6,5.0,1083,160,C,1,P2|924|2016-08-28
P2,924,Glove It Urban Brick Golf Towel,2016-09-04,11,0.0,1083,180,C,1,P2|924|2016-09-04
P2,924,Glove It Urban Brick Golf Towel,2016-09-11,9,22.0,1083,163,C,1,P2|924|2016-09-11
P2,924,Glove It Urban Brick Golf Towel,2016-09-18,6,13.0,1083,87,C,1,P2|924|2016-09-18
P2,924,Glove It Urban Brick Golf Towel,2016-09-25,2,7.0,1083,133,C,1,P2|924|2016-09-25
P2,924,Glove It Urban Brick Golf Towel,2016-10-02,9,5.0,1083,157,C,1,P2|924|2016-10-02
P2,924,Glove It Urban Brick Golf Towel,2016-10-09,13,22.0,1083,168,C,1,P2|924|2016-10-09
P2,924,Glove It Urban Brick Golf Towel,2016-10-16,11,9.0,1083,104,C,1,P2|924|2016-10-16
P2,924,Glove It Urban Brick Golf Towel,2016-10-23,3,0.0,1083,98,C,1,P2|924|2016-10-23
P2,924,Glove It Urban Brick Golf Towel,2016-10-30,13,0.0,1083,197,C,1,P2|924|2016-10-30
P2,924,Glove It Urban Brick Golf Towel,2016-11-06,2,22.0,1083,186,C,1,P2|924|2016-11-06
P2,924,Glove It Urban Brick Golf Towel,2016-11-13,2,20.0,1083,232,C,1,P2|924|2016-11-13
P2,924,Glove It Urban Brick Golf Towel,2016-11-20,6,18.0,1083,176,C,1,P2|924|2016-11-20
P2,924,Glove It Urban Brick Golf Towel,2016-11-27,0,12.0,1083,135,C,1,P2|924|2016-11-27
P2,924,Glove It Urban Brick Golf Towel,2016-12-04,7,22.0,1083,118,C,1,P2|924|2016-12-04
P2,924,Glove It Urban Brick Golf Towel,2016-12-11,15,15.0,1083,145,C,1,P2|924|2016-12-11
P2,924,Glove It Urban Brick Golf Towel,2016-12-18,2,0.0,1083,213,C,1,P2|924|2016-12-18
P2,924,Glove It Urban Brick Golf Towel,2016-12-25,0,0.0,1083,124,C,1,P2|924|2016-12-25
P2,924,Glove It Urban Brick Golf Towel,2017-01-01,5,22.0,1083,161,C,1,P2|924|2017-01-01
P2,924,Glove It Urban Brick Golf Towel,2017-01-08,6,17.0,1083,252,C,1,P2|924|2017-01-08
P2,924,Glove It Urban Brick Golf Towel,2017-01-15,14,11.0,1083,105,C,1,P2|924|2017-01-15
P2,924,Glove It Urban Brick Golf Towel,2017-01-22,5,0.0,1083,119,C,1,P2|924|2017-01-22
P2,924,Glove It Urban Brick Golf Towel,2017-01-29,10,22.0,1083,153,C,1,P2|924|2017-01-29
P2,924,Glove It Urban Brick Golf Towel,2017-02-05,12,12.0,1083,96,C,1,P2|924|2017-02-05
P2,924,Glove It Urban Brick Golf Towel,2017-02-12,9,0.0,1083,122,C,1,P2|924|2017-02-12
P2,924,Glove It Urban Brick Golf Towel,2017-02-19,2,0.0,1083,186,C,1,P2|924|2017-02-19
P2,924,Glove It Urban Brick Golf Towel,2017-02-26,7,22.0,1083,103,C,1,P2|924|2017-02-26
P2,924,Glove It Urban Brick Golf Towel,2017-03-05,11,15.0,1083,38,C,1,P2|924|2017-03-05
P2,924,Glove It Urban Brick Golf Towel,2017-03-12,5,4.0,1083,93,C,1,P2|924|2017-03-12
P2,924,Glove It Urban Brick Golf Towel,2017-03-19,13,0.0,1083,208,C,1,P2|924|2017-03-19
P2,924,Glove It Urban Brick Golf Towel,2017-03-26,9,22.0,1083,181,C,1,P2|924|2017-03-26
P2,924,Glove It Urban Brick Golf Towel,2017-04-02,4,13.0,1083,147,C,1,P2|924|2017-04-02
P2,924,Glove It Urban Brick Golf Towel,2017-04-09,9,9.0,1083,160,C,1,P2|924|2017-04-09
P2,924,Glove It Urban Brick Golf Towel,2017-04-16,0,0.0,1083,244,C,1,P2|924|2017-04-16
P2,924,Glove It Urban Brick Golf Towel,2017-04-23,8,22.0,1083,180,C,1,P2|924|2017-04-23
P2,926,Glove It Imperial Golf Towel,2015-01-04,5,99.0,1083,548,B,2,P2|926|2015-01-04
P2,926,Glove It Imperial Golf Towel,2015-01-11,4,94.0,1083,249,B,2,P2|926|2015-01-11
P2,926,Glove It Imperial Golf Towel,2015-01-18,0,90.0,1083,64,B,2,P2|926|2015-01-18
P2,926,Glove It Imperial Golf Towel,2015-01-25,12,90.0,1083,167,B,2,P2|926|2015-01-25
P2,926,Glove It Imperial Golf Towel,2015-02-01,10,78.0,1083,93,B,2,P2|926|2015-02-01
P2,926,Glove It Imperial Golf Towel,2015-02-08,0,68.0,1083,203,B,2,P2|926|2015-02-08
P2,926,Glove It Imperial Golf Towel,2015-02-15,10,68.0,1083,178,B,2,P2|926|2015-02-15
P2,926,Glove It Imperial Golf Towel,2015-02-22,11,58.0,1083,95,B,2,P2|926|2015-02-22
P2,926,Glove It Imperial Golf Towel,2015-03-01,7,47.0,1083,93,B,2,P2|926|2015-03-01
P2,926,Glove It Imperial Golf Towel,2015-03-08,9,40.0,1083,47,B,2,P2|926|2015-03-08
P2,926,Glove It Imperial Golf Towel,2015-03-15,13,31.0,1083,224,B,2,P2|926|2015-03-15
P2,926,Glove It Imperial Golf Towel,2015-03-22,15,18.0,1083,110,B,2,P2|926|2015-03-22
P2,926,Glove It Imperial Golf Towel,2015-03-29,15,33.0,1083,63,B,2,P2|926|2015-03-29
P2,926,Glove It Imperial Golf Towel,2015-04-05,12,18.0,1083,124,B,2,P2|926|2015-04-05
P2,926,Glove It Imperial Golf Towel,2015-04-12,11,6.0,1083,64,B,2,P2|926|2015-04-12
P2,926,Glove It Imperial Golf Towel,2015-04-19,5,0.0,1083,125,B,2,P2|926|2015-04-19
P2,926,Glove It Imperial Golf Towel,2015-04-26,3,33.0,1083,288,B,2,P2|926|2015-04-26
P2,926,Glove It Imperial Golf Towel,2015-05-03,0,30.0,1083,119,B,2,P2|926|2015-05-03
P2,926,Glove It Imperial Golf Towel,2015-05-10,4,30.0,1083,143,B,2,P2|926|2015-05-10
P2,926,Glove It Imperial Golf Towel,2015-05-17,3,26.0,1083,145,B,2,P2|926|2015-05-17
P2,926,Glove It Imperial Golf Towel,2015-05-24,4,33.0,1083,121,B,2,P2|926|2015-05-24
P2,926,Glove It Imperial Golf Towel,2015-05-31,13,29.0,1083,48,B,2,P2|926|2015-05-31
P2,926,Glove It Imperial Golf Towel,2015-06-07,11,16.0,1083,184,B,2,P2|926|2015-06-07
P2,926,Glove It Imperial Golf Towel,2015-06-14,2,5.0,1083,256,B,2,P2|926|2015-06-14
P2,926,Glove It Imperial Golf Towel,2015-06-21,5,33.0,1083,196,B,2,P2|926|2015-06-21
P2,926,Glove It Imperial Golf Towel,2015-06-28,0,28.0,1083,183,B,2,P2|926|2015-06-28
P2,926,Glove It Imperial Golf Towel,2015-07-05,6,28.0,1083,139,B,2,P2|926|2015-07-05
P2,926,Glove It Imperial Golf Towel,2015-07-12,0,22.0,1083,89,B,2,P2|926|2015-07-12
P2,926,Glove It Imperial Golf Towel,2015-07-19,9,33.0,1083,87,B,2,P2|926|2015-07-19
P2,926,Glove It Imperial Golf Towel,2015-07-26,15,24.0,1083,132,B,2,P2|926|2015-07-26
P2,926,Glove It Imperial Golf Towel,2015-08-02,13,9.0,1083,148,B,2,P2|926|2015-08-02
P2,926,Glove It Imperial Golf Towel,2015-08-09,12,0.0,1083,184,B,2,P2|926|2015-08-09
P2,926,Glove It Imperial Golf Towel,2015-08-16,2,33.0,1083,113,B,2,P2|926|2015-08-16
P2,926,Glove It Imperial Golf Towel,2015-08-23,2,31.0,1083,168,B,2,P2|926|2015-08-23
P2,926,Glove It Imperial Golf Towel,2015-08-30,20,29.0,1083,125,B,2,P2|926|2015-08-30
P2,926,Glove It Imperial Golf Towel,2015-09-06,5,9.0,1083,181,B,2,P2|926|2015-09-06
P2,926,Glove It Imperial Golf Towel,2015-09-13,6,33.0,1083,240,B,2,P2|926|2015-09-13
P2,926,Glove It Imperial Golf Towel,2015-09-20,4,27.0,1083,116,B,2,P2|926|2015-09-20
P2,926,Glove It Imperial Golf Towel,2015-09-27,6,23.0,1083,35,B,2,P2|926|2015-09-27
P2,926,Glove It Imperial Golf Towel,2015-10-04,4,17.0,1083,240,B,2,P2|926|2015-10-04
P2,926,Glove It Imperial Golf Towel,2015-10-11,3,33.0,1083,116,B,2,P2|926|2015-10-11
P2,926,Glove It Imperial Golf Towel,2015-10-18,36,30.0,1083,53,B,2,P2|926|2015-10-18
P2,926,Glove It Imperial Golf Towel,2015-10-25,0,0.0,1083,220,B,2,P2|926|2015-10-25
P2,926,Glove It Imperial Golf Towel,2015-11-01,10,0.0,1083,186,B,2,P2|926|2015-11-01
P2,926,Glove It Imperial Golf Towel,2015-11-08,4,33.0,1083,125,B,2,P2|926|2015-11-08
P2,926,Glove It Imperial Golf Towel,2015-11-15,10,29.0,1083,113,B,2,P2|926|2015-11-15
P2,926,Glove It Imperial Golf Towel,2015-11-22,12,19.0,1083,124,B,2,P2|926|2015-11-22
P2,926,Glove It Imperial Golf Towel,2015-11-29,12,7.0,1083,225,B,2,P2|926|2015-11-29
P2,926,Glove It Imperial Golf Towel,2015-12-06,9,33.0,1083,124,B,2,P2|926|2015-12-06
P2,926,Glove It Imperial Golf Towel,2015-12-13,10,24.0,1083,232,B,2,P2|926|2015-12-13
P2,926,Glove It Imperial Golf Towel,2015-12-20,7,14.0,1083,141,B,2,P2|926|2015-12-20
P2,926,Glove It Imperial Golf Towel,2015-12-27,8,7.0,1083,83,B,2,P2|926|2015-12-27
P2,926,Glove It Imperial Golf Towel,2016-01-03,5,33.0,1083,127,B,2,P2|926|2016-01-03
P2,926,Glove It Imperial Golf Towel,2016-01-10,5,28.0,1083,150,B,2,P2|926|2016-01-10
P2,926,Glove It Imperial Golf Towel,2016-01-17,1,23.0,1083,245,B,2,P2|926|2016-01-17
P2,926,Glove It Imperial Golf Towel,2016-01-24,9,22.0,1083,156,B,2,P2|926|2016-01-24
P2,926,Glove It Imperial Golf Towel,2016-01-31,12,33.0,1083,129,B,2,P2|926|2016-01-31
P2,926,Glove It Imperial Golf Towel,2016-02-07,12,21.0,1083,290,B,2,P2|926|2016-02-07
P2,926,Glove It Imperial Golf Towel,2016-02-14,14,9.0,1083,111,B,2,P2|926|2016-02-14
P2,926,Glove It Imperial Golf Towel,2016-02-21,0,0.0,1083,205,B,2,P2|926|2016-02-21
P2,926,Glove It Imperial Golf Towel,2016-02-28,9,33.0,1083,165,B,2,P2|926|2016-02-28
P2,926,Glove It Imperial Golf Towel,2016-03-06,10,24.0,1083,112,B,2,P2|926|2016-03-06
P2,926,Glove It Imperial Golf Towel,2016-03-13,5,14.0,1083,255,B,2,P2|926|2016-03-13
P2,926,Glove It Imperial Golf Towel,2016-03-20,10,9.0,1083,244,B,2,P2|926|2016-03-20
P2,926,Glove It Imperial Golf Towel,2016-03-27,6,33.0,1083,199,B,2,P2|926|2016-03-27
P2,926,Glove It Imperial Golf Towel,2016-04-03,8,27.0,1083,70,B,2,P2|926|2016-04-03
P2,926,Glove It Imperial Golf Towel,2016-04-10,13,19.0,1083,227,B,2,P2|926|2016-04-10
P2,926,Glove It Imperial Golf Towel,2016-04-17,20,6.0,1083,93,B,2,P2|926|2016-04-17
P2,926,Glove It Imperial Golf Towel,2016-04-24,3,33.0,1083,114,B,2,P2|926|2016-04-24
P2,926,Glove It Imperial Golf Towel,2016-05-01,4,30.0,1083,210,B,2,P2|926|2016-05-01
P2,926,Glove It Imperial Golf Towel,2016-05-08,4,26.0,1083,200,B,2,P2|926|2016-05-08
P2,926,Glove It Imperial Golf Towel,2016-05-15,4,22.0,1083,123,B,2,P2|926|2016-05-15
P2,926,Glove It Imperial Golf Towel,2016-05-22,13,33.0,1083,151,B,2,P2|926|2016-05-22
P2,926,Glove It Imperial Golf Towel,2016-05-29,5,20.0,1083,243,B,2,P2|926|2016-05-29
P2,926,Glove It Imperial Golf Towel,2016-06-05,6,15.0,1083,136,B,2,P2|926|2016-06-05
P2,926,Glove It Imperial Golf Towel,2016-06-12,2,9.0,1083,196,B,2,P2|926|2016-06-12
P2,926,Glove It Imperial Golf Towel,2016-06-19,2,33.0,1083,201,B,2,P2|926|2016-06-19
P2,926,Glove It Imperial Golf Towel,2016-06-26,1,31.0,1083,48,B,2,P2|926|2016-06-26
P2,926,Glove It Imperial Golf Towel,2016-07-03,7,30.0,1083,192,B,2,P2|926|2016-07-03
P2,926,Glove It Imperial Golf Towel,2016-07-10,22,23.0,1083,193,B,2,P2|926|2016-07-10
P2,926,Glove It Imperial Golf Towel,2016-07-17,18,33.0,1083,117,B,2,P2|926|2016-07-17
P2,926,Glove It Imperial Golf Towel,2016-07-24,0,15.0,1083,149,B,2,P2|926|2016-07-24
P2,926,Glove It Imperial Golf Towel,2016-07-31,8,15.0,1083,154,B,2,P2|926|2016-07-31
P2,926,Glove It Imperial Golf Towel,2016-08-07,8,7.0,1083,117,B,2,P2|926|2016-08-07
P2,926,Glove It Imperial Golf Towel,2016-08-14,15,33.0,1083,92,B,2,P2|926|2016-08-14
P2,926,Glove It Imperial Golf Towel,2016-08-21,6,18.0,1083,141,B,2,P2|926|2016-08-21
P2,926,Glove It Imperial Golf Towel,2016-08-28,22,12.0,1083,160,B,2,P2|926|2016-08-28
P2,926,Glove It Imperial Golf Towel,2016-09-04,10,0.0,1083,180,B,2,P2|926|2016-09-04
P2,926,Glove It Imperial Golf Towel,2016-09-11,4,33.0,1083,163,B,2,P2|926|2016-09-11
P2,926,Glove It Imperial Golf Towel,2016-09-18,13,29.0,1083,87,B,2,P2|926|2016-09-18
P2,926,Glove It Imperial Golf Towel,2016-09-25,10,16.0,1083,133,B,2,P2|926|2016-09-25
P2,926,Glove It Imperial Golf Towel,2016-10-02,6,6.0,1083,157,B,2,P2|926|2016-10-02
P2,926,Glove It Imperial Golf Towel,2016-10-09,9,33.0,1083,168,B,2,P2|926|2016-10-09
P2,926,Glove It Imperial Golf Towel,2016-10-16,5,24.0,1083,104,B,2,P2|926|2016-10-16
P2,926,Glove It Imperial Golf Towel,2016-10-23,14,19.0,1083,98,B,2,P2|926|2016-10-23
P2,926,Glove It Imperial Golf Towel,2016-10-30,13,5.0,1083,197,B,2,P2|926|2016-10-30
P2,926,Glove It Imperial Golf Towel,2016-11-06,17,33.0,1083,186,B,2,P2|926|2016-11-06
P2,926,Glove It Imperial Golf Towel,2016-11-13,7,16.0,1083,232,B,2,P2|926|2016-11-13
P2,926,Glove It Imperial Golf Towel,2016-11-20,10,9.0,1083,176,B,2,P2|926|2016-11-20
P2,926,Glove It Imperial Golf Towel,2016-11-27,5,0.0,1083,135,B,2,P2|926|2016-11-27
P2,926,Glove It Imperial Golf Towel,2016-12-04,4,33.0,1083,118,B,2,P2|926|2016-12-04
P2,926,Glove It Imperial Golf Towel,2016-12-11,11,29.0,1083,145,B,2,P2|926|2016-12-11
P2,926,Glove It Imperial Golf Towel,2016-12-18,0,18.0,1083,213,B,2,P2|926|2016-12-18
P2,926,Glove It Imperial Golf Towel,2016-12-25,11,18.0,1083,124,B,2,P2|926|2016-12-25
P2,926,Glove It Imperial Golf Towel,2017-01-01,5,33.0,1083,161,B,2,P2|926|2017-01-01
P2,926,Glove It Imperial Golf Towel,2017-01-08,3,28.0,1083,252,B,2,P2|926|2017-01-08
P2,926,Glove It Imperial Golf Towel,2017-01-15,4,25.0,1083,105,B,2,P2|926|2017-01-15
P2,926,Glove It Imperial Golf Towel,2017-01-22,1,21.0,1083,119,B,2,P2|926|2017-01-22
P2,926,Glove It Imperial Golf Towel,2017-01-29,2,33.0,1083,153,B,2,P2|926|2017-01-29
P2,926,Glove It Imperial Golf Towel,2017-02-05,8,31.0,1083,96,B,2,P2|926|2017-02-05
P2,926,Glove It Imperial Golf Towel,2017-02-12,5,23.0,1083,122,B,2,P2|926|2017-02-12
P2,926,Glove It Imperial Golf Towel,2017-02-19,4,18.0,1083,186,B,2,P2|926|2017-02-19
P2,926,Glove It Imperial Golf Towel,2017-02-26,0,33.0,1083,103,B,2,P2|926|2017-02-26
P2,926,Glove It Imperial Golf Towel,2017-03-05,5,33.0,1083,38,B,2,P2|926|2017-03-05
P2,926,Glove It Imperial Golf Towel,2017-03-12,7,28.0,1083,93,B,2,P2|926|2017-03-12
P2,926,Glove It Imperial Golf Towel,2017-03-19,2,21.0,1083,208,B,2,P2|926|2017-03-19
P2,926,Glove It Imperial Golf Towel,2017-03-26,6,33.0,1083,181,B,2,P2|926|2017-03-26
P2,926,Glove It Imperial Golf Towel,2017-04-02,2,27.0,1083,147,B,2,P2|926|2017-04-02
P2,926,Glove It Imperial Golf Towel,2017-04-09,16,25.0,1083,160,B,2,P2|926|2017-04-09
P2,926,Glove It Imperial Golf Towel,2017-04-16,2,9.0,1083,244,B,2,P2|926|2017-04-16
P2,926,Glove It Imperial Golf Towel,2017-04-23,11,33.0,1083,180,B,2,P2|926|2017-04-23
P2,1355,Lawn mower,2017-11-19,388,908.0,1083,695,C,1,P2|1355|2017-11-19
P2,1355,Lawn mower,2017-11-26,0,520.0,1083,1083,C,1,P2|1355|2017-11-26
P2,1355,Lawn mower,2017-12-03,0,520.0,1083,996,C,1,P2|1355|2017-12-03
P2,1355,Lawn mower,2017-12-10,0,520.0,1083,1025,C,1,P2|1355|2017-12-10
P2,1355,Lawn mower,2017-12-17,0,520.0,1083,1083,C,1,P2|1355|2017-12-17
P2,1355,Lawn mower,2017-12-24,0,520.0,1083,1083,C,1,P2|1355|2017-12-24
P2,1355,Lawn mower,2017-12-31,0,520.0,1083,1083,C,1,P2|1355|2017-12-31
P2,1355,Lawn mower,2018-01-07,96,520.0,1083,987,C,1,P2|1355|2018-01-07
P2,1360,Smart watch ,2017-12-03,87,536.0,1083,996,C,1,P2|1360|2017-12-03
P2,1360,Smart watch ,2017-12-10,58,449.0,1083,1025,C,1,P2|1360|2017-12-10
P2,1360,Smart watch ,2017-12-17,0,391.0,1083,1083,C,1,P2|1360|2017-12-17
P2,1360,Smart watch ,2017-12-24,0,391.0,1083,1083,C,1,P2|1360|2017-12-24
P2,1360,Smart watch ,2017-12-31,0,391.0,1083,1083,C,1,P2|1360|2017-12-31
P2,1360,Smart watch ,2018-01-07,0,391.0,1083,987,C,1,P2|1360|2018-01-07
P2,1360,Smart watch ,2018-01-14,211,391.0,1083,872,C,1,P2|1360|2018-01-14
P2,1360,Smart watch ,2018-01-21,0,180.0,1083,1083,C,1,P2|1360|2018-01-21
P2,1360,Smart watch ,2018-01-28,0,180.0,1083,1083,C,1,P2|1360|2018-01-28
P2,1360,Smart watch ,2018-02-04,1,180.0,1083,1082,C,1,P2|1360|2018-02-04
P3,957,Diamondback Women's Serene Classic Comfort Bi,2015-01-04,64,1217.0,913,504,B,2,P3|957|2015-01-04
P3,957,Diamondback Women's Serene Classic Comfort Bi,2015-01-11,95,1153.0,913,183,B,2,P3|957|2015-01-11
P3,957,Diamondback Women's Serene Classic Comfort Bi,2015-01-18,97,1058.0,913,140,B,2,P3|957|2015-01-18
P3,957,Diamondback Women's Serene Classic Comfort Bi,2015-01-25,82,961.0,913,107,B,2,P3|957|2015-01-25
P3,957,Diamondback Women's Serene Classic Comfort Bi,2015-02-01,90,879.0,913,184,B,2,P3|957|2015-02-01
P3,957,Diamondback Women's Serene Classic Comfort Bi,2015-02-08,99,789.0,913,157,B,2,P3|957|2015-02-08
P3,957,Diamondback Women's Serene Classic Comfort Bi,2015-02-15,95,690.0,913,203,B,2,P3|957|2015-02-15
P3,957,Diamondback Women's Serene Classic Comfort Bi,2015-02-22,101,595.0,913,177,B,2,P3|957|2015-02-22
P3,957,Diamondback Women's Serene Classic Comfort Bi,2015-03-01,95,494.0,913,174,B,2,P3|957|2015-03-01
P3,957,Diamondback Women's Serene Classic Comfort Bi,2015-03-08,85,399.0,913,152,B,2,P3|957|2015-03-08
P3,957,Diamondback Women's Serene Classic Comfort Bi,2015-03-15,95,314.0,913,195,B,2,P3|957|2015-03-15
P3,957,Diamondback Women's Serene Classic Comfort Bi,2015-03-22,95,219.0,913,160,B,2,P3|957|2015-03-22
P3,957,Diamondback Women's Serene Classic Comfort Bi,2015-03-29,81,406.0,913,144,B,2,P3|957|2015-03-29
P3,957,Diamondback Women's Serene Classic Comfort Bi,2015-04-05,103,325.0,913,127,B,2,P3|957|2015-04-05
P3,957,Diamondback Women's Serene Classic Comfort Bi,2015-04-12,116,222.0,913,182,B,2,P3|957|2015-04-12
P3,957,Diamondback Women's Serene Classic Comfort Bi,2015-04-19,99,106.0,913,143,B,2,P3|957|2015-04-19
P3,957,Diamondback Women's Serene Classic Comfort Bi,2015-04-26,86,406.0,913,163,B,2,P3|957|2015-04-26
P3,957,Diamondback Women's Serene Classic Comfort Bi,2015-05-03,85,320.0,913,215,B,2,P3|957|2015-05-03
P3,957,Diamondback Women's Serene Classic Comfort Bi,2015-05-10,78,235.0,913,206,B,2,P3|957|2015-05-10
P3,957,Diamondback Women's Serene Classic Comfort Bi,2015-05-17,92,157.0,913,182,B,2,P3|957|2015-05-17
P3,957,Diamondback Women's Serene Classic Comfort Bi,2015-05-24,89,406.0,913,209,B,2,P3|957|2015-05-24
P3,957,Diamondback Women's Serene Classic Comfort Bi,2015-05-31,99,317.0,913,185,B,2,P3|957|2015-05-31
P3,957,Diamondback Women's Serene Classic Comfort Bi,2015-06-07,89,218.0,913,197,B,2,P3|957|2015-06-07
P3,957,Diamondback Women's Serene Classic Comfort Bi,2015-06-14,102,129.0,913,209,B,2,P3|957|2015-06-14
P3,957,Diamondback Women's Serene Classic Comfort Bi,2015-06-21,94,406.0,913,136,B,2,P3|957|2015-06-21
P3,957,Diamondback Women's Serene Classic Comfort Bi,2015-06-28,87,312.0,913,246,B,2,P3|957|2015-06-28
P3,957,Diamondback Women's Serene Classic Comfort Bi,2015-07-05,102,225.0,913,85,B,2,P3|957|2015-07-05
P3,957,Diamondback Women's Serene Classic Comfort Bi,2015-07-12,86,123.0,913,169,B,2,P3|957|2015-07-12
P3,957,Diamondback Women's Serene Classic Comfort Bi,2015-07-19,91,406.0,913,204,B,2,P3|957|2015-07-19
P3,957,Diamondback Women's Serene Classic Comfort Bi,2015-07-26,100,315.0,913,160,B,2,P3|957|2015-07-26
P3,957,Diamondback Women's Serene Classic Comfort Bi,2015-08-02,102,215.0,913,191,B,2,P3|957|2015-08-02
P3,957,Diamondback Women's Serene Classic Comfort Bi,2015-08-09,91,113.0,913,204,B,2,P3|957|2015-08-09
P3,957,Diamondback Women's Serene Classic Comfort Bi,2015-08-16,92,406.0,913,256,B,2,P3|957|2015-08-16
P3,957,Diamondback Women's Serene Classic Comfort Bi,2015-08-23,85,314.0,913,266,B,2,P3|957|2015-08-23
P3,957,Diamondback Women's Serene Classic Comfort Bi,2015-08-30,92,229.0,913,207,B,2,P3|957|2015-08-30
P3,957,Diamondback Women's Serene Classic Comfort Bi,2015-09-06,108,137.0,913,135,B,2,P3|957|2015-09-06
P3,957,Diamondback Women's Serene Classic Comfort Bi,2015-09-13,95,406.0,913,208,B,2,P3|957|2015-09-13
P3,957,Diamondback Women's Serene Classic Comfort Bi,2015-09-20,104,311.0,913,75,B,2,P3|957|2015-09-20
P3,957,Diamondback Women's Serene Classic Comfort Bi,2015-09-27,101,207.0,913,223,B,2,P3|957|2015-09-27
P3,957,Diamondback Women's Serene Classic Comfort Bi,2015-10-04,99,106.0,913,159,B,2,P3|957|2015-10-04
P3,957,Diamondback Women's Serene Classic Comfort Bi,2015-10-11,97,406.0,913,184,B,2,P3|957|2015-10-11
P3,957,Diamondback Women's Serene Classic Comfort Bi,2015-10-18,107,309.0,913,221,B,2,P3|957|2015-10-18
P3,957,Diamondback Women's Serene Classic Comfort Bi,2015-10-25,91,202.0,913,159,B,2,P3|957|2015-10-25
P3,957,Diamondback Women's Serene Classic Comfort Bi,2015-11-01,95,111.0,913,166,B,2,P3|957|2015-11-01
P3,957,Diamondback Women's Serene Classic Comfort Bi,2015-11-08,117,406.0,913,122,B,2,P3|957|2015-11-08
P3,957,Diamondback Women's Serene Classic Comfort Bi,2015-11-15,87,289.0,913,147,B,2,P3|957|2015-11-15
P3,957,Diamondback Women's Serene Classic Comfort Bi,2015-11-22,94,202.0,913,156,B,2,P3|957|2015-11-22
P3,957,Diamondback Women's Serene Classic Comfort Bi,2015-11-29,105,108.0,913,162,B,2,P3|957|2015-11-29
P3,957,Diamondback Women's Serene Classic Comfort Bi,2015-12-06,77,406.0,913,221,B,2,P3|957|2015-12-06
P3,957,Diamondback Women's Serene Classic Comfort Bi,2015-12-13,96,329.0,913,196,B,2,P3|957|2015-12-13
P3,957,Diamondback Women's Serene Classic Comfort Bi,2015-12-20,84,233.0,913,125,B,2,P3|957|2015-12-20
P3,957,Diamondback Women's Serene Classic Comfort Bi,2015-12-27,82,149.0,913,133,B,2,P3|957|2015-12-27
P3,957,Diamondback Women's Serene Classic Comfort Bi,2016-01-03,108,406.0,913,158,B,2,P3|957|2016-01-03
P3,957,Diamondback Women's Serene Classic Comfort Bi,2016-01-10,82,298.0,913,231,B,2,P3|957|2016-01-10
P3,957,Diamondback Women's Serene Classic Comfort Bi,2016-01-17,101,216.0,913,132,B,2,P3|957|2016-01-17
P3,957,Diamondback Women's Serene Classic Comfort Bi,2016-01-24,95,115.0,913,204,B,2,P3|957|2016-01-24
P3,957,Diamondback Women's Serene Classic Comfort Bi,2016-01-31,91,406.0,913,116,B,2,P3|957|2016-01-31
P3,957,Diamondback Women's Serene Classic Comfort Bi,2016-02-07,106,315.0,913,141,B,2,P3|957|2016-02-07
P3,957,Diamondback Women's Serene Classic Comfort Bi,2016-02-14,74,209.0,913,157,B,2,P3|957|2016-02-14
P3,957,Diamondback Women's Serene Classic Comfort Bi,2016-02-21,94,135.0,913,117,B,2,P3|957|2016-02-21
P3,957,Diamondback Women's Serene Classic Comfort Bi,2016-02-28,94,406.0,913,181,B,2,P3|957|2016-02-28
P3,957,Diamondback Women's Serene Classic Comfort Bi,2016-03-06,98,312.0,913,210,B,2,P3|957|2016-03-06
P3,957,Diamondback Women's Serene Classic Comfort Bi,2016-03-13,87,214.0,913,196,B,2,P3|957|2016-03-13
P3,957,Diamondback Women's Serene Classic Comfort Bi,2016-03-20,96,127.0,913,220,B,2,P3|957|2016-03-20
P3,957,Diamondback Women's Serene Classic Comfort Bi,2016-03-27,108,406.0,913,212,B,2,P3|957|2016-03-27
P3,957,Diamondback Women's Serene Classic Comfort Bi,2016-04-03,101,298.0,913,227,B,2,P3|957|2016-04-03
P3,957,Diamondback Women's Serene Classic Comfort Bi,2016-04-10,87,197.0,913,235,B,2,P3|957|2016-04-10
P3,957,Diamondback Women's Serene Classic Comfort Bi,2016-04-17,91,110.0,913,144,B,2,P3|957|2016-04-17
P3,957,Diamondback Women's Serene Classic Comfort Bi,2016-04-24,89,406.0,913,140,B,2,P3|957|2016-04-24
P3,957,Diamondback Women's Serene Classic Comfort Bi,2016-05-01,84,317.0,913,274,B,2,P3|957|2016-05-01
P3,957,Diamondback Women's Serene Classic Comfort Bi,2016-05-08,92,233.0,913,211,B,2,P3|957|2016-05-08
P3,957,Diamondback Women's Serene Classic Comfort Bi,2016-05-15,103,141.0,913,139,B,2,P3|957|2016-05-15
P3,957,Diamondback Women's Serene Classic Comfort Bi,2016-05-22,90,406.0,913,182,B,2,P3|957|2016-05-22
P3,957,Diamondback Women's Serene Classic Comfort Bi,2016-05-29,99,316.0,913,200,B,2,P3|957|2016-05-29
P3,957,Diamondback Women's Serene Classic Comfort Bi,2016-06-05,111,217.0,913,173,B,2,P3|957|2016-06-05
P3,957,Diamondback Women's Serene Classic Comfort Bi,2016-06-12,105,106.0,913,224,B,2,P3|957|2016-06-12
P3,957,Diamondback Women's Serene Classic Comfort Bi,2016-06-19,80,406.0,913,252,B,2,P3|957|2016-06-19
P3,957,Diamondback Women's Serene Classic Comfort Bi,2016-06-26,100,326.0,913,225,B,2,P3|957|2016-06-26
P3,957,Diamondback Women's Serene Classic Comfort Bi,2016-07-03,94,226.0,913,151,B,2,P3|957|2016-07-03
P3,957,Diamondback Women's Serene Classic Comfort Bi,2016-07-10,91,132.0,913,196,B,2,P3|957|2016-07-10
P3,957,Diamondback Women's Serene Classic Comfort Bi,2016-07-17,94,406.0,913,153,B,2,P3|957|2016-07-17
P3,957,Diamondback Women's Serene Classic Comfort Bi,2016-07-24,106,312.0,913,158,B,2,P3|957|2016-07-24
P3,957,Diamondback Women's Serene Classic Comfort Bi,2016-07-31,91,206.0,913,203,B,2,P3|957|2016-07-31
P3,957,Diamondback Women's Serene Classic Comfort Bi,2016-08-07,95,115.0,913,183,B,2,P3|957|2016-08-07
P3,957,Diamondback Women's Serene Classic Comfort Bi,2016-08-14,91,406.0,913,307,B,2,P3|957|2016-08-14
P3,957,Diamondback Women's Serene Classic Comfort Bi,2016-08-21,108,315.0,913,145,B,2,P3|957|2016-08-21
P3,957,Diamondback Women's Serene Classic Comfort Bi,2016-08-28,77,207.0,913,259,B,2,P3|957|2016-08-28
P3,957,Diamondback Women's Serene Classic Comfort Bi,2016-09-04,92,130.0,913,215,B,2,P3|957|2016-09-04
P3,957,Diamondback Women's Serene Classic Comfort Bi,2016-09-11,91,406.0,913,258,B,2,P3|957|2016-09-11
P3,957,Diamondback Women's Serene Classic Comfort Bi,2016-09-18,94,315.0,913,55,B,2,P3|957|2016-09-18
P3,957,Diamondback Women's Serene Classic Comfort Bi,2016-09-25,98,221.0,913,225,B,2,P3|957|2016-09-25
P3,957,Diamondback Women's Serene Classic Comfort Bi,2016-10-02,83,123.0,913,143,B,2,P3|957|2016-10-02
P3,957,Diamondback Women's Serene Classic Comfort Bi,2016-10-09,99,406.0,913,185,B,2,P3|957|2016-10-09
P3,957,Diamondback Women's Serene Classic Comfort Bi,2016-10-16,94,307.0,913,57,B,2,P3|957|2016-10-16
P3,957,Diamondback Women's Serene Classic Comfort Bi,2016-10-23,94,213.0,913,133,B,2,P3|957|2016-10-23
P3,957,Diamondback Women's Serene Classic Comfort Bi,2016-10-30,101,119.0,913,144,B,2,P3|957|2016-10-30
P3,957,Diamondback Women's Serene Classic Comfort Bi,2016-11-06,105,406.0,913,146,B,2,P3|957|2016-11-06
P3,957,Diamondback Women's Serene Classic Comfort Bi,2016-11-13,99,301.0,913,185,B,2,P3|957|2016-11-13
P3,957,Diamondback Women's Serene Classic Comfort Bi,2016-11-20,90,202.0,913,155,B,2,P3|957|2016-11-20
P3,957,Diamondback Women's Serene Classic Comfort Bi,2016-11-27,95,112.0,913,109,B,2,P3|957|2016-11-27
P3,957,Diamondback Women's Serene Classic Comfort Bi,2016-12-04,94,406.0,913,225,B,2,P3|957|2016-12-04
P3,957,Diamondback Women's Serene Classic Comfort Bi,2016-12-11,104,312.0,913,175,B,2,P3|957|2016-12-11
P3,957,Diamondback Women's Serene Classic Comfort Bi,2016-12-18,78,208.0,913,205,B,2,P3|957|2016-12-18
P3,957,Diamondback Women's Serene Classic Comfort Bi,2016-12-25,87,130.0,913,190,B,2,P3|957|2016-12-25
P3,957,Diamondback Women's Serene Classic Comfort Bi,2017-01-01,92,406.0,913,135,B,2,P3|957|2017-01-01
P3,957,Diamondback Women's Serene Classic Comfort Bi,2017-01-08,85,314.0,913,220,B,2,P3|957|2017-01-08
P3,957,Diamondback Women's Serene Classic Comfort Bi,2017-01-15,105,229.0,913,197,B,2,P3|957|2017-01-15
P3,957,Diamondback Women's Serene Classic Comfort Bi,2017-01-22,100,124.0,913,218,B,2,P3|957|2017-01-22
P3,957,Diamondback Women's Serene Classic Comfort Bi,2017-01-29,88,406.0,913,145,B,2,P3|957|2017-01-29
P3,957,Diamondback Women's Serene Classic Comfort Bi,2017-02-05,108,318.0,913,101,B,2,P3|957|2017-02-05
P3,957,Diamondback Women's Serene Classic Comfort Bi,2017-02-12,97,210.0,913,119,B,2,P3|957|2017-02-12
P3,957,Diamondback Women's Serene Classic Comfort Bi,2017-02-19,110,113.0,913,139,B,2,P3|957|2017-02-19
P3,957,Diamondback Women's Serene Classic Comfort Bi,2017-02-26,107,406.0,913,138,B,2,P3|957|2017-02-26
P3,957,Diamondback Women's Serene Classic Comfort Bi,2017-03-05,113,299.0,913,254,B,2,P3|957|2017-03-05
P3,957,Diamondback Women's Serene Classic Comfort Bi,2017-03-12,98,186.0,913,155,B,2,P3|957|2017-03-12
P3,957,Diamondback Women's Serene Classic Comfort Bi,2017-03-19,103,88.0,913,159,B,2,P3|957|2017-03-19
P3,957,Diamondback Women's Serene Classic Comfort Bi,2017-03-26,107,406.0,913,235,B,2,P3|957|2017-03-26
P3,957,Diamondback Women's Serene Classic Comfort Bi,2017-04-02,92,299.0,913,127,B,2,P3|957|2017-04-02
P3,957,Diamondback Women's Serene Classic Comfort Bi,2017-04-09,99,207.0,913,140,B,2,P3|957|2017-04-09
P3,957,Diamondback Women's Serene Classic Comfort Bi,2017-04-16,96,108.0,913,129,B,2,P3|957|2017-04-16
P3,957,Diamondback Women's Serene Classic Comfort Bi,2017-04-23,111,406.0,913,161,B,2,P3|957|2017-04-23
P3,957,Diamondback Women's Serene Classic Comfort Bi,2017-04-30,100,295.0,913,94,B,2,P3|957|2017-04-30
P3,957,Diamondback Women's Serene Classic Comfort Bi,2017-05-07,111,195.0,913,110,B,2,P3|957|2017-05-07
P3,957,Diamondback Women's Serene Classic Comfort Bi,2017-05-14,113,84.0,913,202,B,2,P3|957|2017-05-14
P3,957,Diamondback Women's Serene Classic Comfort Bi,2017-05-21,90,406.0,913,222,B,2,P3|957|2017-05-21
P3,957,Diamondback Women's Serene Classic Comfort Bi,2017-05-28,88,316.0,913,169,B,2,P3|957|2017-05-28
P3,957,Diamondback Women's Serene Classic Comfort Bi,2017-06-04,107,228.0,913,129,B,2,P3|957|2017-06-04
P3,957,Diamondback Women's Serene Classic Comfort Bi,2017-06-11,90,121.0,913,225,B,2,P3|957|2017-06-11
P3,957,Diamondback Women's Serene Classic Comfort Bi,2017-06-18,109,406.0,913,228,B,2,P3|957|2017-06-18
P3,957,Diamondback Women's Serene Classic Comfort Bi,2017-06-25,99,297.0,913,223,B,2,P3|957|2017-06-25
P3,957,Diamondback Women's Serene Classic Comfort Bi,2017-07-02,85,198.0,913,187,B,2,P3|957|2017-07-02
P3,957,Diamondback Women's Serene Classic Comfort Bi,2017-07-09,94,113.0,913,165,B,2,P3|957|2017-07-09
P3,957,Diamondback Women's Serene Classic Comfort Bi,2017-07-16,96,406.0,913,173,B,2,P3|957|2017-07-16
P3,957,Diamondback Women's Serene Classic Comfort Bi,2017-07-23,109,310.0,913,164,B,2,P3|957|2017-07-23
P3,957,Diamondback Women's Serene Classic Comfort Bi,2017-07-30,90,201.0,913,250,B,2,P3|957|2017-07-30
P3,957,Diamondback Women's Serene Classic Comfort Bi,2017-08-06,90,111.0,913,196,B,2,P3|957|2017-08-06
P3,957,Diamondback Women's Serene Classic Comfort Bi,2017-08-13,89,406.0,913,185,B,2,P3|957|2017-08-13
P3,957,Diamondback Women's Serene Classic Comfort Bi,2017-08-20,92,317.0,913,215,B,2,P3|957|2017-08-20
P3,957,Diamondback Women's Serene Classic Comfort Bi,2017-08-27,90,225.0,913,146,B,2,P3|957|2017-08-27
P3,957,Diamondback Women's Serene Classic Comfort Bi,2017-09-03,99,135.0,913,159,B,2,P3|957|2017-09-03
P3,957,Diamondback Women's Serene Classic Comfort Bi,2017-09-10,98,406.0,913,260,B,2,P3|957|2017-09-10
P3,957,Diamondback Women's Serene Classic Comfort Bi,2017-09-17,104,308.0,913,191,B,2,P3|957|2017-09-17
P3,957,Diamondback Women's Serene Classic Comfort Bi,2017-09-24,97,204.0,913,149,B,2,P3|957|2017-09-24
P3,957,Diamondback Women's Serene Classic Comfort Bi,2017-10-01,90,107.0,913,185,B,2,P3|957|2017-10-01
P3,957,Diamondback Women's Serene Classic Comfort Bi,2017-10-08,4,406.0,913,513,B,2,P3|957|2017-10-08
P3,977,ENO Atlas Hammock Straps,2015-01-04,2,106.0,913,504,B,2,P3|977|2015-01-04
P3,977,ENO Atlas Hammock Straps,2015-01-11,10,104.0,913,183,B,2,P3|977|2015-01-11
P3,977,ENO Atlas Hammock Straps,2015-01-18,12,94.0,913,140,B,2,P3|977|2015-01-18
P3,977,ENO Atlas Hammock Straps,2015-01-25,18,82.0,913,107,B,2,P3|977|2015-01-25
P3,977,ENO Atlas Hammock Straps,2015-02-01,8,64.0,913,184,B,2,P3|977|2015-02-01
P3,977,ENO Atlas Hammock Straps,2015-02-08,14,56.0,913,157,B,2,P3|977|2015-02-08
P3,977,ENO Atlas Hammock Straps,2015-02-15,11,42.0,913,203,B,2,P3|977|2015-02-15
P3,977,ENO Atlas Hammock Straps,2015-02-22,7,31.0,913,177,B,2,P3|977|2015-02-22
P3,977,ENO Atlas Hammock Straps,2015-03-01,8,35.0,913,174,B,2,P3|977|2015-03-01
P3,977,ENO Atlas Hammock Straps,2015-03-08,9,27.0,913,152,B,2,P3|977|2015-03-08
P3,977,ENO Atlas Hammock Straps,2015-03-15,8,18.0,913,195,B,2,P3|977|2015-03-15
P3,977,ENO Atlas Hammock Straps,2015-03-22,9,10.0,913,160,B,2,P3|977|2015-03-22
P3,977,ENO Atlas Hammock Straps,2015-03-29,4,35.0,913,144,B,2,P3|977|2015-03-29
P3,977,ENO Atlas Hammock Straps,2015-04-05,1,31.0,913,127,B,2,P3|977|2015-04-05
P3,977,ENO Atlas Hammock Straps,2015-04-12,0,30.0,913,182,B,2,P3|977|2015-04-12
P3,977,ENO Atlas Hammock Straps,2015-04-19,7,30.0,913,143,B,2,P3|977|2015-04-19
P3,977,ENO Atlas Hammock Straps,2015-04-26,17,35.0,913,163,B,2,P3|977|2015-04-26
P3,977,ENO Atlas Hammock Straps,2015-05-03,5,18.0,913,215,B,2,P3|977|2015-05-03
P3,977,ENO Atlas Hammock Straps,2015-05-10,2,13.0,913,206,B,2,P3|977|2015-05-10
P3,977,ENO Atlas Hammock Straps,2015-05-17,4,11.0,913,182,B,2,P3|977|2015-05-17
P3,977,ENO Atlas Hammock Straps,2015-05-24,18,35.0,913,209,B,2,P3|977|2015-05-24
P3,977,ENO Atlas Hammock Straps,2015-05-31,0,17.0,913,185,B,2,P3|977|2015-05-31
P3,977,ENO Atlas Hammock Straps,2015-06-07,4,17.0,913,197,B,2,P3|977|2015-06-07
P3,977,ENO Atlas Hammock Straps,2015-06-14,14,13.0,913,209,B,2,P3|977|2015-06-14
P3,977,ENO Atlas Hammock Straps,2015-06-21,2,35.0,913,136,B,2,P3|977|2015-06-21
P3,977,ENO Atlas Hammock Straps,2015-06-28,1,33.0,913,246,B,2,P3|977|2015-06-28
P3,977,ENO Atlas Hammock Straps,2015-07-05,9,32.0,913,85,B,2,P3|977|2015-07-05
P3,977,ENO Atlas Hammock Straps,2015-07-12,2,23.0,913,169,B,2,P3|977|2015-07-12
P3,977,ENO Atlas Hammock Straps,2015-07-19,5,35.0,913,204,B,2,P3|977|2015-07-19
P3,977,ENO Atlas Hammock Straps,2015-07-26,23,30.0,913,160,B,2,P3|977|2015-07-26
P3,977,ENO Atlas Hammock Straps,2015-08-02,8,7.0,913,191,B,2,P3|977|2015-08-02
P3,977,ENO Atlas Hammock Straps,2015-08-09,10,0.0,913,204,B,2,P3|977|2015-08-09
P3,977,ENO Atlas Hammock Straps,2015-08-16,22,35.0,913,256,B,2,P3|977|2015-08-16
P3,977,ENO Atlas Hammock Straps,2015-08-23,7,13.0,913,266,B,2,P3|977|2015-08-23
P3,977,ENO Atlas Hammock Straps,2015-08-30,18,6.0,913,207,B,2,P3|977|2015-08-30
P3,977,ENO Atlas Hammock Straps,2015-09-06,8,0.0,913,135,B,2,P3|977|2015-09-06
P3,977,ENO Atlas Hammock Straps,2015-09-13,10,35.0,913,208,B,2,P3|977|2015-09-13
P3,977,ENO Atlas Hammock Straps,2015-09-20,9,25.0,913,75,B,2,P3|977|2015-09-20
P3,977,ENO Atlas Hammock Straps,2015-09-27,8,16.0,913,223,B,2,P3|977|2015-09-27
P3,977,ENO Atlas Hammock Straps,2015-10-04,2,8.0,913,159,B,2,P3|977|2015-10-04
P3,977,ENO Atlas Hammock Straps,2015-10-11,2,35.0,913,184,B,2,P3|977|2015-10-11
P3,977,ENO Atlas Hammock Straps,2015-10-18,3,33.0,913,221,B,2,P3|977|2015-10-18
P3,977,ENO Atlas Hammock Straps,2015-10-25,12,30.0,913,159,B,2,P3|977|2015-10-25
P3,977,ENO Atlas Hammock Straps,2015-11-01,5,18.0,913,166,B,2,P3|977|2015-11-01
P3,977,ENO Atlas Hammock Straps,2015-11-08,15,35.0,913,122,B,2,P3|977|2015-11-08
P3,977,ENO Atlas Hammock Straps,2015-11-15,12,20.0,913,147,B,2,P3|977|2015-11-15
P3,977,ENO Atlas Hammock Straps,2015-11-22,13,8.0,913,156,B,2,P3|977|2015-11-22
P3,977,ENO Atlas Hammock Straps,2015-11-29,3,0.0,913,162,B,2,P3|977|2015-11-29
P3,977,ENO Atlas Hammock Straps,2015-12-06,8,35.0,913,221,B,2,P3|977|2015-12-06
P3,977,ENO Atlas Hammock Straps,2015-12-13,7,27.0,913,196,B,2,P3|977|2015-12-13
P3,977,ENO Atlas Hammock Straps,2015-12-20,8,20.0,913,125,B,2,P3|977|2015-12-20
P3,977,ENO Atlas Hammock Straps,2015-12-27,0,12.0,913,133,B,2,P3|977|2015-12-27
P3,977,ENO Atlas Hammock Straps,2016-01-03,9,35.0,913,158,B,2,P3|977|2016-01-03
P3,977,ENO Atlas Hammock Straps,2016-01-10,3,26.0,913,231,B,2,P3|977|2016-01-10
P3,977,ENO Atlas Hammock Straps,2016-01-17,14,23.0,913,132,B,2,P3|977|2016-01-17
P3,977,ENO Atlas Hammock Straps,2016-01-24,7,9.0,913,204,B,2,P3|977|2016-01-24
P3,977,ENO Atlas Hammock Straps,2016-01-31,5,35.0,913,116,B,2,P3|977|2016-01-31
P3,977,ENO Atlas Hammock Straps,2016-02-07,8,30.0,913,141,B,2,P3|977|2016-02-07
P3,977,ENO Atlas Hammock Straps,2016-02-14,1,22.0,913,157,B,2,P3|977|2016-02-14
P3,977,ENO Atlas Hammock Straps,2016-02-21,19,21.0,913,117,B,2,P3|977|2016-02-21
P3,977,ENO Atlas Hammock Straps,2016-02-28,7,35.0,913,181,B,2,P3|977|2016-02-28
P3,977,ENO Atlas Hammock Straps,2016-03-06,8,28.0,913,210,B,2,P3|977|2016-03-06
P3,977,ENO Atlas Hammock Straps,2016-03-13,6,20.0,913,196,B,2,P3|977|2016-03-13
P3,977,ENO Atlas Hammock Straps,2016-03-20,8,14.0,913,220,B,2,P3|977|2016-03-20
P3,977,ENO Atlas Hammock Straps,2016-03-27,13,35.0,913,212,B,2,P3|977|2016-03-27
P3,977,ENO Atlas Hammock Straps,2016-04-03,7,22.0,913,227,B,2,P3|977|2016-04-03
P3,977,ENO Atlas Hammock Straps,2016-04-10,2,15.0,913,235,B,2,P3|977|2016-04-10
P3,977,ENO Atlas Hammock Straps,2016-04-17,19,13.0,913,144,B,2,P3|977|2016-04-17
P3,977,ENO Atlas Hammock Straps,2016-04-24,12,35.0,913,140,B,2,P3|977|2016-04-24
P3,977,ENO Atlas Hammock Straps,2016-05-01,6,23.0,913,274,B,2,P3|977|2016-05-01
P3,977,ENO Atlas Hammock Straps,2016-05-08,1,17.0,913,211,B,2,P3|977|2016-05-08
P3,977,ENO Atlas Hammock Straps,2016-05-15,10,16.0,913,139,B,2,P3|977|2016-05-15
P3,977,ENO Atlas Hammock Straps,2016-05-22,3,35.0,913,182,B,2,P3|977|2016-05-22
P3,977,ENO Atlas Hammock Straps,2016-05-29,0,32.0,913,200,B,2,P3|977|2016-05-29
P3,977,ENO Atlas Hammock Straps,2016-06-05,7,32.0,913,173,B,2,P3|977|2016-06-05
P3,977,ENO Atlas Hammock Straps,2016-06-12,16,25.0,913,224,B,2,P3|977|2016-06-12
P3,977,ENO Atlas Hammock Straps,2016-06-19,1,35.0,913,252,B,2,P3|977|2016-06-19
P3,977,ENO Atlas Hammock Straps,2016-06-26,4,34.0,913,225,B,2,P3|977|2016-06-26
P3,977,ENO Atlas Hammock Straps,2016-07-03,12,30.0,913,151,B,2,P3|977|2016-07-03
P3,977,ENO Atlas Hammock Straps,2016-07-10,8,18.0,913,196,B,2,P3|977|2016-07-10
P3,977,ENO Atlas Hammock Straps,2016-07-17,5,35.0,913,153,B,2,P3|977|2016-07-17
P3,977,ENO Atlas Hammock Straps,2016-07-24,7,30.0,913,158,B,2,P3|977|2016-07-24
P3,977,ENO Atlas Hammock Straps,2016-07-31,9,23.0,913,203,B,2,P3|977|2016-07-31
P3,977,ENO Atlas Hammock Straps,2016-08-07,4,14.0,913,183,B,2,P3|977|2016-08-07
P3,977,ENO Atlas Hammock Straps,2016-08-14,12,35.0,913,307,B,2,P3|977|2016-08-14
P3,977,ENO Atlas Hammock Straps,2016-08-21,12,23.0,913,145,B,2,P3|977|2016-08-21
P3,977,ENO Atlas Hammock Straps,2016-08-28,2,11.0,913,259,B,2,P3|977|2016-08-28
P3,977,ENO Atlas Hammock Straps,2016-09-04,16,9.0,913,215,B,2,P3|977|2016-09-04
P3,977,ENO Atlas Hammock Straps,2016-09-11,0,35.0,913,258,B,2,P3|977|2016-09-11
P3,977,ENO Atlas Hammock Straps,2016-09-18,22,35.0,913,55,B,2,P3|977|2016-09-18
P3,977,ENO Atlas Hammock Straps,2016-09-25,10,13.0,913,225,B,2,P3|977|2016-09-25
P3,977,ENO Atlas Hammock Straps,2016-10-02,15,3.0,913,143,B,2,P3|977|2016-10-02
P3,977,ENO Atlas Hammock Straps,2016-10-09,3,35.0,913,185,B,2,P3|977|2016-10-09
P3,977,ENO Atlas Hammock Straps,2016-10-16,10,32.0,913,57,B,2,P3|977|2016-10-16
P3,977,ENO Atlas Hammock Straps,2016-10-23,10,22.0,913,133,B,2,P3|977|2016-10-23
P3,977,ENO Atlas Hammock Straps,2016-10-30,3,12.0,913,144,B,2,P3|977|2016-10-30
P3,977,ENO Atlas Hammock Straps,2016-11-06,8,35.0,913,146,B,2,P3|977|2016-11-06
P3,977,ENO Atlas Hammock Straps,2016-11-13,0,27.0,913,185,B,2,P3|977|2016-11-13
P3,977,ENO Atlas Hammock Straps,2016-11-20,8,27.0,913,155,B,2,P3|977|2016-11-20
P3,977,ENO Atlas Hammock Straps,2016-11-27,21,19.0,913,109,B,2,P3|977|2016-11-27
P3,977,ENO Atlas Hammock Straps,2016-12-04,3,35.0,913,225,B,2,P3|977|2016-12-04
P3,977,ENO Atlas Hammock Straps,2016-12-11,5,32.0,913,175,B,2,P3|977|2016-12-11
P3,977,ENO Atlas Hammock Straps,2016-12-18,9,27.0,913,205,B,2,P3|977|2016-12-18
P3,977,ENO Atlas Hammock Straps,2016-12-25,9,18.0,913,190,B,2,P3|977|2016-12-25
P3,977,ENO Atlas Hammock Straps,2017-01-01,9,35.0,913,135,B,2,P3|977|2017-01-01
P3,977,ENO Atlas Hammock Straps,2017-01-08,8,26.0,913,220,B,2,P3|977|2017-01-08
P3,977,ENO Atlas Hammock Straps,2017-01-15,7,18.0,913,197,B,2,P3|977|2017-01-15
P3,977,ENO Atlas Hammock Straps,2017-01-22,0,11.0,913,218,B,2,P3|977|2017-01-22
P3,977,ENO Atlas Hammock Straps,2017-01-29,16,35.0,913,145,B,2,P3|977|2017-01-29
P3,977,ENO Atlas Hammock Straps,2017-02-05,7,19.0,913,101,B,2,P3|977|2017-02-05
P3,977,ENO Atlas Hammock Straps,2017-02-12,5,12.0,913,119,B,2,P3|977|2017-02-12
P3,977,ENO Atlas Hammock Straps,2017-02-19,12,7.0,913,139,B,2,P3|977|2017-02-19
P3,977,ENO Atlas Hammock Straps,2017-02-26,0,35.0,913,138,B,2,P3|977|2017-02-26
P3,977,ENO Atlas Hammock Straps,2017-03-05,14,35.0,913,254,B,2,P3|977|2017-03-05
P3,977,ENO Atlas Hammock Straps,2017-03-12,4,21.0,913,155,B,2,P3|977|2017-03-12
P3,977,ENO Atlas Hammock Straps,2017-03-19,5,17.0,913,159,B,2,P3|977|2017-03-19
P3,977,ENO Atlas Hammock Straps,2017-03-26,6,35.0,913,235,B,2,P3|977|2017-03-26
P3,977,ENO Atlas Hammock Straps,2017-04-02,14,29.0,913,127,B,2,P3|977|2017-04-02
P3,977,ENO Atlas Hammock Straps,2017-04-09,20,15.0,913,140,B,2,P3|977|2017-04-09
P3,977,ENO Atlas Hammock Straps,2017-04-16,25,0.0,913,129,B,2,P3|977|2017-04-16
P3,977,ENO Atlas Hammock Straps,2017-04-23,3,35.0,913,161,B,2,P3|977|2017-04-23
P3,981,The North Face Women's Recon Backpack,2017-04-23,8,129.0,913,161,C,1,P3|981|2017-04-23
P3,981,The North Face Women's Recon Backpack,2017-04-30,13,121.0,913,94,C,1,P3|981|2017-04-30
P3,981,The North Face Women's Recon Backpack,2017-05-07,10,108.0,913,110,C,1,P3|981|2017-05-07
P3,981,The North Face Women's Recon Backpack,2017-05-14,1,98.0,913,202,C,1,P3|981|2017-05-14
P3,981,The North Face Women's Recon Backpack,2017-05-21,7,97.0,913,222,C,1,P3|981|2017-05-21
P3,981,The North Face Women's Recon Backpack,2017-05-28,1,90.0,913,169,C,1,P3|981|2017-05-28
P3,981,The North Face Women's Recon Backpack,2017-06-04,8,89.0,913,129,C,1,P3|981|2017-06-04
P3,981,The North Face Women's Recon Backpack,2017-06-11,16,81.0,913,225,C,1,P3|981|2017-06-11
P3,981,The North Face Women's Recon Backpack,2017-06-18,3,65.0,913,228,C,1,P3|981|2017-06-18
P3,981,The North Face Women's Recon Backpack,2017-06-25,2,62.0,913,223,C,1,P3|981|2017-06-25
P3,981,The North Face Women's Recon Backpack,2017-07-02,11,60.0,913,187,C,1,P3|981|2017-07-02
P3,981,The North Face Women's Recon Backpack,2017-07-09,5,49.0,913,165,C,1,P3|981|2017-07-09
P3,981,The North Face Women's Recon Backpack,2017-07-16,12,44.0,913,173,C,1,P3|981|2017-07-16
P3,981,The North Face Women's Recon Backpack,2017-07-23,26,32.0,913,164,C,1,P3|981|2017-07-23
P3,981,The North Face Women's Recon Backpack,2017-07-30,3,6.0,913,250,C,1,P3|981|2017-07-30
P3,981,The North Face Women's Recon Backpack,2017-08-06,12,3.0,913,196,C,1,P3|981|2017-08-06
P3,981,The North Face Women's Recon Backpack,2017-08-13,4,26.0,913,185,C,1,P3|981|2017-08-13
P3,981,The North Face Women's Recon Backpack,2017-08-20,10,22.0,913,215,C,1,P3|981|2017-08-20
P3,981,The North Face Women's Recon Backpack,2017-08-27,9,12.0,913,146,C,1,P3|981|2017-08-27
P3,981,The North Face Women's Recon Backpack,2017-09-03,7,3.0,913,159,C,1,P3|981|2017-09-03
P3,981,The North Face Women's Recon Backpack,2017-09-10,13,26.0,913,260,C,1,P3|981|2017-09-10
P3,982,insta-bed Neverflat Air Mattress,2017-04-23,3,43.0,913,161,C,1,P3|982|2017-04-23
P3,982,insta-bed Neverflat Air Mattress,2017-04-30,3,40.0,913,94,C,1,P3|982|2017-04-30
P3,982,insta-bed Neverflat Air Mattress,2017-05-07,3,37.0,913,110,C,1,P3|982|2017-05-07
P3,982,insta-bed Neverflat Air Mattress,2017-05-14,5,34.0,913,202,C,1,P3|982|2017-05-14
P3,982,insta-bed Neverflat Air Mattress,2017-05-21,3,29.0,913,222,C,1,P3|982|2017-05-21
P3,982,insta-bed Neverflat Air Mattress,2017-05-28,5,26.0,913,169,C,1,P3|982|2017-05-28
P3,982,insta-bed Neverflat Air Mattress,2017-06-04,1,21.0,913,129,C,1,P3|982|2017-06-04
P3,982,insta-bed Neverflat Air Mattress,2017-06-11,2,20.0,913,225,C,1,P3|982|2017-06-11
P3,982,insta-bed Neverflat Air Mattress,2017-06-18,3,18.0,913,228,C,1,P3|982|2017-06-18
P3,982,insta-bed Neverflat Air Mattress,2017-06-25,1,15.0,913,223,C,1,P3|982|2017-06-25
P3,982,insta-bed Neverflat Air Mattress,2017-07-02,1,14.0,913,187,C,1,P3|982|2017-07-02
P3,982,insta-bed Neverflat Air Mattress,2017-07-09,1,13.0,913,165,C,1,P3|982|2017-07-09
P3,982,insta-bed Neverflat Air Mattress,2017-07-16,5,12.0,913,173,C,1,P3|982|2017-07-16
P3,982,insta-bed Neverflat Air Mattress,2017-07-23,2,7.0,913,164,C,1,P3|982|2017-07-23
P3,982,insta-bed Neverflat Air Mattress,2017-07-30,3,5.0,913,250,C,1,P3|982|2017-07-30
P3,982,insta-bed Neverflat Air Mattress,2017-08-06,3,2.0,913,196,C,1,P3|982|2017-08-06
P3,982,insta-bed Neverflat Air Mattress,2017-08-13,3,9.0,913,185,C,1,P3|982|2017-08-13
P3,982,insta-bed Neverflat Air Mattress,2017-08-20,3,6.0,913,215,C,1,P3|982|2017-08-20
P3,982,insta-bed Neverflat Air Mattress,2017-08-27,8,3.0,913,146,C,1,P3|982|2017-08-27
P3,982,insta-bed Neverflat Air Mattress,2017-09-03,0,0.0,913,159,C,1,P3|982|2017-09-03
P3,982,insta-bed Neverflat Air Mattress,2017-09-10,2,9.0,913,260,C,1,P3|982|2017-09-10
P3,1004,Field & Stream Sportsman 16 Gun Fire Safe,2015-01-04,66,1536.0,913,504,B,2,P3|1004|2015-01-04
P3,1004,Field & Stream Sportsman 16 Gun Fire Safe,2015-01-11,128,1470.0,913,183,B,2,P3|1004|2015-01-11
P3,1004,Field & Stream Sportsman 16 Gun Fire Safe,2015-01-18,111,1342.0,913,140,B,2,P3|1004|2015-01-18
P3,1004,Field & Stream Sportsman 16 Gun Fire Safe,2015-01-25,140,1231.0,913,107,B,2,P3|1004|2015-01-25
P3,1004,Field & Stream Sportsman 16 Gun Fire Safe,2015-02-01,114,1091.0,913,184,B,2,P3|1004|2015-02-01
P3,1004,Field & Stream Sportsman 16 Gun Fire Safe,2015-02-08,96,977.0,913,157,B,2,P3|1004|2015-02-08
P3,1004,Field & Stream Sportsman 16 Gun Fire Safe,2015-02-15,121,881.0,913,203,B,2,P3|1004|2015-02-15
P3,1004,Field & Stream Sportsman 16 Gun Fire Safe,2015-02-22,109,760.0,913,177,B,2,P3|1004|2015-02-22
P3,1004,Field & Stream Sportsman 16 Gun Fire Safe,2015-03-01,120,651.0,913,174,B,2,P3|1004|2015-03-01
P3,1004,Field & Stream Sportsman 16 Gun Fire Safe,2015-03-08,134,531.0,913,152,B,2,P3|1004|2015-03-08
P3,1004,Field & Stream Sportsman 16 Gun Fire Safe,2015-03-15,107,397.0,913,195,B,2,P3|1004|2015-03-15
P3,1004,Field & Stream Sportsman 16 Gun Fire Safe,2015-03-22,120,290.0,913,160,B,2,P3|1004|2015-03-22
P3,1004,Field & Stream Sportsman 16 Gun Fire Safe,2015-03-29,112,512.0,913,144,B,2,P3|1004|2015-03-29
P3,1004,Field & Stream Sportsman 16 Gun Fire Safe,2015-04-05,120,400.0,913,127,B,2,P3|1004|2015-04-05
P3,1004,Field & Stream Sportsman 16 Gun Fire Safe,2015-04-12,123,280.0,913,182,B,2,P3|1004|2015-04-12
P3,1004,Field & Stream Sportsman 16 Gun Fire Safe,2015-04-19,114,157.0,913,143,B,2,P3|1004|2015-04-19
P3,1004,Field & Stream Sportsman 16 Gun Fire Safe,2015-04-26,119,512.0,913,163,B,2,P3|1004|2015-04-26
P3,1004,Field & Stream Sportsman 16 Gun Fire Safe,2015-05-03,130,393.0,913,215,B,2,P3|1004|2015-05-03
P3,1004,Field & Stream Sportsman 16 Gun Fire Safe,2015-05-10,105,263.0,913,206,B,2,P3|1004|2015-05-10
P3,1004,Field & Stream Sportsman 16 Gun Fire Safe,2015-05-17,114,158.0,913,182,B,2,P3|1004|2015-05-17
P3,1004,Field & Stream Sportsman 16 Gun Fire Safe,2015-05-24,117,512.0,913,209,B,2,P3|1004|2015-05-24
P3,1004,Field & Stream Sportsman 16 Gun Fire Safe,2015-05-31,128,395.0,913,185,B,2,P3|1004|2015-05-31
P3,1004,Field & Stream Sportsman 16 Gun Fire Safe,2015-06-07,113,267.0,913,197,B,2,P3|1004|2015-06-07
P3,1004,Field & Stream Sportsman 16 Gun Fire Safe,2015-06-14,137,154.0,913,209,B,2,P3|1004|2015-06-14
P3,1004,Field & Stream Sportsman 16 Gun Fire Safe,2015-06-21,114,512.0,913,136,B,2,P3|1004|2015-06-21
P3,1004,Field & Stream Sportsman 16 Gun Fire Safe,2015-06-28,129,398.0,913,246,B,2,P3|1004|2015-06-28
P3,1004,Field & Stream Sportsman 16 Gun Fire Safe,2015-07-05,137,269.0,913,85,B,2,P3|1004|2015-07-05
P3,1004,Field & Stream Sportsman 16 Gun Fire Safe,2015-07-12,131,132.0,913,169,B,2,P3|1004|2015-07-12
P3,1004,Field & Stream Sportsman 16 Gun Fire Safe,2015-07-19,113,512.0,913,204,B,2,P3|1004|2015-07-19
P3,1004,Field & Stream Sportsman 16 Gun Fire Safe,2015-07-26,102,399.0,913,160,B,2,P3|1004|2015-07-26
P3,1004,Field & Stream Sportsman 16 Gun Fire Safe,2015-08-02,114,297.0,913,191,B,2,P3|1004|2015-08-02
P3,1004,Field & Stream Sportsman 16 Gun Fire Safe,2015-08-09,106,183.0,913,204,B,2,P3|1004|2015-08-09
P3,1004,Field & Stream Sportsman 16 Gun Fire Safe,2015-08-16,114,512.0,913,256,B,2,P3|1004|2015-08-16
P3,1004,Field & Stream Sportsman 16 Gun Fire Safe,2015-08-23,133,398.0,913,266,B,2,P3|1004|2015-08-23
P3,1004,Field & Stream Sportsman 16 Gun Fire Safe,2015-08-30,105,265.0,913,207,B,2,P3|1004|2015-08-30
P3,1004,Field & Stream Sportsman 16 Gun Fire Safe,2015-09-06,151,160.0,913,135,B,2,P3|1004|2015-09-06
P3,1004,Field & Stream Sportsman 16 Gun Fire Safe,2015-09-13,113,512.0,913,208,B,2,P3|1004|2015-09-13
P3,1004,Field & Stream Sportsman 16 Gun Fire Safe,2015-09-20,99,399.0,913,75,B,2,P3|1004|2015-09-20
P3,1004,Field & Stream Sportsman 16 Gun Fire Safe,2015-09-27,106,300.0,913,223,B,2,P3|1004|2015-09-27
P3,1004,Field & Stream Sportsman 16 Gun Fire Safe,2015-10-04,118,194.0,913,159,B,2,P3|1004|2015-10-04
P3,1004,Field & Stream Sportsman 16 Gun Fire Safe,2015-10-11,112,512.0,913,184,B,2,P3|1004|2015-10-11
P3,1004,Field & Stream Sportsman 16 Gun Fire Safe,2015-10-18,126,400.0,913,221,B,2,P3|1004|2015-10-18
P3,1004,Field & Stream Sportsman 16 Gun Fire Safe,2015-10-25,99,274.0,913,159,B,2,P3|1004|2015-10-25
P3,1004,Field & Stream Sportsman 16 Gun Fire Safe,2015-11-01,137,175.0,913,166,B,2,P3|1004|2015-11-01
P3,1004,Field & Stream Sportsman 16 Gun Fire Safe,2015-11-08,140,512.0,913,122,B,2,P3|1004|2015-11-08
P3,1004,Field & Stream Sportsman 16 Gun Fire Safe,2015-11-15,121,372.0,913,147,B,2,P3|1004|2015-11-15
P3,1004,Field & Stream Sportsman 16 Gun Fire Safe,2015-11-22,124,251.0,913,156,B,2,P3|1004|2015-11-22
P3,1004,Field & Stream Sportsman 16 Gun Fire Safe,2015-11-29,115,127.0,913,162,B,2,P3|1004|2015-11-29
P3,1004,Field & Stream Sportsman 16 Gun Fire Safe,2015-12-06,135,512.0,913,221,B,2,P3|1004|2015-12-06
P3,1004,Field & Stream Sportsman 16 Gun Fire Safe,2015-12-13,118,377.0,913,196,B,2,P3|1004|2015-12-13
P3,1004,Field & Stream Sportsman 16 Gun Fire Safe,2015-12-20,130,259.0,913,125,B,2,P3|1004|2015-12-20
P3,1004,Field & Stream Sportsman 16 Gun Fire Safe,2015-12-27,141,129.0,913,133,B,2,P3|1004|2015-12-27
P3,1004,Field & Stream Sportsman 16 Gun Fire Safe,2016-01-03,110,512.0,913,158,B,2,P3|1004|2016-01-03
P3,1004,Field & Stream Sportsman 16 Gun Fire Safe,2016-01-10,124,402.0,913,231,B,2,P3|1004|2016-01-10
P3,1004,Field & Stream Sportsman 16 Gun Fire Safe,2016-01-17,134,278.0,913,132,B,2,P3|1004|2016-01-17
P3,1004,Field & Stream Sportsman 16 Gun Fire Safe,2016-01-24,126,144.0,913,204,B,2,P3|1004|2016-01-24
P3,1004,Field & Stream Sportsman 16 Gun Fire Safe,2016-01-31,119,512.0,913,116,B,2,P3|1004|2016-01-31
P3,1004,Field & Stream Sportsman 16 Gun Fire Safe,2016-02-07,119,393.0,913,141,B,2,P3|1004|2016-02-07
P3,1004,Field & Stream Sportsman 16 Gun Fire Safe,2016-02-14,114,274.0,913,157,B,2,P3|1004|2016-02-14
P3,1004,Field & Stream Sportsman 16 Gun Fire Safe,2016-02-21,139,160.0,913,117,B,2,P3|1004|2016-02-21
P3,1004,Field & Stream Sportsman 16 Gun Fire Safe,2016-02-28,137,512.0,913,181,B,2,P3|1004|2016-02-28
P3,1004,Field & Stream Sportsman 16 Gun Fire Safe,2016-03-06,109,375.0,913,210,B,2,P3|1004|2016-03-06
P3,1004,Field & Stream Sportsman 16 Gun Fire Safe,2016-03-13,124,266.0,913,196,B,2,P3|1004|2016-03-13
P3,1004,Field & Stream Sportsman 16 Gun Fire Safe,2016-03-20,128,142.0,913,220,B,2,P3|1004|2016-03-20
P3,1004,Field & Stream Sportsman 16 Gun Fire Safe,2016-03-27,121,512.0,913,212,B,2,P3|1004|2016-03-27
P3,1004,Field & Stream Sportsman 16 Gun Fire Safe,2016-04-03,113,391.0,913,227,B,2,P3|1004|2016-04-03
P3,1004,Field & Stream Sportsman 16 Gun Fire Safe,2016-04-10,142,278.0,913,235,B,2,P3|1004|2016-04-10
P3,1004,Field & Stream Sportsman 16 Gun Fire Safe,2016-04-17,130,136.0,913,144,B,2,P3|1004|2016-04-17
P3,1004,Field & Stream Sportsman 16 Gun Fire Safe,2016-04-24,121,512.0,913,140,B,2,P3|1004|2016-04-24
P3,1004,Field & Stream Sportsman 16 Gun Fire Safe,2016-05-01,96,391.0,913,274,B,2,P3|1004|2016-05-01
P3,1004,Field & Stream Sportsman 16 Gun Fire Safe,2016-05-08,105,295.0,913,211,B,2,P3|1004|2016-05-08
P3,1004,Field & Stream Sportsman 16 Gun Fire Safe,2016-05-15,126,190.0,913,139,B,2,P3|1004|2016-05-15
P3,1004,Field & Stream Sportsman 16 Gun Fire Safe,2016-05-22,129,512.0,913,182,B,2,P3|1004|2016-05-22
P3,1004,Field & Stream Sportsman 16 Gun Fire Safe,2016-05-29,89,383.0,913,200,B,2,P3|1004|2016-05-29
P3,1004,Field & Stream Sportsman 16 Gun Fire Safe,2016-06-05,110,294.0,913,173,B,2,P3|1004|2016-06-05
P3,1004,Field & Stream Sportsman 16 Gun Fire Safe,2016-06-12,133,184.0,913,224,B,2,P3|1004|2016-06-12
P3,1004,Field & Stream Sportsman 16 Gun Fire Safe,2016-06-19,143,512.0,913,252,B,2,P3|1004|2016-06-19
P3,1004,Field & Stream Sportsman 16 Gun Fire Safe,2016-06-26,129,369.0,913,225,B,2,P3|1004|2016-06-26
P3,1004,Field & Stream Sportsman 16 Gun Fire Safe,2016-07-03,118,240.0,913,151,B,2,P3|1004|2016-07-03
P3,1004,Field & Stream Sportsman 16 Gun Fire Safe,2016-07-10,118,122.0,913,196,B,2,P3|1004|2016-07-10
P3,1004,Field & Stream Sportsman 16 Gun Fire Safe,2016-07-17,115,512.0,913,153,B,2,P3|1004|2016-07-17
P3,1004,Field & Stream Sportsman 16 Gun Fire Safe,2016-07-24,126,397.0,913,158,B,2,P3|1004|2016-07-24
P3,1004,Field & Stream Sportsman 16 Gun Fire Safe,2016-07-31,110,271.0,913,203,B,2,P3|1004|2016-07-31
P3,1004,Field & Stream Sportsman 16 Gun Fire Safe,2016-08-07,122,161.0,913,183,B,2,P3|1004|2016-08-07
P3,1004,Field & Stream Sportsman 16 Gun Fire Safe,2016-08-14,103,512.0,913,307,B,2,P3|1004|2016-08-14
P3,1004,Field & Stream Sportsman 16 Gun Fire Safe,2016-08-21,126,409.0,913,145,B,2,P3|1004|2016-08-21
P3,1004,Field & Stream Sportsman 16 Gun Fire Safe,2016-08-28,130,283.0,913,259,B,2,P3|1004|2016-08-28
P3,1004,Field & Stream Sportsman 16 Gun Fire Safe,2016-09-04,116,153.0,913,215,B,2,P3|1004|2016-09-04
P3,1004,Field & Stream Sportsman 16 Gun Fire Safe,2016-09-11,108,512.0,913,258,B,2,P3|1004|2016-09-11
P3,1004,Field & Stream Sportsman 16 Gun Fire Safe,2016-09-18,135,404.0,913,55,B,2,P3|1004|2016-09-18
P3,1004,Field & Stream Sportsman 16 Gun Fire Safe,2016-09-25,112,269.0,913,225,B,2,P3|1004|2016-09-25
P3,1004,Field & Stream Sportsman 16 Gun Fire Safe,2016-10-02,109,157.0,913,143,B,2,P3|1004|2016-10-02
P3,1004,Field & Stream Sportsman 16 Gun Fire Safe,2016-10-09,115,512.0,913,185,B,2,P3|1004|2016-10-09
P3,1004,Field & Stream Sportsman 16 Gun Fire Safe,2016-10-16,119,397.0,913,57,B,2,P3|1004|2016-10-16
P3,1004,Field & Stream Sportsman 16 Gun Fire Safe,2016-10-23,125,278.0,913,133,B,2,P3|1004|2016-10-23
P3,1004,Field & Stream Sportsman 16 Gun Fire Safe,2016-10-30,110,153.0,913,144,B,2,P3|1004|2016-10-30
P3,1004,Field & Stream Sportsman 16 Gun Fire Safe,2016-11-06,139,512.0,913,146,B,2,P3|1004|2016-11-06
P3,1004,Field & Stream Sportsman 16 Gun Fire Safe,2016-11-13,124,373.0,913,185,B,2,P3|1004|2016-11-13
P3,1004,Field & Stream Sportsman 16 Gun Fire Safe,2016-11-20,127,249.0,913,155,B,2,P3|1004|2016-11-20
P3,1004,Field & Stream Sportsman 16 Gun Fire Safe,2016-11-27,135,122.0,913,109,B,2,P3|1004|2016-11-27
P3,1004,Field & Stream Sportsman 16 Gun Fire Safe,2016-12-04,129,512.0,913,225,B,2,P3|1004|2016-12-04
P3,1004,Field & Stream Sportsman 16 Gun Fire Safe,2016-12-11,107,383.0,913,175,B,2,P3|1004|2016-12-11
P3,1004,Field & Stream Sportsman 16 Gun Fire Safe,2016-12-18,103,276.0,913,205,B,2,P3|1004|2016-12-18
P3,1004,Field & Stream Sportsman 16 Gun Fire Safe,2016-12-25,113,173.0,913,190,B,2,P3|1004|2016-12-25
P3,1004,Field & Stream Sportsman 16 Gun Fire Safe,2017-01-01,142,512.0,913,135,B,2,P3|1004|2017-01-01
P3,1004,Field & Stream Sportsman 16 Gun Fire Safe,2017-01-08,112,370.0,913,220,B,2,P3|1004|2017-01-08
P3,1004,Field & Stream Sportsman 16 Gun Fire Safe,2017-01-15,116,258.0,913,197,B,2,P3|1004|2017-01-15
P3,1004,Field & Stream Sportsman 16 Gun Fire Safe,2017-01-22,118,142.0,913,218,B,2,P3|1004|2017-01-22
P3,1004,Field & Stream Sportsman 16 Gun Fire Safe,2017-01-29,109,512.0,913,145,B,2,P3|1004|2017-01-29
P3,1004,Field & Stream Sportsman 16 Gun Fire Safe,2017-02-05,137,403.0,913,101,B,2,P3|1004|2017-02-05
P3,1004,Field & Stream Sportsman 16 Gun Fire Safe,2017-02-12,133,266.0,913,119,B,2,P3|1004|2017-02-12
P3,1004,Field & Stream Sportsman 16 Gun Fire Safe,2017-02-19,118,133.0,913,139,B,2,P3|1004|2017-02-19
P3,1004,Field & Stream Sportsman 16 Gun Fire Safe,2017-02-26,102,512.0,913,138,B,2,P3|1004|2017-02-26
P3,1004,Field & Stream Sportsman 16 Gun Fire Safe,2017-03-05,112,410.0,913,254,B,2,P3|1004|2017-03-05
P3,1004,Field & Stream Sportsman 16 Gun Fire Safe,2017-03-12,120,298.0,913,155,B,2,P3|1004|2017-03-12
P3,1004,Field & Stream Sportsman 16 Gun Fire Safe,2017-03-19,115,178.0,913,159,B,2,P3|1004|2017-03-19
P3,1004,Field & Stream Sportsman 16 Gun Fire Safe,2017-03-26,105,512.0,913,235,B,2,P3|1004|2017-03-26
P3,1004,Field & Stream Sportsman 16 Gun Fire Safe,2017-04-02,124,407.0,913,127,B,2,P3|1004|2017-04-02
P3,1004,Field & Stream Sportsman 16 Gun Fire Safe,2017-04-09,126,283.0,913,140,B,2,P3|1004|2017-04-09
P3,1004,Field & Stream Sportsman 16 Gun Fire Safe,2017-04-16,115,157.0,913,129,B,2,P3|1004|2017-04-16
P3,1004,Field & Stream Sportsman 16 Gun Fire Safe,2017-04-23,126,512.0,913,161,B,2,P3|1004|2017-04-23
P3,1004,Field & Stream Sportsman 16 Gun Fire Safe,2017-04-30,116,386.0,913,94,B,2,P3|1004|2017-04-30
P3,1004,Field & Stream Sportsman 16 Gun Fire Safe,2017-05-07,128,270.0,913,110,B,2,P3|1004|2017-05-07
P3,1004,Field & Stream Sportsman 16 Gun Fire Safe,2017-05-14,115,142.0,913,202,B,2,P3|1004|2017-05-14
P3,1004,Field & Stream Sportsman 16 Gun Fire Safe,2017-05-21,114,512.0,913,222,B,2,P3|1004|2017-05-21
P3,1004,Field & Stream Sportsman 16 Gun Fire Safe,2017-05-28,128,398.0,913,169,B,2,P3|1004|2017-05-28
P3,1004,Field & Stream Sportsman 16 Gun Fire Safe,2017-06-04,111,270.0,913,129,B,2,P3|1004|2017-06-04
P3,1004,Field & Stream Sportsman 16 Gun Fire Safe,2017-06-11,112,159.0,913,225,B,2,P3|1004|2017-06-11
P3,1004,Field & Stream Sportsman 16 Gun Fire Safe,2017-06-18,126,512.0,913,228,B,2,P3|1004|2017-06-18
P3,1004,Field & Stream Sportsman 16 Gun Fire Safe,2017-06-25,137,386.0,913,223,B,2,P3|1004|2017-06-25
P3,1004,Field & Stream Sportsman 16 Gun Fire Safe,2017-07-02,130,249.0,913,187,B,2,P3|1004|2017-07-02
P3,1004,Field & Stream Sportsman 16 Gun Fire Safe,2017-07-09,124,119.0,913,165,B,2,P3|1004|2017-07-09
P3,1004,Field & Stream Sportsman 16 Gun Fire Safe,2017-07-16,108,512.0,913,173,B,2,P3|1004|2017-07-16
P3,1004,Field & Stream Sportsman 16 Gun Fire Safe,2017-07-23,119,404.0,913,164,B,2,P3|1004|2017-07-23
P3,1004,Field & Stream Sportsman 16 Gun Fire Safe,2017-07-30,129,285.0,913,250,B,2,P3|1004|2017-07-30
P3,1004,Field & Stream Sportsman 16 Gun Fire Safe,2017-08-06,111,156.0,913,196,B,2,P3|1004|2017-08-06
P3,1004,Field & Stream Sportsman 16 Gun Fire Safe,2017-08-13,130,512.0,913,185,B,2,P3|1004|2017-08-13
P3,1004,Field & Stream Sportsman 16 Gun Fire Safe,2017-08-20,128,382.0,913,215,B,2,P3|1004|2017-08-20
P3,1004,Field & Stream Sportsman 16 Gun Fire Safe,2017-08-27,142,254.0,913,146,B,2,P3|1004|2017-08-27
P3,1004,Field & Stream Sportsman 16 Gun Fire Safe,2017-09-03,104,112.0,913,159,B,2,P3|1004|2017-09-03
P3,1004,Field & Stream Sportsman 16 Gun Fire Safe,2017-09-10,114,512.0,913,260,B,2,P3|1004|2017-09-10
P3,1004,Field & Stream Sportsman 16 Gun Fire Safe,2017-09-17,143,398.0,913,191,B,2,P3|1004|2017-09-17
P3,1004,Field & Stream Sportsman 16 Gun Fire Safe,2017-09-24,140,255.0,913,149,B,2,P3|1004|2017-09-24
P3,1004,Field & Stream Sportsman 16 Gun Fire Safe,2017-10-01,138,115.0,913,185,B,2,P3|1004|2017-10-01
P3,1004,Field & Stream Sportsman 16 Gun Fire Safe,2017-10-08,3,512.0,913,513,B,2,P3|1004|2017-10-08
P3,1014,O'Brien Men's Neoprene Life Vest,2015-01-04,222,5125.0,913,504,A,3,P3|1014|2015-01-04
P3,1014,O'Brien Men's Neoprene Life Vest,2015-01-11,391,4903.0,913,183,A,3,P3|1014|2015-01-11
P3,1014,O'Brien Men's Neoprene Life Vest,2015-01-18,451,4512.0,913,140,A,3,P3|1014|2015-01-18
P3,1014,O'Brien Men's Neoprene Life Vest,2015-01-25,464,4061.0,913,107,A,3,P3|1014|2015-01-25
P3,1014,O'Brien Men's Neoprene Life Vest,2015-02-01,388,3597.0,913,184,A,3,P3|1014|2015-02-01
P3,1014,O'Brien Men's Neoprene Life Vest,2015-02-08,428,3209.0,913,157,A,3,P3|1014|2015-02-08
P3,1014,O'Brien Men's Neoprene Life Vest,2015-02-15,385,2781.0,913,203,A,3,P3|1014|2015-02-15
P3,1014,O'Brien Men's Neoprene Life Vest,2015-02-22,416,2396.0,913,177,A,3,P3|1014|2015-02-22
P3,1014,O'Brien Men's Neoprene Life Vest,2015-03-01,408,2563.0,913,174,A,3,P3|1014|2015-03-01
P3,1014,O'Brien Men's Neoprene Life Vest,2015-03-08,417,2155.0,913,152,A,3,P3|1014|2015-03-08
P3,1014,O'Brien Men's Neoprene Life Vest,2015-03-15,398,1738.0,913,195,A,3,P3|1014|2015-03-15
P3,1014,O'Brien Men's Neoprene Life Vest,2015-03-22,442,1340.0,913,160,A,3,P3|1014|2015-03-22
P3,1014,O'Brien Men's Neoprene Life Vest,2015-03-29,451,2563.0,913,144,A,3,P3|1014|2015-03-29
P3,1014,O'Brien Men's Neoprene Life Vest,2015-04-05,452,2112.0,913,127,A,3,P3|1014|2015-04-05
P3,1014,O'Brien Men's Neoprene Life Vest,2015-04-12,379,1660.0,913,182,A,3,P3|1014|2015-04-12
P3,1014,O'Brien Men's Neoprene Life Vest,2015-04-19,433,1281.0,913,143,A,3,P3|1014|2015-04-19
P3,1014,O'Brien Men's Neoprene Life Vest,2015-04-26,422,2563.0,913,163,A,3,P3|1014|2015-04-26
P3,1014,O'Brien Men's Neoprene Life Vest,2015-05-03,359,2141.0,913,215,A,3,P3|1014|2015-05-03
P3,1014,O'Brien Men's Neoprene Life Vest,2015-05-10,408,1782.0,913,206,A,3,P3|1014|2015-05-10
P3,1014,O'Brien Men's Neoprene Life Vest,2015-05-17,410,1374.0,913,182,A,3,P3|1014|2015-05-17
P3,1014,O'Brien Men's Neoprene Life Vest,2015-05-24,379,2563.0,913,209,A,3,P3|1014|2015-05-24
P3,1014,O'Brien Men's Neoprene Life Vest,2015-05-31,380,2184.0,913,185,A,3,P3|1014|2015-05-31
P3,1014,O'Brien Men's Neoprene Life Vest,2015-06-07,409,1804.0,913,197,A,3,P3|1014|2015-06-07
P3,1014,O'Brien Men's Neoprene Life Vest,2015-06-14,357,1395.0,913,209,A,3,P3|1014|2015-06-14
P3,1014,O'Brien Men's Neoprene Life Vest,2015-06-21,452,2563.0,913,136,A,3,P3|1014|2015-06-21
P3,1014,O'Brien Men's Neoprene Life Vest,2015-06-28,326,2111.0,913,246,A,3,P3|1014|2015-06-28
P3,1014,O'Brien Men's Neoprene Life Vest,2015-07-05,488,1785.0,913,85,A,3,P3|1014|2015-07-05
P3,1014,O'Brien Men's Neoprene Life Vest,2015-07-12,410,1297.0,913,169,A,3,P3|1014|2015-07-12
P3,1014,O'Brien Men's Neoprene Life Vest,2015-07-19,391,2563.0,913,204,A,3,P3|1014|2015-07-19
P3,1014,O'Brien Men's Neoprene Life Vest,2015-07-26,422,2172.0,913,160,A,3,P3|1014|2015-07-26
P3,1014,O'Brien Men's Neoprene Life Vest,2015-08-02,386,1750.0,913,191,A,3,P3|1014|2015-08-02
P3,1014,O'Brien Men's Neoprene Life Vest,2015-08-09,404,1364.0,913,204,A,3,P3|1014|2015-08-09
P3,1014,O'Brien Men's Neoprene Life Vest,2015-08-16,322,2563.0,913,256,A,3,P3|1014|2015-08-16
P3,1014,O'Brien Men's Neoprene Life Vest,2015-08-23,306,2241.0,913,266,A,3,P3|1014|2015-08-23
P3,1014,O'Brien Men's Neoprene Life Vest,2015-08-30,373,1935.0,913,207,A,3,P3|1014|2015-08-30
P3,1014,O'Brien Men's Neoprene Life Vest,2015-09-06,409,1562.0,913,135,A,3,P3|1014|2015-09-06
P3,1014,O'Brien Men's Neoprene Life Vest,2015-09-13,396,2563.0,913,208,A,3,P3|1014|2015-09-13
P3,1014,O'Brien Men's Neoprene Life Vest,2015-09-20,524,2167.0,913,75,A,3,P3|1014|2015-09-20
P3,1014,O'Brien Men's Neoprene Life Vest,2015-09-27,370,1643.0,913,223,A,3,P3|1014|2015-09-27
P3,1014,O'Brien Men's Neoprene Life Vest,2015-10-04,424,1273.0,913,159,A,3,P3|1014|2015-10-04
P3,1014,O'Brien Men's Neoprene Life Vest,2015-10-11,396,2563.0,913,184,A,3,P3|1014|2015-10-11
P3,1014,O'Brien Men's Neoprene Life Vest,2015-10-18,361,2167.0,913,221,A,3,P3|1014|2015-10-18
P3,1014,O'Brien Men's Neoprene Life Vest,2015-10-25,447,1806.0,913,159,A,3,P3|1014|2015-10-25
P3,1014,O'Brien Men's Neoprene Life Vest,2015-11-01,403,1359.0,913,166,A,3,P3|1014|2015-11-01
P3,1014,O'Brien Men's Neoprene Life Vest,2015-11-08,410,2563.0,913,122,A,3,P3|1014|2015-11-08
P3,1014,O'Brien Men's Neoprene Life Vest,2015-11-15,445,2153.0,913,147,A,3,P3|1014|2015-11-15
P3,1014,O'Brien Men's Neoprene Life Vest,2015-11-22,410,1708.0,913,156,A,3,P3|1014|2015-11-22
P3,1014,O'Brien Men's Neoprene Life Vest,2015-11-29,415,1298.0,913,162,A,3,P3|1014|2015-11-29
P3,1014,O'Brien Men's Neoprene Life Vest,2015-12-06,342,2563.0,913,221,A,3,P3|1014|2015-12-06
P3,1014,O'Brien Men's Neoprene Life Vest,2015-12-13,380,2221.0,913,196,A,3,P3|1014|2015-12-13
P3,1014,O'Brien Men's Neoprene Life Vest,2015-12-20,462,1841.0,913,125,A,3,P3|1014|2015-12-20
P3,1014,O'Brien Men's Neoprene Life Vest,2015-12-27,449,1379.0,913,133,A,3,P3|1014|2015-12-27
P3,1014,O'Brien Men's Neoprene Life Vest,2016-01-03,426,2563.0,913,158,A,3,P3|1014|2016-01-03
P3,1014,O'Brien Men's Neoprene Life Vest,2016-01-10,382,2137.0,913,231,A,3,P3|1014|2016-01-10
P3,1014,O'Brien Men's Neoprene Life Vest,2016-01-17,425,1755.0,913,132,A,3,P3|1014|2016-01-17
P3,1014,O'Brien Men's Neoprene Life Vest,2016-01-24,393,1330.0,913,204,A,3,P3|1014|2016-01-24
P3,1014,O'Brien Men's Neoprene Life Vest,2016-01-31,458,2563.0,913,116,A,3,P3|1014|2016-01-31
P3,1014,O'Brien Men's Neoprene Life Vest,2016-02-07,439,2105.0,913,141,A,3,P3|1014|2016-02-07
P3,1014,O'Brien Men's Neoprene Life Vest,2016-02-14,466,1666.0,913,157,A,3,P3|1014|2016-02-14
P3,1014,O'Brien Men's Neoprene Life Vest,2016-02-21,430,1200.0,913,117,A,3,P3|1014|2016-02-21
P3,1014,O'Brien Men's Neoprene Life Vest,2016-02-28,398,2563.0,913,181,A,3,P3|1014|2016-02-28
P3,1014,O'Brien Men's Neoprene Life Vest,2016-03-06,394,2165.0,913,210,A,3,P3|1014|2016-03-06
P3,1014,O'Brien Men's Neoprene Life Vest,2016-03-13,392,1771.0,913,196,A,3,P3|1014|2016-03-13
P3,1014,O'Brien Men's Neoprene Life Vest,2016-03-20,351,1379.0,913,220,A,3,P3|1014|2016-03-20
P3,1014,O'Brien Men's Neoprene Life Vest,2016-03-27,366,2563.0,913,212,A,3,P3|1014|2016-03-27
P3,1014,O'Brien Men's Neoprene Life Vest,2016-04-03,363,2197.0,913,227,A,3,P3|1014|2016-04-03
P3,1014,O'Brien Men's Neoprene Life Vest,2016-04-10,347,1834.0,913,235,A,3,P3|1014|2016-04-10
P3,1014,O'Brien Men's Neoprene Life Vest,2016-04-17,417,1487.0,913,144,A,3,P3|1014|2016-04-17
P3,1014,O'Brien Men's Neoprene Life Vest,2016-04-24,446,2563.0,913,140,A,3,P3|1014|2016-04-24
P3,1014,O'Brien Men's Neoprene Life Vest,2016-05-01,365,2117.0,913,274,A,3,P3|1014|2016-05-01
P3,1014,O'Brien Men's Neoprene Life Vest,2016-05-08,385,1752.0,913,211,A,3,P3|1014|2016-05-08
P3,1014,O'Brien Men's Neoprene Life Vest,2016-05-15,407,1367.0,913,139,A,3,P3|1014|2016-05-15
P3,1014,O'Brien Men's Neoprene Life Vest,2016-05-22,391,2563.0,913,182,A,3,P3|1014|2016-05-22
P3,1014,O'Brien Men's Neoprene Life Vest,2016-05-29,419,2172.0,913,200,A,3,P3|1014|2016-05-29
P3,1014,O'Brien Men's Neoprene Life Vest,2016-06-05,410,1753.0,913,173,A,3,P3|1014|2016-06-05
P3,1014,O'Brien Men's Neoprene Life Vest,2016-06-12,342,1343.0,913,224,A,3,P3|1014|2016-06-12
P3,1014,O'Brien Men's Neoprene Life Vest,2016-06-19,342,2563.0,913,252,A,3,P3|1014|2016-06-19
P3,1014,O'Brien Men's Neoprene Life Vest,2016-06-26,354,2221.0,913,225,A,3,P3|1014|2016-06-26
P3,1014,O'Brien Men's Neoprene Life Vest,2016-07-03,429,1867.0,913,151,A,3,P3|1014|2016-07-03
P3,1014,O'Brien Men's Neoprene Life Vest,2016-07-10,378,1438.0,913,196,A,3,P3|1014|2016-07-10
P3,1014,O'Brien Men's Neoprene Life Vest,2016-07-17,439,2563.0,913,153,A,3,P3|1014|2016-07-17
P3,1014,O'Brien Men's Neoprene Life Vest,2016-07-24,402,2124.0,913,158,A,3,P3|1014|2016-07-24
P3,1014,O'Brien Men's Neoprene Life Vest,2016-07-31,385,1722.0,913,203,A,3,P3|1014|2016-07-31
P3,1014,O'Brien Men's Neoprene Life Vest,2016-08-07,414,1337.0,913,183,A,3,P3|1014|2016-08-07
P3,1014,O'Brien Men's Neoprene Life Vest,2016-08-14,310,2563.0,913,307,A,3,P3|1014|2016-08-14
P3,1014,O'Brien Men's Neoprene Life Vest,2016-08-21,411,2253.0,913,145,A,3,P3|1014|2016-08-21
P3,1014,O'Brien Men's Neoprene Life Vest,2016-08-28,328,1842.0,913,259,A,3,P3|1014|2016-08-28
P3,1014,O'Brien Men's Neoprene Life Vest,2016-09-04,366,1514.0,913,215,A,3,P3|1014|2016-09-04
P3,1014,O'Brien Men's Neoprene Life Vest,2016-09-11,349,2563.0,913,258,A,3,P3|1014|2016-09-11
P3,1014,O'Brien Men's Neoprene Life Vest,2016-09-18,489,2214.0,913,55,A,3,P3|1014|2016-09-18
P3,1014,O'Brien Men's Neoprene Life Vest,2016-09-25,368,1725.0,913,225,A,3,P3|1014|2016-09-25
P3,1014,O'Brien Men's Neoprene Life Vest,2016-10-02,438,1357.0,913,143,A,3,P3|1014|2016-10-02
P3,1014,O'Brien Men's Neoprene Life Vest,2016-10-09,426,2563.0,913,185,A,3,P3|1014|2016-10-09
P3,1014,O'Brien Men's Neoprene Life Vest,2016-10-16,518,2137.0,913,57,A,3,P3|1014|2016-10-16
P3,1014,O'Brien Men's Neoprene Life Vest,2016-10-23,443,1619.0,913,133,A,3,P3|1014|2016-10-23
P3,1014,O'Brien Men's Neoprene Life Vest,2016-10-30,431,1176.0,913,144,A,3,P3|1014|2016-10-30
P3,1014,O'Brien Men's Neoprene Life Vest,2016-11-06,405,2563.0,913,146,A,3,P3|1014|2016-11-06
P3,1014,O'Brien Men's Neoprene Life Vest,2016-11-13,395,2158.0,913,185,A,3,P3|1014|2016-11-13
P3,1014,O'Brien Men's Neoprene Life Vest,2016-11-20,429,1763.0,913,155,A,3,P3|1014|2016-11-20
P3,1014,O'Brien Men's Neoprene Life Vest,2016-11-27,431,1334.0,913,109,A,3,P3|1014|2016-11-27
P3,1014,O'Brien Men's Neoprene Life Vest,2016-12-04,357,2563.0,913,225,A,3,P3|1014|2016-12-04
P3,1014,O'Brien Men's Neoprene Life Vest,2016-12-11,443,2206.0,913,175,A,3,P3|1014|2016-12-11
P3,1014,O'Brien Men's Neoprene Life Vest,2016-12-18,411,1763.0,913,205,A,3,P3|1014|2016-12-18
P3,1014,O'Brien Men's Neoprene Life Vest,2016-12-25,417,1352.0,913,190,A,3,P3|1014|2016-12-25
P3,1014,O'Brien Men's Neoprene Life Vest,2017-01-01,423,2563.0,913,135,A,3,P3|1014|2017-01-01
P3,1014,O'Brien Men's Neoprene Life Vest,2017-01-08,372,2140.0,913,220,A,3,P3|1014|2017-01-08
P3,1014,O'Brien Men's Neoprene Life Vest,2017-01-15,393,1768.0,913,197,A,3,P3|1014|2017-01-15
P3,1014,O'Brien Men's Neoprene Life Vest,2017-01-22,388,1375.0,913,218,A,3,P3|1014|2017-01-22
P3,1014,O'Brien Men's Neoprene Life Vest,2017-01-29,452,2563.0,913,145,A,3,P3|1014|2017-01-29
P3,1014,O'Brien Men's Neoprene Life Vest,2017-02-05,449,2111.0,913,101,A,3,P3|1014|2017-02-05
P3,1014,O'Brien Men's Neoprene Life Vest,2017-02-12,439,1662.0,913,119,A,3,P3|1014|2017-02-12
P3,1014,O'Brien Men's Neoprene Life Vest,2017-02-19,431,1223.0,913,139,A,3,P3|1014|2017-02-19
P3,1014,O'Brien Men's Neoprene Life Vest,2017-02-26,470,2563.0,913,138,A,3,P3|1014|2017-02-26
P3,1014,O'Brien Men's Neoprene Life Vest,2017-03-05,300,2093.0,913,254,A,3,P3|1014|2017-03-05
P3,1014,O'Brien Men's Neoprene Life Vest,2017-03-12,435,1793.0,913,155,A,3,P3|1014|2017-03-12
P3,1014,O'Brien Men's Neoprene Life Vest,2017-03-19,413,1358.0,913,159,A,3,P3|1014|2017-03-19
P3,1014,O'Brien Men's Neoprene Life Vest,2017-03-26,358,2563.0,913,235,A,3,P3|1014|2017-03-26
P3,1014,O'Brien Men's Neoprene Life Vest,2017-04-02,432,2205.0,913,127,A,3,P3|1014|2017-04-02
P3,1014,O'Brien Men's Neoprene Life Vest,2017-04-09,422,1773.0,913,140,A,3,P3|1014|2017-04-09
P3,1014,O'Brien Men's Neoprene Life Vest,2017-04-16,435,1351.0,913,129,A,3,P3|1014|2017-04-16
P3,1014,O'Brien Men's Neoprene Life Vest,2017-04-23,394,2563.0,913,161,A,3,P3|1014|2017-04-23
P3,1014,O'Brien Men's Neoprene Life Vest,2017-04-30,466,2169.0,913,94,A,3,P3|1014|2017-04-30
P3,1014,O'Brien Men's Neoprene Life Vest,2017-05-07,434,1703.0,913,110,A,3,P3|1014|2017-05-07
P3,1014,O'Brien Men's Neoprene Life Vest,2017-05-14,373,1269.0,913,202,A,3,P3|1014|2017-05-14
P3,1014,O'Brien Men's Neoprene Life Vest,2017-05-21,366,2563.0,913,222,A,3,P3|1014|2017-05-21
P3,1014,O'Brien Men's Neoprene Life Vest,2017-05-28,413,2197.0,913,169,A,3,P3|1014|2017-05-28
P3,1014,O'Brien Men's Neoprene Life Vest,2017-06-04,436,1784.0,913,129,A,3,P3|1014|2017-06-04
P3,1014,O'Brien Men's Neoprene Life Vest,2017-06-11,365,1348.0,913,225,A,3,P3|1014|2017-06-11
P3,1014,O'Brien Men's Neoprene Life Vest,2017-06-18,356,2563.0,913,228,A,3,P3|1014|2017-06-18
P3,1014,O'Brien Men's Neoprene Life Vest,2017-06-25,341,2207.0,913,223,A,3,P3|1014|2017-06-25
P3,1014,O'Brien Men's Neoprene Life Vest,2017-07-02,378,1866.0,913,187,A,3,P3|1014|2017-07-02
P3,1014,O'Brien Men's Neoprene Life Vest,2017-07-09,400,1488.0,913,165,A,3,P3|1014|2017-07-09
P3,1014,O'Brien Men's Neoprene Life Vest,2017-07-16,409,2563.0,913,173,A,3,P3|1014|2017-07-16
P3,1014,O'Brien Men's Neoprene Life Vest,2017-07-23,381,2154.0,913,164,A,3,P3|1014|2017-07-23
P3,1014,O'Brien Men's Neoprene Life Vest,2017-07-30,364,1773.0,913,250,A,3,P3|1014|2017-07-30
P3,1014,O'Brien Men's Neoprene Life Vest,2017-08-06,383,1409.0,913,196,A,3,P3|1014|2017-08-06
P3,1014,O'Brien Men's Neoprene Life Vest,2017-08-13,378,2563.0,913,185,A,3,P3|1014|2017-08-13
P3,1014,O'Brien Men's Neoprene Life Vest,2017-08-20,356,2185.0,913,215,A,3,P3|1014|2017-08-20
P3,1014,O'Brien Men's Neoprene Life Vest,2017-08-27,393,1829.0,913,146,A,3,P3|1014|2017-08-27
P3,1014,O'Brien Men's Neoprene Life Vest,2017-09-03,448,1436.0,913,159,A,3,P3|1014|2017-09-03
P3,1014,O'Brien Men's Neoprene Life Vest,2017-09-10,301,2563.0,913,260,A,3,P3|1014|2017-09-10
P3,1014,O'Brien Men's Neoprene Life Vest,2017-09-17,362,2262.0,913,191,A,3,P3|1014|2017-09-17
P3,1014,O'Brien Men's Neoprene Life Vest,2017-09-24,407,1900.0,913,149,A,3,P3|1014|2017-09-24
P3,1014,O'Brien Men's Neoprene Life Vest,2017-10-01,372,1493.0,913,185,A,3,P3|1014|2017-10-01
P3,1014,O'Brien Men's Neoprene Life Vest,2017-10-08,23,2563.0,913,513,A,3,P3|1014|2017-10-08
P3,1059,Pelican Maverick 100X Kayak,2017-09-17,12,200.0,913,191,C,1,P3|1059|2017-09-17
P3,1059,Pelican Maverick 100X Kayak,2017-09-24,16,188.0,913,149,C,1,P3|1059|2017-09-24
P3,1059,Pelican Maverick 100X Kayak,2017-10-01,12,172.0,913,185,C,1,P3|1059|2017-10-01
P3,1073,Pelican Sunstream 100 Kayak,2015-01-04,55,1374.0,913,504,B,2,P3|1073|2015-01-04
P3,1073,Pelican Sunstream 100 Kayak,2015-01-11,106,1319.0,913,183,B,2,P3|1073|2015-01-11
P3,1073,Pelican Sunstream 100 Kayak,2015-01-18,102,1213.0,913,140,B,2,P3|1073|2015-01-18
P3,1073,Pelican Sunstream 100 Kayak,2015-01-25,102,1111.0,913,107,B,2,P3|1073|2015-01-25
P3,1073,Pelican Sunstream 100 Kayak,2015-02-01,129,1009.0,913,184,B,2,P3|1073|2015-02-01
P3,1073,Pelican Sunstream 100 Kayak,2015-02-08,119,880.0,913,157,B,2,P3|1073|2015-02-08
P3,1073,Pelican Sunstream 100 Kayak,2015-02-15,98,761.0,913,203,B,2,P3|1073|2015-02-15
P3,1073,Pelican Sunstream 100 Kayak,2015-02-22,103,663.0,913,177,B,2,P3|1073|2015-02-22
P3,1073,Pelican Sunstream 100 Kayak,2015-03-01,108,560.0,913,174,B,2,P3|1073|2015-03-01
P3,1073,Pelican Sunstream 100 Kayak,2015-03-08,116,452.0,913,152,B,2,P3|1073|2015-03-08
P3,1073,Pelican Sunstream 100 Kayak,2015-03-15,110,336.0,913,195,B,2,P3|1073|2015-03-15
P3,1073,Pelican Sunstream 100 Kayak,2015-03-22,87,226.0,913,160,B,2,P3|1073|2015-03-22
P3,1073,Pelican Sunstream 100 Kayak,2015-03-29,121,458.0,913,144,B,2,P3|1073|2015-03-29
P3,1073,Pelican Sunstream 100 Kayak,2015-04-05,110,337.0,913,127,B,2,P3|1073|2015-04-05
P3,1073,Pelican Sunstream 100 Kayak,2015-04-12,113,227.0,913,182,B,2,P3|1073|2015-04-12
P3,1073,Pelican Sunstream 100 Kayak,2015-04-19,117,114.0,913,143,B,2,P3|1073|2015-04-19
P3,1073,Pelican Sunstream 100 Kayak,2015-04-26,106,458.0,913,163,B,2,P3|1073|2015-04-26
P3,1073,Pelican Sunstream 100 Kayak,2015-05-03,119,352.0,913,215,B,2,P3|1073|2015-05-03
P3,1073,Pelican Sunstream 100 Kayak,2015-05-10,114,233.0,913,206,B,2,P3|1073|2015-05-10
P3,1073,Pelican Sunstream 100 Kayak,2015-05-17,111,119.0,913,182,B,2,P3|1073|2015-05-17
P3,1073,Pelican Sunstream 100 Kayak,2015-05-24,101,458.0,913,209,B,2,P3|1073|2015-05-24
P3,1073,Pelican Sunstream 100 Kayak,2015-05-31,121,357.0,913,185,B,2,P3|1073|2015-05-31
P3,1073,Pelican Sunstream 100 Kayak,2015-06-07,101,236.0,913,197,B,2,P3|1073|2015-06-07
P3,1073,Pelican Sunstream 100 Kayak,2015-06-14,94,135.0,913,209,B,2,P3|1073|2015-06-14
P3,1073,Pelican Sunstream 100 Kayak,2015-06-21,115,458.0,913,136,B,2,P3|1073|2015-06-21
P3,1073,Pelican Sunstream 100 Kayak,2015-06-28,124,343.0,913,246,B,2,P3|1073|2015-06-28
P3,1073,Pelican Sunstream 100 Kayak,2015-07-05,92,219.0,913,85,B,2,P3|1073|2015-07-05
P3,1073,Pelican Sunstream 100 Kayak,2015-07-12,115,127.0,913,169,B,2,P3|1073|2015-07-12
P3,1073,Pelican Sunstream 100 Kayak,2015-07-19,109,458.0,913,204,B,2,P3|1073|2015-07-19
P3,1073,Pelican Sunstream 100 Kayak,2015-07-26,106,349.0,913,160,B,2,P3|1073|2015-07-26
P3,1073,Pelican Sunstream 100 Kayak,2015-08-02,112,243.0,913,191,B,2,P3|1073|2015-08-02
P3,1073,Pelican Sunstream 100 Kayak,2015-08-09,98,131.0,913,204,B,2,P3|1073|2015-08-09
P3,1073,Pelican Sunstream 100 Kayak,2015-08-16,107,458.0,913,256,B,2,P3|1073|2015-08-16
P3,1073,Pelican Sunstream 100 Kayak,2015-08-23,116,351.0,913,266,B,2,P3|1073|2015-08-23
P3,1073,Pelican Sunstream 100 Kayak,2015-08-30,118,235.0,913,207,B,2,P3|1073|2015-08-30
P3,1073,Pelican Sunstream 100 Kayak,2015-09-06,102,117.0,913,135,B,2,P3|1073|2015-09-06
P3,1073,Pelican Sunstream 100 Kayak,2015-09-13,91,458.0,913,208,B,2,P3|1073|2015-09-13
P3,1073,Pelican Sunstream 100 Kayak,2015-09-20,102,367.0,913,75,B,2,P3|1073|2015-09-20
P3,1073,Pelican Sunstream 100 Kayak,2015-09-27,105,265.0,913,223,B,2,P3|1073|2015-09-27
P3,1073,Pelican Sunstream 100 Kayak,2015-10-04,111,160.0,913,159,B,2,P3|1073|2015-10-04
P3,1073,Pelican Sunstream 100 Kayak,2015-10-11,122,458.0,913,184,B,2,P3|1073|2015-10-11
P3,1073,Pelican Sunstream 100 Kayak,2015-10-18,95,336.0,913,221,B,2,P3|1073|2015-10-18
P3,1073,Pelican Sunstream 100 Kayak,2015-10-25,105,241.0,913,159,B,2,P3|1073|2015-10-25
P3,1073,Pelican Sunstream 100 Kayak,2015-11-01,107,136.0,913,166,B,2,P3|1073|2015-11-01
P3,1073,Pelican Sunstream 100 Kayak,2015-11-08,109,458.0,913,122,B,2,P3|1073|2015-11-08
P3,1073,Pelican Sunstream 100 Kayak,2015-11-15,101,349.0,913,147,B,2,P3|1073|2015-11-15
P3,1073,Pelican Sunstream 100 Kayak,2015-11-22,116,248.0,913,156,B,2,P3|1073|2015-11-22
P3,1073,Pelican Sunstream 100 Kayak,2015-11-29,113,132.0,913,162,B,2,P3|1073|2015-11-29
P3,1073,Pelican Sunstream 100 Kayak,2015-12-06,130,458.0,913,221,B,2,P3|1073|2015-12-06
P3,1073,Pelican Sunstream 100 Kayak,2015-12-13,116,328.0,913,196,B,2,P3|1073|2015-12-13
P3,1073,Pelican Sunstream 100 Kayak,2015-12-20,104,212.0,913,125,B,2,P3|1073|2015-12-20
P3,1073,Pelican Sunstream 100 Kayak,2015-12-27,108,108.0,913,133,B,2,P3|1073|2015-12-27
P3,1073,Pelican Sunstream 100 Kayak,2016-01-03,102,458.0,913,158,B,2,P3|1073|2016-01-03
P3,1073,Pelican Sunstream 100 Kayak,2016-01-10,91,356.0,913,231,B,2,P3|1073|2016-01-10
P3,1073,Pelican Sunstream 100 Kayak,2016-01-17,107,265.0,913,132,B,2,P3|1073|2016-01-17
P3,1073,Pelican Sunstream 100 Kayak,2016-01-24,88,158.0,913,204,B,2,P3|1073|2016-01-24
P3,1073,Pelican Sunstream 100 Kayak,2016-01-31,124,458.0,913,116,B,2,P3|1073|2016-01-31
P3,1073,Pelican Sunstream 100 Kayak,2016-02-07,100,334.0,913,141,B,2,P3|1073|2016-02-07
P3,1073,Pelican Sunstream 100 Kayak,2016-02-14,101,234.0,913,157,B,2,P3|1073|2016-02-14
P3,1073,Pelican Sunstream 100 Kayak,2016-02-21,114,133.0,913,117,B,2,P3|1073|2016-02-21
P3,1073,Pelican Sunstream 100 Kayak,2016-02-28,96,458.0,913,181,B,2,P3|1073|2016-02-28
P3,1073,Pelican Sunstream 100 Kayak,2016-03-06,94,362.0,913,210,B,2,P3|1073|2016-03-06
P3,1073,Pelican Sunstream 100 Kayak,2016-03-13,108,268.0,913,196,B,2,P3|1073|2016-03-13
P3,1073,Pelican Sunstream 100 Kayak,2016-03-20,110,160.0,913,220,B,2,P3|1073|2016-03-20
P3,1073,Pelican Sunstream 100 Kayak,2016-03-27,93,458.0,913,212,B,2,P3|1073|2016-03-27
P3,1073,Pelican Sunstream 100 Kayak,2016-04-03,102,365.0,913,227,B,2,P3|1073|2016-04-03
P3,1073,Pelican Sunstream 100 Kayak,2016-04-10,100,263.0,913,235,B,2,P3|1073|2016-04-10
P3,1073,Pelican Sunstream 100 Kayak,2016-04-17,112,163.0,913,144,B,2,P3|1073|2016-04-17
P3,1073,Pelican Sunstream 100 Kayak,2016-04-24,105,458.0,913,140,B,2,P3|1073|2016-04-24
P3,1073,Pelican Sunstream 100 Kayak,2016-05-01,88,353.0,913,274,B,2,P3|1073|2016-05-01
P3,1073,Pelican Sunstream 100 Kayak,2016-05-08,119,265.0,913,211,B,2,P3|1073|2016-05-08
P3,1073,Pelican Sunstream 100 Kayak,2016-05-15,128,146.0,913,139,B,2,P3|1073|2016-05-15
P3,1073,Pelican Sunstream 100 Kayak,2016-05-22,118,458.0,913,182,B,2,P3|1073|2016-05-22
P3,1073,Pelican Sunstream 100 Kayak,2016-05-29,106,340.0,913,200,B,2,P3|1073|2016-05-29
P3,1073,Pelican Sunstream 100 Kayak,2016-06-05,102,234.0,913,173,B,2,P3|1073|2016-06-05
P3,1073,Pelican Sunstream 100 Kayak,2016-06-12,93,132.0,913,224,B,2,P3|1073|2016-06-12
P3,1073,Pelican Sunstream 100 Kayak,2016-06-19,95,458.0,913,252,B,2,P3|1073|2016-06-19
P3,1073,Pelican Sunstream 100 Kayak,2016-06-26,101,363.0,913,225,B,2,P3|1073|2016-06-26
P3,1073,Pelican Sunstream 100 Kayak,2016-07-03,109,262.0,913,151,B,2,P3|1073|2016-07-03
P3,1073,Pelican Sunstream 100 Kayak,2016-07-10,122,153.0,913,196,B,2,P3|1073|2016-07-10
P3,1073,Pelican Sunstream 100 Kayak,2016-07-17,107,458.0,913,153,B,2,P3|1073|2016-07-17
P3,1073,Pelican Sunstream 100 Kayak,2016-07-24,114,351.0,913,158,B,2,P3|1073|2016-07-24
P3,1073,Pelican Sunstream 100 Kayak,2016-07-31,115,237.0,913,203,B,2,P3|1073|2016-07-31
P3,1073,Pelican Sunstream 100 Kayak,2016-08-07,95,122.0,913,183,B,2,P3|1073|2016-08-07
P3,1073,Pelican Sunstream 100 Kayak,2016-08-14,90,458.0,913,307,B,2,P3|1073|2016-08-14
P3,1073,Pelican Sunstream 100 Kayak,2016-08-21,111,368.0,913,145,B,2,P3|1073|2016-08-21
P3,1073,Pelican Sunstream 100 Kayak,2016-08-28,117,257.0,913,259,B,2,P3|1073|2016-08-28
P3,1073,Pelican Sunstream 100 Kayak,2016-09-04,108,140.0,913,215,B,2,P3|1073|2016-09-04
P3,1073,Pelican Sunstream 100 Kayak,2016-09-11,107,458.0,913,258,B,2,P3|1073|2016-09-11
P3,1073,Pelican Sunstream 100 Kayak,2016-09-18,118,351.0,913,55,B,2,P3|1073|2016-09-18
P3,1073,Pelican Sunstream 100 Kayak,2016-09-25,100,233.0,913,225,B,2,P3|1073|2016-09-25
P3,1073,Pelican Sunstream 100 Kayak,2016-10-02,125,133.0,913,143,B,2,P3|1073|2016-10-02
P3,1073,Pelican Sunstream 100 Kayak,2016-10-09,85,458.0,913,185,B,2,P3|1073|2016-10-09
P3,1073,Pelican Sunstream 100 Kayak,2016-10-16,115,373.0,913,57,B,2,P3|1073|2016-10-16
P3,1073,Pelican Sunstream 100 Kayak,2016-10-23,108,258.0,913,133,B,2,P3|1073|2016-10-23
P3,1073,Pelican Sunstream 100 Kayak,2016-10-30,124,150.0,913,144,B,2,P3|1073|2016-10-30
P3,1073,Pelican Sunstream 100 Kayak,2016-11-06,110,458.0,913,146,B,2,P3|1073|2016-11-06
P3,1073,Pelican Sunstream 100 Kayak,2016-11-13,110,348.0,913,185,B,2,P3|1073|2016-11-13
P3,1073,Pelican Sunstream 100 Kayak,2016-11-20,104,238.0,913,155,B,2,P3|1073|2016-11-20
P3,1073,Pelican Sunstream 100 Kayak,2016-11-27,122,134.0,913,109,B,2,P3|1073|2016-11-27
P3,1073,Pelican Sunstream 100 Kayak,2016-12-04,105,458.0,913,225,B,2,P3|1073|2016-12-04
P3,1073,Pelican Sunstream 100 Kayak,2016-12-11,79,353.0,913,175,B,2,P3|1073|2016-12-11
P3,1073,Pelican Sunstream 100 Kayak,2016-12-18,107,274.0,913,205,B,2,P3|1073|2016-12-18
P3,1073,Pelican Sunstream 100 Kayak,2016-12-25,97,167.0,913,190,B,2,P3|1073|2016-12-25
P3,1073,Pelican Sunstream 100 Kayak,2017-01-01,112,458.0,913,135,B,2,P3|1073|2017-01-01
P3,1073,Pelican Sunstream 100 Kayak,2017-01-08,116,346.0,913,220,B,2,P3|1073|2017-01-08
P3,1073,Pelican Sunstream 100 Kayak,2017-01-15,95,230.0,913,197,B,2,P3|1073|2017-01-15
P3,1073,Pelican Sunstream 100 Kayak,2017-01-22,89,135.0,913,218,B,2,P3|1073|2017-01-22
P3,1073,Pelican Sunstream 100 Kayak,2017-01-29,103,458.0,913,145,B,2,P3|1073|2017-01-29
P3,1073,Pelican Sunstream 100 Kayak,2017-02-05,111,355.0,913,101,B,2,P3|1073|2017-02-05
P3,1073,Pelican Sunstream 100 Kayak,2017-02-12,120,244.0,913,119,B,2,P3|1073|2017-02-12
P3,1073,Pelican Sunstream 100 Kayak,2017-02-19,103,124.0,913,139,B,2,P3|1073|2017-02-19
P3,1073,Pelican Sunstream 100 Kayak,2017-02-26,96,458.0,913,138,B,2,P3|1073|2017-02-26
P3,1073,Pelican Sunstream 100 Kayak,2017-03-05,120,362.0,913,254,B,2,P3|1073|2017-03-05
P3,1073,Pelican Sunstream 100 Kayak,2017-03-12,101,242.0,913,155,B,2,P3|1073|2017-03-12
P3,1073,Pelican Sunstream 100 Kayak,2017-03-19,118,141.0,913,159,B,2,P3|1073|2017-03-19
P3,1073,Pelican Sunstream 100 Kayak,2017-03-26,102,458.0,913,235,B,2,P3|1073|2017-03-26
P3,1073,Pelican Sunstream 100 Kayak,2017-04-02,124,356.0,913,127,B,2,P3|1073|2017-04-02
P3,1073,Pelican Sunstream 100 Kayak,2017-04-09,106,232.0,913,140,B,2,P3|1073|2017-04-09
P3,1073,Pelican Sunstream 100 Kayak,2017-04-16,113,126.0,913,129,B,2,P3|1073|2017-04-16
P3,1073,Pelican Sunstream 100 Kayak,2017-04-23,107,458.0,913,161,B,2,P3|1073|2017-04-23
P3,1073,Pelican Sunstream 100 Kayak,2017-04-30,121,351.0,913,94,B,2,P3|1073|2017-04-30
P3,1073,Pelican Sunstream 100 Kayak,2017-05-07,117,230.0,913,110,B,2,P3|1073|2017-05-07
P3,1073,Pelican Sunstream 100 Kayak,2017-05-14,104,113.0,913,202,B,2,P3|1073|2017-05-14
P3,1073,Pelican Sunstream 100 Kayak,2017-05-21,111,458.0,913,222,B,2,P3|1073|2017-05-21
P3,1073,Pelican Sunstream 100 Kayak,2017-05-28,109,347.0,913,169,B,2,P3|1073|2017-05-28
P3,1073,Pelican Sunstream 100 Kayak,2017-06-04,121,238.0,913,129,B,2,P3|1073|2017-06-04
P3,1073,Pelican Sunstream 100 Kayak,2017-06-11,103,117.0,913,225,B,2,P3|1073|2017-06-11
P3,1073,Pelican Sunstream 100 Kayak,2017-06-18,88,458.0,913,228,B,2,P3|1073|2017-06-18
P3,1073,Pelican Sunstream 100 Kayak,2017-06-25,110,370.0,913,223,B,2,P3|1073|2017-06-25
P3,1073,Pelican Sunstream 100 Kayak,2017-07-02,121,260.0,913,187,B,2,P3|1073|2017-07-02
P3,1073,Pelican Sunstream 100 Kayak,2017-07-09,124,139.0,913,165,B,2,P3|1073|2017-07-09
P3,1073,Pelican Sunstream 100 Kayak,2017-07-16,110,458.0,913,173,B,2,P3|1073|2017-07-16
P3,1073,Pelican Sunstream 100 Kayak,2017-07-23,112,348.0,913,164,B,2,P3|1073|2017-07-23
P3,1073,Pelican Sunstream 100 Kayak,2017-07-30,74,236.0,913,250,B,2,P3|1073|2017-07-30
P3,1073,Pelican Sunstream 100 Kayak,2017-08-06,118,162.0,913,196,B,2,P3|1073|2017-08-06
P3,1073,Pelican Sunstream 100 Kayak,2017-08-13,124,458.0,913,185,B,2,P3|1073|2017-08-13
P3,1073,Pelican Sunstream 100 Kayak,2017-08-20,109,334.0,913,215,B,2,P3|1073|2017-08-20
P3,1073,Pelican Sunstream 100 Kayak,2017-08-27,125,225.0,913,146,B,2,P3|1073|2017-08-27
P3,1073,Pelican Sunstream 100 Kayak,2017-09-03,96,100.0,913,159,B,2,P3|1073|2017-09-03
P3,1073,Pelican Sunstream 100 Kayak,2017-09-10,125,458.0,913,260,B,2,P3|1073|2017-09-10
P3,1073,Pelican Sunstream 100 Kayak,2017-09-17,101,333.0,913,191,B,2,P3|1073|2017-09-17
P3,1073,Pelican Sunstream 100 Kayak,2017-09-24,104,232.0,913,149,B,2,P3|1073|2017-09-24
P3,1073,Pelican Sunstream 100 Kayak,2017-10-01,116,128.0,913,185,B,2,P3|1073|2017-10-01
P3,1073,Pelican Sunstream 100 Kayak,2017-10-08,8,458.0,913,513,B,2,P3|1073|2017-10-08
P3,1346,Sports Books ,2017-10-08,308,552.0,913,513,C,1,P3|1346|2017-10-08
P3,1346,Sports Books ,2017-10-15,0,244.0,913,434,C,1,P3|1346|2017-10-15
P3,1346,Sports Books ,2017-10-22,0,244.0,913,738,C,1,P3|1346|2017-10-22
P3,1346,Sports Books ,2017-10-29,0,244.0,913,651,C,1,P3|1346|2017-10-29
P3,1346,Sports Books ,2017-11-05,0,244.0,913,540,C,1,P3|1346|2017-11-05
P3,1346,Sports Books ,2017-11-12,0,244.0,913,558,C,1,P3|1346|2017-11-12
P3,1346,Sports Books ,2017-11-19,0,244.0,913,821,C,1,P3|1346|2017-11-19
P3,1346,Sports Books ,2017-11-26,0,244.0,913,611,C,1,P3|1346|2017-11-26
P3,1346,Sports Books ,2017-12-03,0,244.0,913,520,C,1,P3|1346|2017-12-03
P3,1346,Sports Books ,2017-12-10,0,244.0,913,492,C,1,P3|1346|2017-12-10
P3,1346,Sports Books ,2017-12-17,97,244.0,913,756,C,1,P3|1346|2017-12-17
P3,1348,CDs of rock,2017-10-08,54,339.0,913,513,C,1,P3|1348|2017-10-08
P3,1348,CDs of rock,2017-10-15,79,285.0,913,434,C,1,P3|1348|2017-10-15
P3,1348,CDs of rock,2017-10-22,0,206.0,913,738,C,1,P3|1348|2017-10-22
P3,1348,CDs of rock,2017-10-29,0,206.0,913,651,C,1,P3|1348|2017-10-29
P3,1348,CDs of rock,2017-11-05,0,206.0,913,540,C,1,P3|1348|2017-11-05
P3,1348,CDs of rock,2017-11-12,0,206.0,913,558,C,1,P3|1348|2017-11-12
P3,1348,CDs of rock,2017-11-19,0,206.0,913,821,C,1,P3|1348|2017-11-19
P3,1348,CDs of rock,2017-11-26,0,206.0,913,611,C,1,P3|1348|2017-11-26
P3,1348,CDs of rock,2017-12-03,0,206.0,913,520,C,1,P3|1348|2017-12-03
P3,1348,CDs of rock,2017-12-10,0,206.0,913,492,C,1,P3|1348|2017-12-10
P3,1348,CDs of rock,2017-12-17,0,206.0,913,756,C,1,P3|1348|2017-12-17
P3,1348,CDs of rock,2017-12-24,138,206.0,913,638,C,1,P3|1348|2017-12-24
P3,1349,Web Camera,2017-10-15,400,807.0,913,434,C,1,P3|1349|2017-10-15
P3,1349,Web Camera,2017-10-22,175,407.0,913,738,C,1,P3|1349|2017-10-22
P3,1349,Web Camera,2017-10-29,0,232.0,913,651,C,1,P3|1349|2017-10-29
P3,1349,Web Camera,2017-11-05,0,232.0,913,540,C,1,P3|1349|2017-11-05
P3,1349,Web Camera,2017-11-12,0,232.0,913,558,C,1,P3|1349|2017-11-12
P3,1349,Web Camera,2017-11-19,0,232.0,913,821,C,1,P3|1349|2017-11-19
P3,1349,Web Camera,2017-11-26,0,232.0,913,611,C,1,P3|1349|2017-11-26
P3,1349,Web Camera,2017-12-03,0,232.0,913,520,C,1,P3|1349|2017-12-03
P3,1349,Web Camera,2017-12-10,0,232.0,913,492,C,1,P3|1349|2017-12-10
P3,1349,Web Camera,2017-12-17,0,232.0,913,756,C,1,P3|1349|2017-12-17
P3,1349,Web Camera,2017-12-24,17,232.0,913,638,C,1,P3|1349|2017-12-24
P3,1351,Dell Laptop,2017-10-29,262,737.0,913,651,C,1,P3|1351|2017-10-29
P3,1351,Dell Laptop,2017-11-05,88,475.0,913,540,C,1,P3|1351|2017-11-05
P3,1351,Dell Laptop,2017-11-12,0,387.0,913,558,C,1,P3|1351|2017-11-12
P3,1351,Dell Laptop,2017-11-19,0,387.0,913,821,C,1,P3|1351|2017-11-19
P3,1351,Dell Laptop,2017-11-26,0,387.0,913,611,C,1,P3|1351|2017-11-26
P3,1351,Dell Laptop,2017-12-03,0,387.0,913,520,C,1,P3|1351|2017-12-03
P3,1351,Dell Laptop,2017-12-10,0,387.0,913,492,C,1,P3|1351|2017-12-10
P3,1351,Dell Laptop,2017-12-17,0,387.0,913,756,C,1,P3|1351|2017-12-17
P3,1351,Dell Laptop,2017-12-24,92,387.0,913,638,C,1,P3|1351|2017-12-24
P3,1352,Industrial consumer electronics,2017-11-05,285,718.0,913,540,C,1,P3|1352|2017-11-05
P3,1352,Industrial consumer electronics,2017-11-12,0,433.0,913,558,C,1,P3|1352|2017-11-12
P3,1352,Industrial consumer electronics,2017-11-19,0,433.0,913,821,C,1,P3|1352|2017-11-19
P3,1352,Industrial consumer electronics,2017-11-26,0,433.0,913,611,C,1,P3|1352|2017-11-26
P3,1352,Industrial consumer electronics,2017-12-03,0,433.0,913,520,C,1,P3|1352|2017-12-03
P3,1352,Industrial consumer electronics,2017-12-10,0,433.0,913,492,C,1,P3|1352|2017-12-10
P3,1352,Industrial consumer electronics,2017-12-17,0,433.0,913,756,C,1,P3|1352|2017-12-17
P3,1352,Industrial consumer electronics,2017-12-24,28,433.0,913,638,C,1,P3|1352|2017-12-24
P3,1352,Industrial consumer electronics,2017-12-31,118,405.0,913,686,C,1,P3|1352|2017-12-31
P3,1354,DVDs ,2017-11-12,355,805.0,913,558,C,1,P3|1354|2017-11-12
P3,1354,DVDs ,2017-11-19,12,450.0,913,821,C,1,P3|1354|2017-11-19
P3,1354,DVDs ,2017-11-26,0,438.0,913,611,C,1,P3|1354|2017-11-26
P3,1354,DVDs ,2017-12-03,0,438.0,913,520,C,1,P3|1354|2017-12-03
P3,1354,DVDs ,2017-12-10,0,438.0,913,492,C,1,P3|1354|2017-12-10
P3,1354,DVDs ,2017-12-17,0,438.0,913,756,C,1,P3|1354|2017-12-17
P3,1354,DVDs ,2017-12-24,0,438.0,913,638,C,1,P3|1354|2017-12-24
P3,1354,DVDs ,2017-12-31,109,438.0,913,686,C,1,P3|1354|2017-12-31
P3,1354,DVDs ,2018-01-07,7,329.0,913,561,C,1,P3|1354|2018-01-07
P3,1356,First aid kit,2017-11-19,80,679.0,913,821,C,1,P3|1356|2017-11-19
P3,1356,First aid kit,2017-11-26,159,599.0,913,611,C,1,P3|1356|2017-11-26
P3,1356,First aid kit,2017-12-03,0,440.0,913,520,C,1,P3|1356|2017-12-03
P3,1356,First aid kit,2017-12-10,0,440.0,913,492,C,1,P3|1356|2017-12-10
P3,1356,First aid kit,2017-12-17,0,440.0,913,756,C,1,P3|1356|2017-12-17
P3,1356,First aid kit,2017-12-24,0,440.0,913,638,C,1,P3|1356|2017-12-24
P3,1356,First aid kit,2017-12-31,0,440.0,913,686,C,1,P3|1356|2017-12-31
P3,1356,First aid kit,2018-01-07,123,440.0,913,561,C,1,P3|1356|2018-01-07
P3,1358,Rock music,2017-11-26,143,930.0,913,611,C,1,P3|1358|2017-11-26
P3,1358,Rock music,2017-12-03,147,787.0,913,520,C,1,P3|1358|2017-12-03
P3,1358,Rock music,2017-12-10,0,640.0,913,492,C,1,P3|1358|2017-12-10
P3,1358,Rock music,2017-12-17,0,640.0,913,756,C,1,P3|1358|2017-12-17
P3,1358,Rock music,2017-12-24,0,640.0,913,638,C,1,P3|1358|2017-12-24
P3,1358,Rock music,2017-12-31,0,640.0,913,686,C,1,P3|1358|2017-12-31
P3,1358,Rock music,2018-01-07,144,640.0,913,561,C,1,P3|1358|2018-01-07
P3,1359,Adult dog supplies,2017-12-03,246,1054.0,913,520,C,1,P3|1359|2017-12-03
P3,1359,Adult dog supplies,2017-12-10,0,808.0,913,492,C,1,P3|1359|2017-12-10
P3,1359,Adult dog supplies,2017-12-17,0,808.0,913,756,C,1,P3|1359|2017-12-17
P3,1359,Adult dog supplies,2017-12-24,0,808.0,913,638,C,1,P3|1359|2017-12-24
P3,1359,Adult dog supplies,2017-12-31,0,808.0,913,686,C,1,P3|1359|2017-12-31
P3,1359,Adult dog supplies,2018-01-07,78,808.0,913,561,C,1,P3|1359|2018-01-07
P3,1359,Adult dog supplies,2018-01-14,168,730.0,913,644,C,1,P3|1359|2018-01-14
P3,1361,Toys ,2017-12-10,253,882.0,913,492,C,1,P3|1361|2017-12-10
P3,1361,Toys ,2017-12-17,0,629.0,913,756,C,1,P3|1361|2017-12-17
P3,1361,Toys ,2017-12-24,0,629.0,913,638,C,1,P3|1361|2017-12-24
P3,1361,Toys ,2017-12-31,0,629.0,913,686,C,1,P3|1361|2017-12-31
P3,1361,Toys ,2018-01-07,0,629.0,913,561,C,1,P3|1361|2018-01-07
P3,1361,Toys ,2018-01-14,101,629.0,913,644,C,1,P3|1361|2018-01-14
P3,1361,Toys ,2018-01-21,174,528.0,913,434,C,1,P3|1361|2018-01-21
P3,1361,Toys ,2018-01-28,0,354.0,913,609,C,1,P3|1361|2018-01-28
P3,1361,Toys ,2018-02-04,1,354.0,913,911,C,1,P3|1361|2018-02-04
P3,1362,Fighting video games,2017-12-10,168,1397.0,913,492,C,1,P3|1362|2017-12-10
P3,1362,Fighting video games,2017-12-17,60,1229.0,913,756,C,1,P3|1362|2017-12-17
P3,1362,Fighting video games,2017-12-24,0,1169.0,913,638,C,1,P3|1362|2017-12-24
P3,1362,Fighting video games,2017-12-31,0,1169.0,913,686,C,1,P3|1362|2017-12-31
P3,1362,Fighting video games,2018-01-07,0,1169.0,913,561,C,1,P3|1362|2018-01-07
P3,1362,Fighting video games,2018-01-14,0,1169.0,913,644,C,1,P3|1362|2018-01-14
P3,1362,Fighting video games,2018-01-21,305,1169.0,913,434,C,1,P3|1362|2018-01-21
P3,1362,Fighting video games,2018-01-28,304,864.0,913,609,C,1,P3|1362|2018-01-28
P3,1362,Fighting video games,2018-02-04,1,560.0,913,911,C,1,P3|1362|2018-02-04
