Plant_ID,Product Card Id,Product Name,Order_Date,Weekly_Demand,Beginning_Inventory,Weekly_Capacity,Baseline_Available_Capacity,ABC_Class,Planning_Priority,Planning_Key
P1,172,Nike Women's Tempo Shorts,2017-01-01,2,22.0,1165,263,C,1,P1|172|2017-01-01
P1,172,Nike Women's Tempo Shorts,2017-01-08,15,20.0,1165,150,C,1,P1|172|2017-01-08
P1,172,Nike Women's Tempo Shorts,2017-01-15,12,5.0,1165,223,C,1,P1|172|2017-01-15
P1,172,Nike Women's Tempo Shorts,2017-01-22,4,0.0,1165,96,C,1,P1|172|2017-01-22
P1,172,Nike Women's Tempo Shorts,2017-01-29,9,22.0,1165,225,C,1,P1|172|2017-01-29
P1,172,Nike Women's Tempo Shorts,2017-02-05,0,13.0,1165,169,C,1,P1|172|2017-02-05
P1,172,Nike Women's Tempo Shorts,2017-02-12,0,13.0,1165,250,C,1,P1|172|2017-02-12
P1,172,Nike Women's Tempo Shorts,2017-02-19,6,13.0,1165,166,C,1,P1|172|2017-02-19
P1,172,Nike Women's Tempo Shorts,2017-02-26,5,22.0,1165,14,C,1,P1|172|2017-02-26
P1,172,Nike Women's Tempo Shorts,2017-03-05,2,17.0,1165,215,C,1,P1|172|2017-03-05
P1,172,Nike Women's Tempo Shorts,2017-03-12,14,15.0,1165,212,C,1,P1|172|2017-03-12
P1,172,Nike Women's Tempo Shorts,2017-03-19,12,1.0,1165,122,C,1,P1|172|2017-03-19
P1,172,Nike Women's Tempo Shorts,2017-03-26,16,22.0,1165,235,C,1,P1|172|2017-03-26
P1,172,Nike Women's Tempo Shorts,2017-04-02,17,6.0,1165,253,C,1,P1|172|2017-04-02
P1,172,Nike Women's Tempo Shorts,2017-04-09,10,0.0,1165,224,C,1,P1|172|2017-04-09
P1,172,Nike Women's Tempo Shorts,2017-04-16,2,0.0,1165,237,C,1,P1|172|2017-04-16
P1,172,Nike Women's Tempo Shorts,2017-04-23,7,22.0,1165,108,C,1,P1|172|2017-04-23
P1,191,Nike Men's Free 5.0+ Running Shoe,2017-01-01,227,1626.0,1165,263,A,3,P1|191|2017-01-01
P1,191,Nike Men's Free 5.0+ Running Shoe,2017-01-08,296,1399.0,1165,150,A,3,P1|191|2017-01-08
P1,191,Nike Men's Free 5.0+ Running Shoe,2017-01-15,241,1103.0,1165,223,A,3,P1|191|2017-01-15
P1,191,Nike Men's Free 5.0+ Running Shoe,2017-01-22,301,862.0,1165,96,A,3,P1|191|2017-01-22
P1,191,Nike Men's Free 5.0+ Running Shoe,2017-01-29,269,1626.0,1165,225,A,3,P1|191|2017-01-29
P1,191,Nike Men's Free 5.0+ Running Shoe,2017-02-05,323,1357.0,1165,169,A,3,P1|191|2017-02-05
P1,191,Nike Men's Free 5.0+ Running Shoe,2017-02-12,277,1034.0,1165,250,A,3,P1|191|2017-02-12
P1,191,Nike Men's Free 5.0+ Running Shoe,2017-02-19,272,757.0,1165,166,A,3,P1|191|2017-02-19
P1,191,Nike Men's Free 5.0+ Running Shoe,2017-02-26,340,1626.0,1165,14,A,3,P1|191|2017-02-26
P1,191,Nike Men's Free 5.0+ Running Shoe,2017-03-05,247,1286.0,1165,215,A,3,P1|191|2017-03-05
P1,191,Nike Men's Free 5.0+ Running Shoe,2017-03-12,213,1039.0,1165,212,A,3,P1|191|2017-03-12
P1,191,Nike Men's Free 5.0+ Running Shoe,2017-03-19,263,826.0,1165,122,A,3,P1|191|2017-03-19
P1,191,Nike Men's Free 5.0+ Running Shoe,2017-03-26,250,1626.0,1165,235,A,3,P1|191|2017-03-26
P1,191,Nike Men's Free 5.0+ Running Shoe,2017-04-02,244,1376.0,1165,253,A,3,P1|191|2017-04-02
P1,191,Nike Men's Free 5.0+ Running Shoe,2017-04-09,216,1132.0,1165,224,A,3,P1|191|2017-04-09
P1,191,Nike Men's Free 5.0+ Running Shoe,2017-04-16,267,916.0,1165,237,A,3,P1|191|2017-04-16
P1,191,Nike Men's Free 5.0+ Running Shoe,2017-04-23,285,1626.0,1165,108,A,3,P1|191|2017-04-23
P1,191,Nike Men's Free 5.0+ Running Shoe,2017-04-30,229,1341.0,1165,226,A,3,P1|191|2017-04-30
P1,191,Nike Men's Free 5.0+ Running Shoe,2017-05-07,247,1112.0,1165,210,A,3,P1|191|2017-05-07
P1,191,Nike Men's Free 5.0+ Running Shoe,2017-05-14,252,865.0,1165,268,A,3,P1|191|2017-05-14
P1,191,Nike Men's Free 5.0+ Running Shoe,2017-05-21,243,1626.0,1165,226,A,3,P1|191|2017-05-21
P1,191,Nike Men's Free 5.0+ Running Shoe,2017-05-28,240,1383.0,1165,213,A,3,P1|191|2017-05-28
P1,191,Nike Men's Free 5.0+ Running Shoe,2017-06-04,246,1143.0,1165,194,A,3,P1|191|2017-06-04
P1,191,Nike Men's Free 5.0+ Running Shoe,2017-06-11,207,897.0,1165,318,A,3,P1|191|2017-06-11
P1,191,Nike Men's Free 5.0+ Running Shoe,2017-06-18,206,1626.0,1165,374,A,3,P1|191|2017-06-18
P1,191,Nike Men's Free 5.0+ Running Shoe,2017-06-25,279,1420.0,1165,191,A,3,P1|191|2017-06-25
P1,191,Nike Men's Free 5.0+ Running Shoe,2017-07-02,243,1141.0,1165,262,A,3,P1|191|2017-07-02
P1,191,Nike Men's Free 5.0+ Running Shoe,2017-07-09,238,898.0,1165,186,A,3,P1|191|2017-07-09
P1,191,Nike Men's Free 5.0+ Running Shoe,2017-07-16,232,1626.0,1165,225,A,3,P1|191|2017-07-16
P1,191,Nike Men's Free 5.0+ Running Shoe,2017-07-23,291,1394.0,1165,174,A,3,P1|191|2017-07-23
P1,191,Nike Men's Free 5.0+ Running Shoe,2017-07-30,279,1103.0,1165,180,A,3,P1|191|2017-07-30
P1,191,Nike Men's Free 5.0+ Running Shoe,2017-08-06,233,824.0,1165,258,A,3,P1|191|2017-08-06
P1,191,Nike Men's Free 5.0+ Running Shoe,2017-08-13,250,1626.0,1165,205,A,3,P1|191|2017-08-13
P1,191,Nike Men's Free 5.0+ Running Shoe,2017-08-20,251,1376.0,1165,230,A,3,P1|191|2017-08-20
P1,191,Nike Men's Free 5.0+ Running Shoe,2017-08-27,247,1125.0,1165,173,A,3,P1|191|2017-08-27
P1,191,Nike Men's Free 5.0+ Running Shoe,2017-09-03,272,878.0,1165,124,A,3,P1|191|2017-09-03
P1,191,Nike Men's Free 5.0+ Running Shoe,2017-09-10,289,1626.0,1165,199,A,3,P1|191|2017-09-10
P1,191,Nike Men's Free 5.0+ Running Shoe,2017-09-17,223,1337.0,1165,245,A,3,P1|191|2017-09-17
P1,191,Nike Men's Free 5.0+ Running Shoe,2017-09-24,281,1114.0,1165,270,A,3,P1|191|2017-09-24
P1,191,Nike Men's Free 5.0+ Running Shoe,2017-10-01,278,833.0,1165,225,A,3,P1|191|2017-10-01
P1,191,Nike Men's Free 5.0+ Running Shoe,2017-10-08,18,1626.0,1165,1017,A,3,P1|191|2017-10-08
P1,203,GoPro HERO3+ Black Edition Camera,2017-09-17,11,160.0,1165,245,C,1,P1|203|2017-09-17
P1,203,GoPro HERO3+ Black Edition Camera,2017-09-24,12,149.0,1165,270,C,1,P1|203|2017-09-24
P1,203,GoPro HERO3+ Black Edition Camera,2017-10-01,9,137.0,1165,225,C,1,P1|203|2017-10-01
P1,208,SOLE E35 Elliptical,2017-10-01,10,112.0,1165,225,C,1,P1|208|2017-10-01
P1,208,SOLE E35 Elliptical,2017-10-08,5,102.0,1165,1017,C,1,P1|208|2017-10-08
P1,216,Yakima DoubleDown Ace Hitch Mount 4-Bike Rack,2017-04-30,4,48.0,1165,226,C,1,P1|216|2017-04-30
P1,216,Yakima DoubleDown Ace Hitch Mount 4-Bike Rack,2017-05-07,2,44.0,1165,210,C,1,P1|216|2017-05-07
P1,216,Yakima DoubleDown Ace Hitch Mount 4-Bike Rack,2017-05-14,1,42.0,1165,268,C,1,P1|216|2017-05-14
P1,216,Yakima DoubleDown Ace Hitch Mount 4-Bike Rack,2017-05-21,3,41.0,1165,226,C,1,P1|216|2017-05-21
P1,216,Yakima DoubleDown Ace Hitch Mount 4-Bike Rack,2017-05-28,0,38.0,1165,213,C,1,P1|216|2017-05-28
P1,216,Yakima DoubleDown Ace Hitch Mount 4-Bike Rack,2017-06-04,3,38.0,1165,194,C,1,P1|216|2017-06-04
P1,216,Yakima DoubleDown Ace Hitch Mount 4-Bike Rack,2017-06-11,2,35.0,1165,318,C,1,P1|216|2017-06-11
P1,216,Yakima DoubleDown Ace Hitch Mount 4-Bike Rack,2017-06-18,4,33.0,1165,374,C,1,P1|216|2017-06-18
P1,216,Yakima DoubleDown Ace Hitch Mount 4-Bike Rack,2017-06-25,3,29.0,1165,191,C,1,P1|216|2017-06-25
P1,216,Yakima DoubleDown Ace Hitch Mount 4-Bike Rack,2017-07-02,3,26.0,1165,262,C,1,P1|216|2017-07-02
P1,216,Yakima DoubleDown Ace Hitch Mount 4-Bike Rack,2017-07-09,1,23.0,1165,186,C,1,P1|216|2017-07-09
P1,216,Yakima DoubleDown Ace Hitch Mount 4-Bike Rack,2017-07-16,3,22.0,1165,225,C,1,P1|216|2017-07-16
P1,216,Yakima DoubleDown Ace Hitch Mount 4-Bike Rack,2017-07-23,5,19.0,1165,174,C,1,P1|216|2017-07-23
P1,216,Yakima DoubleDown Ace Hitch Mount 4-Bike Rack,2017-07-30,4,14.0,1165,180,C,1,P1|216|2017-07-30
P1,216,Yakima DoubleDown Ace Hitch Mount 4-Bike Rack,2017-08-06,3,10.0,1165,258,C,1,P1|216|2017-08-06
P1,216,Yakima DoubleDown Ace Hitch Mount 4-Bike Rack,2017-08-13,5,7.0,1165,205,C,1,P1|216|2017-08-13
P1,216,Yakima DoubleDown Ace Hitch Mount 4-Bike Rack,2017-08-20,7,10.0,1165,230,C,1,P1|216|2017-08-20
P1,216,Yakima DoubleDown Ace Hitch Mount 4-Bike Rack,2017-08-27,3,3.0,1165,173,C,1,P1|216|2017-08-27
P1,216,Yakima DoubleDown Ace Hitch Mount 4-Bike Rack,2017-09-03,6,0.0,1165,124,C,1,P1|216|2017-09-03
P1,216,Yakima DoubleDown Ace Hitch Mount 4-Bike Rack,2017-09-10,2,0.0,1165,199,C,1,P1|216|2017-09-10
P1,226,Bowflex SelectTech 1090 Dumbbells,2017-10-01,10,150.0,1165,225,C,1,P1|226|2017-10-01
P1,235,Under Armour Hustle Storm Medium Duffle Bag,2017-01-01,2,21.0,1165,263,C,1,P1|235|2017-01-01
P1,235,Under Armour Hustle Storm Medium Duffle Bag,2017-01-08,8,19.0,1165,150,C,1,P1|235|2017-01-08
P1,235,Under Armour Hustle Storm Medium Duffle Bag,2017-01-15,7,11.0,1165,223,C,1,P1|235|2017-01-15
P1,235,Under Armour Hustle Storm Medium Duffle Bag,2017-01-22,14,4.0,1165,96,C,1,P1|235|2017-01-22
P1,235,Under Armour Hustle Storm Medium Duffle Bag,2017-01-29,0,21.0,1165,225,C,1,P1|235|2017-01-29
P1,235,Under Armour Hustle Storm Medium Duffle Bag,2017-02-05,2,21.0,1165,169,C,1,P1|235|2017-02-05
P1,235,Under Armour Hustle Storm Medium Duffle Bag,2017-02-12,0,19.0,1165,250,C,1,P1|235|2017-02-12
P1,235,Under Armour Hustle Storm Medium Duffle Bag,2017-02-19,11,19.0,1165,166,C,1,P1|235|2017-02-19
P1,235,Under Armour Hustle Storm Medium Duffle Bag,2017-02-26,3,21.0,1165,14,C,1,P1|235|2017-02-26
P1,235,Under Armour Hustle Storm Medium Duffle Bag,2017-03-05,16,18.0,1165,215,C,1,P1|235|2017-03-05
P1,235,Under Armour Hustle Storm Medium Duffle Bag,2017-03-12,3,2.0,1165,212,C,1,P1|235|2017-03-12
P1,235,Under Armour Hustle Storm Medium Duffle Bag,2017-03-19,11,0.0,1165,122,C,1,P1|235|2017-03-19
P1,235,Under Armour Hustle Storm Medium Duffle Bag,2017-03-26,17,21.0,1165,235,C,1,P1|235|2017-03-26
P1,235,Under Armour Hustle Storm Medium Duffle Bag,2017-04-02,0,4.0,1165,253,C,1,P1|235|2017-04-02
P1,235,Under Armour Hustle Storm Medium Duffle Bag,2017-04-09,5,4.0,1165,224,C,1,P1|235|2017-04-09
P1,235,Under Armour Hustle Storm Medium Duffle Bag,2017-04-16,1,0.0,1165,237,C,1,P1|235|2017-04-16
P1,235,Under Armour Hustle Storm Medium Duffle Bag,2017-04-23,3,21.0,1165,108,C,1,P1|235|2017-04-23
P1,249,Under Armour Women's Micro G Skulpt Running S,2017-01-01,4,0.0,1165,263,C,1,P1|249|2017-01-01
P1,249,Under Armour Women's Micro G Skulpt Running S,2017-01-08,3,21.0,1165,150,C,1,P1|249|2017-01-08
P1,249,Under Armour Women's Micro G Skulpt Running S,2017-01-15,22,18.0,1165,223,C,1,P1|249|2017-01-15
P1,249,Under Armour Women's Micro G Skulpt Running S,2017-01-22,11,0.0,1165,96,C,1,P1|249|2017-01-22
P1,249,Under Armour Women's Micro G Skulpt Running S,2017-01-29,0,0.0,1165,225,C,1,P1|249|2017-01-29
P1,249,Under Armour Women's Micro G Skulpt Running S,2017-02-05,5,21.0,1165,169,C,1,P1|249|2017-02-05
P1,249,Under Armour Women's Micro G Skulpt Running S,2017-02-12,5,16.0,1165,250,C,1,P1|249|2017-02-12
P1,249,Under Armour Women's Micro G Skulpt Running S,2017-02-19,6,11.0,1165,166,C,1,P1|249|2017-02-19
P1,249,Under Armour Women's Micro G Skulpt Running S,2017-02-26,12,5.0,1165,14,C,1,P1|249|2017-02-26
P1,249,Under Armour Women's Micro G Skulpt Running S,2017-03-05,6,21.0,1165,215,C,1,P1|249|2017-03-05
P1,249,Under Armour Women's Micro G Skulpt Running S,2017-03-12,12,15.0,1165,212,C,1,P1|249|2017-03-12
P1,249,Under Armour Women's Micro G Skulpt Running S,2017-03-19,0,3.0,1165,122,C,1,P1|249|2017-03-19
P1,249,Under Armour Women's Micro G Skulpt Running S,2017-03-26,12,3.0,1165,235,C,1,P1|249|2017-03-26
P1,249,Under Armour Women's Micro G Skulpt Running S,2017-04-02,3,21.0,1165,253,C,1,P1|249|2017-04-02
P1,249,Under Armour Women's Micro G Skulpt Running S,2017-04-09,9,18.0,1165,224,C,1,P1|249|2017-04-09
P1,249,Under Armour Women's Micro G Skulpt Running S,2017-04-16,5,9.0,1165,237,C,1,P1|249|2017-04-16
P1,249,Under Armour Women's Micro G Skulpt Running S,2017-04-23,12,4.0,1165,108,C,1,P1|249|2017-04-23
P1,251,Brooks Women's Ghost 6 Running Shoe,2017-04-30,13,159.0,1165,226,C,1,P1|251|2017-04-30
P1,251,Brooks Women's Ghost 6 Running Shoe,2017-05-07,8,146.0,1165,210,C,1,P1|251|2017-05-07
P1,251,Brooks Women's Ghost 6 Running Shoe,2017-05-14,11,138.0,1165,268,C,1,P1|251|2017-05-14
P1,251,Brooks Women's Ghost 6 Running Shoe,2017-05-21,11,127.0,1165,226,C,1,P1|251|2017-05-21
P1,251,Brooks Women's Ghost 6 Running Shoe,2017-05-28,4,116.0,1165,213,C,1,P1|251|2017-05-28
P1,251,Brooks Women's Ghost 6 Running Shoe,2017-06-04,17,112.0,1165,194,C,1,P1|251|2017-06-04
P1,251,Brooks Women's Ghost 6 Running Shoe,2017-06-11,6,95.0,1165,318,C,1,P1|251|2017-06-11
P1,251,Brooks Women's Ghost 6 Running Shoe,2017-06-18,27,89.0,1165,374,C,1,P1|251|2017-06-18
P1,251,Brooks Women's Ghost 6 Running Shoe,2017-06-25,5,62.0,1165,191,C,1,P1|251|2017-06-25
P1,251,Brooks Women's Ghost 6 Running Shoe,2017-07-02,10,57.0,1165,262,C,1,P1|251|2017-07-02
P1,251,Brooks Women's Ghost 6 Running Shoe,2017-07-09,6,47.0,1165,186,C,1,P1|251|2017-07-09
P1,251,Brooks Women's Ghost 6 Running Shoe,2017-07-16,4,41.0,1165,225,C,1,P1|251|2017-07-16
P1,251,Brooks Women's Ghost 6 Running Shoe,2017-07-23,8,37.0,1165,174,C,1,P1|251|2017-07-23
P1,251,Brooks Women's Ghost 6 Running Shoe,2017-07-30,19,29.0,1165,180,C,1,P1|251|2017-07-30
P1,251,Brooks Women's Ghost 6 Running Shoe,2017-08-06,7,10.0,1165,258,C,1,P1|251|2017-08-06
P1,251,Brooks Women's Ghost 6 Running Shoe,2017-08-13,4,3.0,1165,205,C,1,P1|251|2017-08-13
P1,251,Brooks Women's Ghost 6 Running Shoe,2017-08-20,14,32.0,1165,230,C,1,P1|251|2017-08-20
P1,251,Brooks Women's Ghost 6 Running Shoe,2017-08-27,12,18.0,1165,173,C,1,P1|251|2017-08-27
P1,251,Brooks Women's Ghost 6 Running Shoe,2017-09-03,19,6.0,1165,124,C,1,P1|251|2017-09-03
P1,251,Brooks Women's Ghost 6 Running Shoe,2017-09-10,7,0.0,1165,199,C,1,P1|251|2017-09-10
P1,258,Nike Women's Free 5.0 TR FIT PRT 4 Training S,2017-04-30,10,154.0,1165,226,C,1,P1|258|2017-04-30
P1,258,Nike Women's Free 5.0 TR FIT PRT 4 Training S,2017-05-07,5,144.0,1165,210,C,1,P1|258|2017-05-07
P1,258,Nike Women's Free 5.0 TR FIT PRT 4 Training S,2017-05-14,10,139.0,1165,268,C,1,P1|258|2017-05-14
P1,258,Nike Women's Free 5.0 TR FIT PRT 4 Training S,2017-05-21,3,129.0,1165,226,C,1,P1|258|2017-05-21
P1,258,Nike Women's Free 5.0 TR FIT PRT 4 Training S,2017-05-28,8,126.0,1165,213,C,1,P1|258|2017-05-28
P1,258,Nike Women's Free 5.0 TR FIT PRT 4 Training S,2017-06-04,6,118.0,1165,194,C,1,P1|258|2017-06-04
P1,258,Nike Women's Free 5.0 TR FIT PRT 4 Training S,2017-06-11,14,112.0,1165,318,C,1,P1|258|2017-06-11
P1,258,Nike Women's Free 5.0 TR FIT PRT 4 Training S,2017-06-18,13,98.0,1165,374,C,1,P1|258|2017-06-18
P1,258,Nike Women's Free 5.0 TR FIT PRT 4 Training S,2017-06-25,4,85.0,1165,191,C,1,P1|258|2017-06-25
P1,258,Nike Women's Free 5.0 TR FIT PRT 4 Training S,2017-07-02,8,81.0,1165,262,C,1,P1|258|2017-07-02
P1,258,Nike Women's Free 5.0 TR FIT PRT 4 Training S,2017-07-09,9,73.0,1165,186,C,1,P1|258|2017-07-09
P1,258,Nike Women's Free 5.0 TR FIT PRT 4 Training S,2017-07-16,7,64.0,1165,225,C,1,P1|258|2017-07-16
P1,258,Nike Women's Free 5.0 TR FIT PRT 4 Training S,2017-07-23,10,57.0,1165,174,C,1,P1|258|2017-07-23
P1,258,Nike Women's Free 5.0 TR FIT PRT 4 Training S,2017-07-30,13,47.0,1165,180,C,1,P1|258|2017-07-30
P1,258,Nike Women's Free 5.0 TR FIT PRT 4 Training S,2017-08-06,7,34.0,1165,258,C,1,P1|258|2017-08-06
P1,258,Nike Women's Free 5.0 TR FIT PRT 4 Training S,2017-08-13,17,27.0,1165,205,C,1,P1|258|2017-08-13
P1,258,Nike Women's Free 5.0 TR FIT PRT 4 Training S,2017-08-20,17,31.0,1165,230,C,1,P1|258|2017-08-20
P1,258,Nike Women's Free 5.0 TR FIT PRT 4 Training S,2017-08-27,13,14.0,1165,173,C,1,P1|258|2017-08-27
P1,258,Nike Women's Free 5.0 TR FIT PRT 4 Training S,2017-09-03,8,1.0,1165,124,C,1,P1|258|2017-09-03
P1,258,Nike Women's Free 5.0 TR FIT PRT 4 Training S,2017-09-10,24,0.0,1165,199,C,1,P1|258|2017-09-10
P1,273,Under Armour Kids' Mercenary Slide,2017-01-01,7,0.0,1165,263,C,1,P1|273|2017-01-01
P1,273,Under Armour Kids' Mercenary Slide,2017-01-08,10,20.0,1165,150,C,1,P1|273|2017-01-08
P1,273,Under Armour Kids' Mercenary Slide,2017-01-15,5,10.0,1165,223,C,1,P1|273|2017-01-15
P1,273,Under Armour Kids' Mercenary Slide,2017-01-22,3,5.0,1165,96,C,1,P1|273|2017-01-22
P1,273,Under Armour Kids' Mercenary Slide,2017-01-29,6,2.0,1165,225,C,1,P1|273|2017-01-29
P1,273,Under Armour Kids' Mercenary Slide,2017-02-05,4,20.0,1165,169,C,1,P1|273|2017-02-05
P1,273,Under Armour Kids' Mercenary Slide,2017-02-12,2,16.0,1165,250,C,1,P1|273|2017-02-12
P1,273,Under Armour Kids' Mercenary Slide,2017-02-19,4,14.0,1165,166,C,1,P1|273|2017-02-19
P1,273,Under Armour Kids' Mercenary Slide,2017-02-26,9,10.0,1165,14,C,1,P1|273|2017-02-26
P1,273,Under Armour Kids' Mercenary Slide,2017-03-05,11,20.0,1165,215,C,1,P1|273|2017-03-05
P1,273,Under Armour Kids' Mercenary Slide,2017-03-12,2,9.0,1165,212,C,1,P1|273|2017-03-12
P1,273,Under Armour Kids' Mercenary Slide,2017-03-19,0,7.0,1165,122,C,1,P1|273|2017-03-19
P1,273,Under Armour Kids' Mercenary Slide,2017-03-26,7,7.0,1165,235,C,1,P1|273|2017-03-26
P1,273,Under Armour Kids' Mercenary Slide,2017-04-02,5,20.0,1165,253,C,1,P1|273|2017-04-02
P1,273,Under Armour Kids' Mercenary Slide,2017-04-09,8,15.0,1165,224,C,1,P1|273|2017-04-09
P1,273,Under Armour Kids' Mercenary Slide,2017-04-16,6,7.0,1165,237,C,1,P1|273|2017-04-16
P1,273,Under Armour Kids' Mercenary Slide,2017-04-23,10,1.0,1165,108,C,1,P1|273|2017-04-23
P1,276,Under Armour Women's Ignite Slide,2017-01-01,0,33.0,1165,263,B,2,P1|276|2017-01-01
P1,276,Under Armour Women's Ignite Slide,2017-01-08,3,33.0,1165,150,B,2,P1|276|2017-01-08
P1,276,Under Armour Women's Ignite Slide,2017-01-15,3,30.0,1165,223,B,2,P1|276|2017-01-15
P1,276,Under Armour Women's Ignite Slide,2017-01-22,3,27.0,1165,96,B,2,P1|276|2017-01-22
P1,276,Under Armour Women's Ignite Slide,2017-01-29,0,33.0,1165,225,B,2,P1|276|2017-01-29
P1,276,Under Armour Women's Ignite Slide,2017-02-05,0,33.0,1165,169,B,2,P1|276|2017-02-05
P1,276,Under Armour Women's Ignite Slide,2017-02-12,0,33.0,1165,250,B,2,P1|276|2017-02-12
P1,276,Under Armour Women's Ignite Slide,2017-02-19,11,33.0,1165,166,B,2,P1|276|2017-02-19
P1,276,Under Armour Women's Ignite Slide,2017-02-26,7,33.0,1165,14,B,2,P1|276|2017-02-26
P1,276,Under Armour Women's Ignite Slide,2017-03-05,8,26.0,1165,215,B,2,P1|276|2017-03-05
P1,276,Under Armour Women's Ignite Slide,2017-03-12,10,18.0,1165,212,B,2,P1|276|2017-03-12
P1,276,Under Armour Women's Ignite Slide,2017-03-19,9,8.0,1165,122,B,2,P1|276|2017-03-19
P1,276,Under Armour Women's Ignite Slide,2017-03-26,2,33.0,1165,235,B,2,P1|276|2017-03-26
P1,276,Under Armour Women's Ignite Slide,2017-04-02,12,31.0,1165,253,B,2,P1|276|2017-04-02
P1,276,Under Armour Women's Ignite Slide,2017-04-09,10,19.0,1165,224,B,2,P1|276|2017-04-09
P1,276,Under Armour Women's Ignite Slide,2017-04-16,6,9.0,1165,237,B,2,P1|276|2017-04-16
P1,276,Under Armour Women's Ignite Slide,2017-04-23,2,33.0,1165,108,B,2,P1|276|2017-04-23
P1,278,Under Armour Men's Compression EV SL Slide,2017-01-01,4,20.0,1165,263,C,1,P1|278|2017-01-01
P1,278,Under Armour Men's Compression EV SL Slide,2017-01-08,7,16.0,1165,150,C,1,P1|278|2017-01-08
P1,278,Under Armour Men's Compression EV SL Slide,2017-01-15,0,9.0,1165,223,C,1,P1|278|2017-01-15
P1,278,Under Armour Men's Compression EV SL Slide,2017-01-22,7,9.0,1165,96,C,1,P1|278|2017-01-22
P1,278,Under Armour Men's Compression EV SL Slide,2017-01-29,8,20.0,1165,225,C,1,P1|278|2017-01-29
P1,278,Under Armour Men's Compression EV SL Slide,2017-02-05,0,12.0,1165,169,C,1,P1|278|2017-02-05
P1,278,Under Armour Men's Compression EV SL Slide,2017-02-12,3,12.0,1165,250,C,1,P1|278|2017-02-12
P1,278,Under Armour Men's Compression EV SL Slide,2017-02-19,1,9.0,1165,166,C,1,P1|278|2017-02-19
P1,278,Under Armour Men's Compression EV SL Slide,2017-02-26,11,20.0,1165,14,C,1,P1|278|2017-02-26
P1,278,Under Armour Men's Compression EV SL Slide,2017-03-05,3,9.0,1165,215,C,1,P1|278|2017-03-05
P1,278,Under Armour Men's Compression EV SL Slide,2017-03-12,5,6.0,1165,212,C,1,P1|278|2017-03-12
P1,278,Under Armour Men's Compression EV SL Slide,2017-03-19,12,1.0,1165,122,C,1,P1|278|2017-03-19
P1,278,Under Armour Men's Compression EV SL Slide,2017-03-26,2,20.0,1165,235,C,1,P1|278|2017-03-26
P1,278,Under Armour Men's Compression EV SL Slide,2017-04-02,11,18.0,1165,253,C,1,P1|278|2017-04-02
P1,278,Under Armour Men's Compression EV SL Slide,2017-04-09,8,7.0,1165,224,C,1,P1|278|2017-04-09
P1,278,Under Armour Men's Compression EV SL Slide,2017-04-16,6,0.0,1165,237,C,1,P1|278|2017-04-16
P1,278,Under Armour Men's Compression EV SL Slide,2017-04-23,3,20.0,1165,108,C,1,P1|278|2017-04-23
P1,282,Under Armour Women's Ignite PIP VI Slide,2017-01-01,3,0.0,1165,263,C,1,P1|282|2017-01-01
P1,282,Under Armour Women's Ignite PIP VI Slide,2017-01-08,6,21.0,1165,150,C,1,P1|282|2017-01-08
P1,282,Under Armour Women's Ignite PIP VI Slide,2017-01-15,5,15.0,1165,223,C,1,P1|282|2017-01-15
P1,282,Under Armour Women's Ignite PIP VI Slide,2017-01-22,0,10.0,1165,96,C,1,P1|282|2017-01-22
P1,282,Under Armour Women's Ignite PIP VI Slide,2017-01-29,9,10.0,1165,225,C,1,P1|282|2017-01-29
P1,282,Under Armour Women's Ignite PIP VI Slide,2017-02-05,7,21.0,1165,169,C,1,P1|282|2017-02-05
P1,282,Under Armour Women's Ignite PIP VI Slide,2017-02-12,12,14.0,1165,250,C,1,P1|282|2017-02-12
P1,282,Under Armour Women's Ignite PIP VI Slide,2017-02-19,6,2.0,1165,166,C,1,P1|282|2017-02-19
P1,282,Under Armour Women's Ignite PIP VI Slide,2017-02-26,8,0.0,1165,14,C,1,P1|282|2017-02-26
P1,282,Under Armour Women's Ignite PIP VI Slide,2017-03-05,0,21.0,1165,215,C,1,P1|282|2017-03-05
P1,282,Under Armour Women's Ignite PIP VI Slide,2017-03-12,4,21.0,1165,212,C,1,P1|282|2017-03-12
P1,282,Under Armour Women's Ignite PIP VI Slide,2017-03-19,4,17.0,1165,122,C,1,P1|282|2017-03-19
P1,282,Under Armour Women's Ignite PIP VI Slide,2017-03-26,7,13.0,1165,235,C,1,P1|282|2017-03-26
P1,282,Under Armour Women's Ignite PIP VI Slide,2017-04-02,1,21.0,1165,253,C,1,P1|282|2017-04-02
P1,282,Under Armour Women's Ignite PIP VI Slide,2017-04-09,4,20.0,1165,224,C,1,P1|282|2017-04-09
P1,282,Under Armour Women's Ignite PIP VI Slide,2017-04-16,9,16.0,1165,237,C,1,P1|282|2017-04-16
P1,282,Under Armour Women's Ignite PIP VI Slide,2017-04-23,10,7.0,1165,108,C,1,P1|282|2017-04-23
P1,359,Nike Men's Free TR 5.0 TB Training Shoe,2017-04-30,9,154.0,1165,226,C,1,P1|359|2017-04-30
P1,359,Nike Men's Free TR 5.0 TB Training Shoe,2017-05-07,17,145.0,1165,210,C,1,P1|359|2017-05-07
P1,359,Nike Men's Free TR 5.0 TB Training Shoe,2017-05-14,4,128.0,1165,268,C,1,P1|359|2017-05-14
P1,359,Nike Men's Free TR 5.0 TB Training Shoe,2017-05-21,14,124.0,1165,226,C,1,P1|359|2017-05-21
P1,359,Nike Men's Free TR 5.0 TB Training Shoe,2017-05-28,6,110.0,1165,213,C,1,P1|359|2017-05-28
P1,359,Nike Men's Free TR 5.0 TB Training Shoe,2017-06-04,12,104.0,1165,194,C,1,P1|359|2017-06-04
P1,359,Nike Men's Free TR 5.0 TB Training Shoe,2017-06-11,11,92.0,1165,318,C,1,P1|359|2017-06-11
P1,359,Nike Men's Free TR 5.0 TB Training Shoe,2017-06-18,3,81.0,1165,374,C,1,P1|359|2017-06-18
P1,359,Nike Men's Free TR 5.0 TB Training Shoe,2017-06-25,8,78.0,1165,191,C,1,P1|359|2017-06-25
P1,359,Nike Men's Free TR 5.0 TB Training Shoe,2017-07-02,16,70.0,1165,262,C,1,P1|359|2017-07-02
P1,359,Nike Men's Free TR 5.0 TB Training Shoe,2017-07-09,8,54.0,1165,186,C,1,P1|359|2017-07-09
P1,359,Nike Men's Free TR 5.0 TB Training Shoe,2017-07-16,16,46.0,1165,225,C,1,P1|359|2017-07-16
P1,359,Nike Men's Free TR 5.0 TB Training Shoe,2017-07-23,9,31.0,1165,174,C,1,P1|359|2017-07-23
P1,359,Nike Men's Free TR 5.0 TB Training Shoe,2017-07-30,15,22.0,1165,180,C,1,P1|359|2017-07-30
P1,359,Nike Men's Free TR 5.0 TB Training Shoe,2017-08-06,16,7.0,1165,258,C,1,P1|359|2017-08-06
P1,359,Nike Men's Free TR 5.0 TB Training Shoe,2017-08-13,3,0.0,1165,205,C,1,P1|359|2017-08-13
P1,359,Nike Men's Free TR 5.0 TB Training Shoe,2017-08-20,8,31.0,1165,230,C,1,P1|359|2017-08-20
P1,359,Nike Men's Free TR 5.0 TB Training Shoe,2017-08-27,14,23.0,1165,173,C,1,P1|359|2017-08-27
P1,359,Nike Men's Free TR 5.0 TB Training Shoe,2017-09-03,13,9.0,1165,124,C,1,P1|359|2017-09-03
P1,359,Nike Men's Free TR 5.0 TB Training Shoe,2017-09-10,4,0.0,1165,199,C,1,P1|359|2017-09-10
P1,364,Total Gym 1400,2017-09-17,18,180.0,1165,245,C,1,P1|364|2017-09-17
P1,364,Total Gym 1400,2017-09-24,11,162.0,1165,270,C,1,P1|364|2017-09-24
P1,364,Total Gym 1400,2017-10-01,7,151.0,1165,225,C,1,P1|364|2017-10-01
P1,365,Perfect Fitness Perfect Rip Deck,2017-01-01,480,3267.0,1165,263,A,3,P1|365|2017-01-01
P1,365,Perfect Fitness Perfect Rip Deck,2017-01-08,495,2787.0,1165,150,A,3,P1|365|2017-01-08
P1,365,Perfect Fitness Perfect Rip Deck,2017-01-15,506,2292.0,1165,223,A,3,P1|365|2017-01-15
P1,365,Perfect Fitness Perfect Rip Deck,2017-01-22,585,1786.0,1165,96,A,3,P1|365|2017-01-22
P1,365,Perfect Fitness Perfect Rip Deck,2017-01-29,489,3267.0,1165,225,A,3,P1|365|2017-01-29
P1,365,Perfect Fitness Perfect Rip Deck,2017-02-05,502,2778.0,1165,169,A,3,P1|365|2017-02-05
P1,365,Perfect Fitness Perfect Rip Deck,2017-02-12,487,2276.0,1165,250,A,3,P1|365|2017-02-12
P1,365,Perfect Fitness Perfect Rip Deck,2017-02-19,558,1789.0,1165,166,A,3,P1|365|2017-02-19
P1,365,Perfect Fitness Perfect Rip Deck,2017-02-26,587,3267.0,1165,14,A,3,P1|365|2017-02-26
P1,365,Perfect Fitness Perfect Rip Deck,2017-03-05,510,2680.0,1165,215,A,3,P1|365|2017-03-05
P1,365,Perfect Fitness Perfect Rip Deck,2017-03-12,527,2170.0,1165,212,A,3,P1|365|2017-03-12
P1,365,Perfect Fitness Perfect Rip Deck,2017-03-19,579,1643.0,1165,122,A,3,P1|365|2017-03-19
P1,365,Perfect Fitness Perfect Rip Deck,2017-03-26,442,3267.0,1165,235,A,3,P1|365|2017-03-26
P1,365,Perfect Fitness Perfect Rip Deck,2017-04-02,447,2825.0,1165,253,A,3,P1|365|2017-04-02
P1,365,Perfect Fitness Perfect Rip Deck,2017-04-09,514,2378.0,1165,224,A,3,P1|365|2017-04-09
P1,365,Perfect Fitness Perfect Rip Deck,2017-04-16,469,1864.0,1165,237,A,3,P1|365|2017-04-16
P1,365,Perfect Fitness Perfect Rip Deck,2017-04-23,565,3267.0,1165,108,A,3,P1|365|2017-04-23
P1,365,Perfect Fitness Perfect Rip Deck,2017-04-30,526,2702.0,1165,226,A,3,P1|365|2017-04-30
P1,365,Perfect Fitness Perfect Rip Deck,2017-05-07,500,2176.0,1165,210,A,3,P1|365|2017-05-07
P1,365,Perfect Fitness Perfect Rip Deck,2017-05-14,441,1676.0,1165,268,A,3,P1|365|2017-05-14
P1,365,Perfect Fitness Perfect Rip Deck,2017-05-21,514,3267.0,1165,226,A,3,P1|365|2017-05-21
P1,365,Perfect Fitness Perfect Rip Deck,2017-05-28,537,2753.0,1165,213,A,3,P1|365|2017-05-28
P1,365,Perfect Fitness Perfect Rip Deck,2017-06-04,490,2216.0,1165,194,A,3,P1|365|2017-06-04
P1,365,Perfect Fitness Perfect Rip Deck,2017-06-11,448,1726.0,1165,318,A,3,P1|365|2017-06-11
P1,365,Perfect Fitness Perfect Rip Deck,2017-06-18,393,3267.0,1165,374,A,3,P1|365|2017-06-18
P1,365,Perfect Fitness Perfect Rip Deck,2017-06-25,505,2874.0,1165,191,A,3,P1|365|2017-06-25
P1,365,Perfect Fitness Perfect Rip Deck,2017-07-02,493,2369.0,1165,262,A,3,P1|365|2017-07-02
P1,365,Perfect Fitness Perfect Rip Deck,2017-07-09,551,1876.0,1165,186,A,3,P1|365|2017-07-09
P1,365,Perfect Fitness Perfect Rip Deck,2017-07-16,524,3267.0,1165,225,A,3,P1|365|2017-07-16
P1,365,Perfect Fitness Perfect Rip Deck,2017-07-23,506,2743.0,1165,174,A,3,P1|365|2017-07-23
P1,365,Perfect Fitness Perfect Rip Deck,2017-07-30,508,2237.0,1165,180,A,3,P1|365|2017-07-30
P1,365,Perfect Fitness Perfect Rip Deck,2017-08-06,474,1729.0,1165,258,A,3,P1|365|2017-08-06
P1,365,Perfect Fitness Perfect Rip Deck,2017-08-13,516,3267.0,1165,205,A,3,P1|365|2017-08-13
P1,365,Perfect Fitness Perfect Rip Deck,2017-08-20,485,2751.0,1165,230,A,3,P1|365|2017-08-20
P1,365,Perfect Fitness Perfect Rip Deck,2017-08-27,547,2266.0,1165,173,A,3,P1|365|2017-08-27
P1,365,Perfect Fitness Perfect Rip Deck,2017-09-03,590,1719.0,1165,124,A,3,P1|365|2017-09-03
P1,365,Perfect Fitness Perfect Rip Deck,2017-09-10,491,3267.0,1165,199,A,3,P1|365|2017-09-10
P1,365,Perfect Fitness Perfect Rip Deck,2017-09-17,491,2776.0,1165,245,A,3,P1|365|2017-09-17
P1,365,Perfect Fitness Perfect Rip Deck,2017-09-24,446,2285.0,1165,270,A,3,P1|365|2017-09-24
P1,365,Perfect Fitness Perfect Rip Deck,2017-10-01,478,1839.0,1165,225,A,3,P1|365|2017-10-01
P1,365,Perfect Fitness Perfect Rip Deck,2017-10-08,34,3267.0,1165,1017,A,3,P1|365|2017-10-08
P1,403,Nike Men's CJ Elite 2 TD Football Cleat,2017-01-01,173,658.0,1165,263,B,2,P1|403|2017-01-01
P1,403,Nike Men's CJ Elite 2 TD Football Cleat,2017-01-08,172,485.0,1165,150,B,2,P1|403|2017-01-08
P1,403,Nike Men's CJ Elite 2 TD Football Cleat,2017-01-15,141,313.0,1165,223,B,2,P1|403|2017-01-15
P1,403,Nike Men's CJ Elite 2 TD Football Cleat,2017-01-22,141,172.0,1165,96,B,2,P1|403|2017-01-22
P1,403,Nike Men's CJ Elite 2 TD Football Cleat,2017-01-29,150,658.0,1165,225,B,2,P1|403|2017-01-29
P1,403,Nike Men's CJ Elite 2 TD Football Cleat,2017-02-05,153,508.0,1165,169,B,2,P1|403|2017-02-05
P1,403,Nike Men's CJ Elite 2 TD Football Cleat,2017-02-12,129,355.0,1165,250,B,2,P1|403|2017-02-12
P1,403,Nike Men's CJ Elite 2 TD Football Cleat,2017-02-19,124,226.0,1165,166,B,2,P1|403|2017-02-19
P1,403,Nike Men's CJ Elite 2 TD Football Cleat,2017-02-26,169,658.0,1165,14,B,2,P1|403|2017-02-26
P1,403,Nike Men's CJ Elite 2 TD Football Cleat,2017-03-05,147,489.0,1165,215,B,2,P1|403|2017-03-05
P1,403,Nike Men's CJ Elite 2 TD Football Cleat,2017-03-12,163,342.0,1165,212,B,2,P1|403|2017-03-12
P1,403,Nike Men's CJ Elite 2 TD Football Cleat,2017-03-19,153,179.0,1165,122,B,2,P1|403|2017-03-19
P1,403,Nike Men's CJ Elite 2 TD Football Cleat,2017-03-26,175,658.0,1165,235,B,2,P1|403|2017-03-26
P1,403,Nike Men's CJ Elite 2 TD Football Cleat,2017-04-02,172,483.0,1165,253,B,2,P1|403|2017-04-02
P1,403,Nike Men's CJ Elite 2 TD Football Cleat,2017-04-09,157,311.0,1165,224,B,2,P1|403|2017-04-09
P1,403,Nike Men's CJ Elite 2 TD Football Cleat,2017-04-16,157,154.0,1165,237,B,2,P1|403|2017-04-16
P1,403,Nike Men's CJ Elite 2 TD Football Cleat,2017-04-23,160,658.0,1165,108,B,2,P1|403|2017-04-23
P1,403,Nike Men's CJ Elite 2 TD Football Cleat,2017-04-30,148,498.0,1165,226,B,2,P1|403|2017-04-30
P1,403,Nike Men's CJ Elite 2 TD Football Cleat,2017-05-07,176,350.0,1165,210,B,2,P1|403|2017-05-07
P1,403,Nike Men's CJ Elite 2 TD Football Cleat,2017-05-14,178,174.0,1165,268,B,2,P1|403|2017-05-14
P1,403,Nike Men's CJ Elite 2 TD Football Cleat,2017-05-21,151,658.0,1165,226,B,2,P1|403|2017-05-21
P1,403,Nike Men's CJ Elite 2 TD Football Cleat,2017-05-28,157,507.0,1165,213,B,2,P1|403|2017-05-28
P1,403,Nike Men's CJ Elite 2 TD Football Cleat,2017-06-04,197,350.0,1165,194,B,2,P1|403|2017-06-04
P1,403,Nike Men's CJ Elite 2 TD Football Cleat,2017-06-11,159,153.0,1165,318,B,2,P1|403|2017-06-11
P1,403,Nike Men's CJ Elite 2 TD Football Cleat,2017-06-18,145,658.0,1165,374,B,2,P1|403|2017-06-18
P1,403,Nike Men's CJ Elite 2 TD Football Cleat,2017-06-25,170,513.0,1165,191,B,2,P1|403|2017-06-25
P1,403,Nike Men's CJ Elite 2 TD Football Cleat,2017-07-02,130,343.0,1165,262,B,2,P1|403|2017-07-02
P1,403,Nike Men's CJ Elite 2 TD Football Cleat,2017-07-09,166,213.0,1165,186,B,2,P1|403|2017-07-09
P1,403,Nike Men's CJ Elite 2 TD Football Cleat,2017-07-16,154,658.0,1165,225,B,2,P1|403|2017-07-16
P1,403,Nike Men's CJ Elite 2 TD Football Cleat,2017-07-23,162,504.0,1165,174,B,2,P1|403|2017-07-23
P1,403,Nike Men's CJ Elite 2 TD Football Cleat,2017-07-30,147,342.0,1165,180,B,2,P1|403|2017-07-30
P1,403,Nike Men's CJ Elite 2 TD Football Cleat,2017-08-06,167,195.0,1165,258,B,2,P1|403|2017-08-06
P1,403,Nike Men's CJ Elite 2 TD Football Cleat,2017-08-13,165,658.0,1165,205,B,2,P1|403|2017-08-13
P1,403,Nike Men's CJ Elite 2 TD Football Cleat,2017-08-20,153,493.0,1165,230,B,2,P1|403|2017-08-20
P1,403,Nike Men's CJ Elite 2 TD Football Cleat,2017-08-27,156,340.0,1165,173,B,2,P1|403|2017-08-27
P1,403,Nike Men's CJ Elite 2 TD Football Cleat,2017-09-03,133,184.0,1165,124,B,2,P1|403|2017-09-03
P1,403,Nike Men's CJ Elite 2 TD Football Cleat,2017-09-10,149,658.0,1165,199,B,2,P1|403|2017-09-10
P1,403,Nike Men's CJ Elite 2 TD Football Cleat,2017-09-17,177,509.0,1165,245,B,2,P1|403|2017-09-17
P1,403,Nike Men's CJ Elite 2 TD Football Cleat,2017-09-24,145,332.0,1165,270,B,2,P1|403|2017-09-24
P1,403,Nike Men's CJ Elite 2 TD Football Cleat,2017-10-01,148,187.0,1165,225,B,2,P1|403|2017-10-01
P1,403,Nike Men's CJ Elite 2 TD Football Cleat,2017-10-08,9,658.0,1165,1017,B,2,P1|403|2017-10-08
P1,1347,Baby sweater,2017-10-08,82,259.0,1165,1017,C,1,P1|1347|2017-10-08
P1,1347,Baby sweater,2017-10-15,0,177.0,1165,1165,C,1,P1|1347|2017-10-15
P1,1347,Baby sweater,2017-10-22,0,177.0,1165,860,C,1,P1|1347|2017-10-22
P1,1347,Baby sweater,2017-10-29,0,177.0,1165,948,C,1,P1|1347|2017-10-29
P1,1347,Baby sweater,2017-11-05,0,177.0,1165,1058,C,1,P1|1347|2017-11-05
P1,1347,Baby sweater,2017-11-12,0,177.0,1165,1041,C,1,P1|1347|2017-11-12
P1,1347,Baby sweater,2017-11-19,0,177.0,1165,1165,C,1,P1|1347|2017-11-19
P1,1347,Baby sweater,2017-11-26,0,177.0,1165,988,C,1,P1|1347|2017-11-26
P1,1347,Baby sweater,2017-12-03,0,177.0,1165,1165,C,1,P1|1347|2017-12-03
P1,1347,Baby sweater,2017-12-10,0,177.0,1165,1165,C,1,P1|1347|2017-12-10
P1,1347,Baby sweater,2017-12-17,51,177.0,1165,842,C,1,P1|1347|2017-12-17
P1,1347,Baby sweater,2017-12-24,74,126.0,1165,961,C,1,P1|1347|2017-12-24
P1,1350,Children's heaters,2017-10-22,305,978.0,1165,860,C,1,P1|1350|2017-10-22
P1,1350,Children's heaters,2017-10-29,217,673.0,1165,948,C,1,P1|1350|2017-10-29
P1,1350,Children's heaters,2017-11-05,0,456.0,1165,1058,C,1,P1|1350|2017-11-05
P1,1350,Children's heaters,2017-11-12,0,456.0,1165,1041,C,1,P1|1350|2017-11-12
P1,1350,Children's heaters,2017-11-19,0,456.0,1165,1165,C,1,P1|1350|2017-11-19
P1,1350,Children's heaters,2017-11-26,0,456.0,1165,988,C,1,P1|1350|2017-11-26
P1,1350,Children's heaters,2017-12-03,0,456.0,1165,1165,C,1,P1|1350|2017-12-03
P1,1350,Children's heaters,2017-12-10,0,456.0,1165,1165,C,1,P1|1350|2017-12-10
P1,1350,Children's heaters,2017-12-17,0,456.0,1165,842,C,1,P1|1350|2017-12-17
P1,1350,Children's heaters,2017-12-24,130,456.0,1165,961,C,1,P1|1350|2017-12-24
P1,1353,Porcelain crafts,2017-11-05,107,807.0,1165,1058,C,1,P1|1353|2017-11-05
P1,1353,Porcelain crafts,2017-11-12,124,700.0,1165,1041,C,1,P1|1353|2017-11-12
P1,1353,Porcelain crafts,2017-11-19,0,576.0,1165,1165,C,1,P1|1353|2017-11-19
P1,1353,Porcelain crafts,2017-11-26,0,576.0,1165,988,C,1,P1|1353|2017-11-26
P1,1353,Porcelain crafts,2017-12-03,0,576.0,1165,1165,C,1,P1|1353|2017-12-03
P1,1353,Porcelain crafts,2017-12-10,0,576.0,1165,1165,C,1,P1|1353|2017-12-10
P1,1353,Porcelain crafts,2017-12-17,0,576.0,1165,842,C,1,P1|1353|2017-12-17
P1,1353,Porcelain crafts,2017-12-24,0,576.0,1165,961,C,1,P1|1353|2017-12-24
P1,1353,Porcelain crafts,2017-12-31,253,576.0,1165,912,C,1,P1|1353|2017-12-31
P1,1357,Men's gala suit,2017-11-26,177,446.0,1165,988,C,1,P1|1357|2017-11-26
P1,1357,Men's gala suit,2017-12-03,0,269.0,1165,1165,C,1,P1|1357|2017-12-03
P1,1357,Men's gala suit,2017-12-10,0,269.0,1165,1165,C,1,P1|1357|2017-12-10
P1,1357,Men's gala suit,2017-12-17,0,269.0,1165,842,C,1,P1|1357|2017-12-17
P1,1357,Men's gala suit,2017-12-24,0,269.0,1165,961,C,1,P1|1357|2017-12-24
P1,1357,Men's gala suit,2017-12-31,0,269.0,1165,912,C,1,P1|1357|2017-12-31
P1,1363,Summer dresses,2017-12-17,272,1219.0,1165,842,C,1,P1|1363|2017-12-17
P1,1363,Summer dresses,2017-12-24,0,947.0,1165,961,C,1,P1|1363|2017-12-24
P1,1363,Summer dresses,2017-12-31,0,947.0,1165,912,C,1,P1|1363|2017-12-31
P2,19,Nike Men's Fingertrap Max Training Shoe,2017-04-30,2,48.0,1083,285,C,1,P2|19|2017-04-30
P2,19,Nike Men's Fingertrap Max Training Shoe,2017-05-07,3,46.0,1083,287,C,1,P2|19|2017-05-07
P2,19,Nike Men's Fingertrap Max Training Shoe,2017-05-14,1,43.0,1083,277,C,1,P2|19|2017-05-14
P2,19,Nike Men's Fingertrap Max Training Shoe,2017-05-21,3,42.0,1083,262,C,1,P2|19|2017-05-21
P2,19,Nike Men's Fingertrap Max Training Shoe,2017-05-28,6,39.0,1083,329,C,1,P2|19|2017-05-28
P2,19,Nike Men's Fingertrap Max Training Shoe,2017-06-04,3,33.0,1083,237,C,1,P2|19|2017-06-04
P2,19,Nike Men's Fingertrap Max Training Shoe,2017-06-11,2,30.0,1083,307,C,1,P2|19|2017-06-11
P2,19,Nike Men's Fingertrap Max Training Shoe,2017-06-18,2,28.0,1083,317,C,1,P2|19|2017-06-18
P2,19,Nike Men's Fingertrap Max Training Shoe,2017-06-25,2,26.0,1083,224,C,1,P2|19|2017-06-25
P2,19,Nike Men's Fingertrap Max Training Shoe,2017-07-02,7,24.0,1083,207,C,1,P2|19|2017-07-02
P2,19,Nike Men's Fingertrap Max Training Shoe,2017-07-09,2,17.0,1083,290,C,1,P2|19|2017-07-09
P2,19,Nike Men's Fingertrap Max Training Shoe,2017-07-16,3,15.0,1083,359,C,1,P2|19|2017-07-16
P2,19,Nike Men's Fingertrap Max Training Shoe,2017-07-23,4,12.0,1083,226,C,1,P2|19|2017-07-23
P2,19,Nike Men's Fingertrap Max Training Shoe,2017-07-30,3,8.0,1083,322,C,1,P2|19|2017-07-30
P2,19,Nike Men's Fingertrap Max Training Shoe,2017-08-06,2,5.0,1083,212,C,1,P2|19|2017-08-06
P2,19,Nike Men's Fingertrap Max Training Shoe,2017-08-13,1,3.0,1083,309,C,1,P2|19|2017-08-13
P2,19,Nike Men's Fingertrap Max Training Shoe,2017-08-20,6,10.0,1083,291,C,1,P2|19|2017-08-20
P2,19,Nike Men's Fingertrap Max Training Shoe,2017-08-27,4,4.0,1083,270,C,1,P2|19|2017-08-27
P2,19,Nike Men's Fingertrap Max Training Shoe,2017-09-03,5,0.0,1083,226,C,1,P2|19|2017-09-03
P2,19,Nike Men's Fingertrap Max Training Shoe,2017-09-10,3,0.0,1083,233,C,1,P2|19|2017-09-10
P2,24,Elevation Training Mask 2.0,2017-04-23,4,165.0,1083,180,C,1,P2|24|2017-04-23
P2,24,Elevation Training Mask 2.0,2017-04-30,8,161.0,1083,285,C,1,P2|24|2017-04-30
P2,24,Elevation Training Mask 2.0,2017-05-07,22,153.0,1083,287,C,1,P2|24|2017-05-07
P2,24,Elevation Training Mask 2.0,2017-05-14,6,131.0,1083,277,C,1,P2|24|2017-05-14
P2,24,Elevation Training Mask 2.0,2017-05-21,13,125.0,1083,262,C,1,P2|24|2017-05-21
P2,24,Elevation Training Mask 2.0,2017-05-28,16,112.0,1083,329,C,1,P2|24|2017-05-28
P2,24,Elevation Training Mask 2.0,2017-06-04,15,96.0,1083,237,C,1,P2|24|2017-06-04
P2,24,Elevation Training Mask 2.0,2017-06-11,16,81.0,1083,307,C,1,P2|24|2017-06-11
P2,24,Elevation Training Mask 2.0,2017-06-18,13,65.0,1083,317,C,1,P2|24|2017-06-18
P2,24,Elevation Training Mask 2.0,2017-06-25,18,52.0,1083,224,C,1,P2|24|2017-06-25
P2,24,Elevation Training Mask 2.0,2017-07-02,9,34.0,1083,207,C,1,P2|24|2017-07-02
P2,24,Elevation Training Mask 2.0,2017-07-09,14,25.0,1083,290,C,1,P2|24|2017-07-09
P2,24,Elevation Training Mask 2.0,2017-07-16,5,33.0,1083,359,C,1,P2|24|2017-07-16
P2,24,Elevation Training Mask 2.0,2017-07-23,8,28.0,1083,226,C,1,P2|24|2017-07-23
P2,24,Elevation Training Mask 2.0,2017-07-30,13,20.0,1083,322,C,1,P2|24|2017-07-30
P2,24,Elevation Training Mask 2.0,2017-08-06,7,7.0,1083,212,C,1,P2|24|2017-08-06
P2,24,Elevation Training Mask 2.0,2017-08-13,14,33.0,1083,309,C,1,P2|24|2017-08-13
P2,24,Elevation Training Mask 2.0,2017-08-20,7,19.0,1083,291,C,1,P2|24|2017-08-20
P2,24,Elevation Training Mask 2.0,2017-08-27,8,12.0,1083,270,C,1,P2|24|2017-08-27
P2,24,Elevation Training Mask 2.0,2017-09-03,6,4.0,1083,226,C,1,P2|24|2017-09-03
P2,24,Elevation Training Mask 2.0,2017-09-10,9,33.0,1083,233,C,1,P2|24|2017-09-10
P2,35,adidas Brazuca 2014 Official Match Ball,2017-04-30,5,46.0,1083,285,C,1,P2|35|2017-04-30
P2,35,adidas Brazuca 2014 Official Match Ball,2017-05-07,4,41.0,1083,287,C,1,P2|35|2017-05-07
P2,35,adidas Brazuca 2014 Official Match Ball,2017-05-14,2,37.0,1083,277,C,1,P2|35|2017-05-14
P2,35,adidas Brazuca 2014 Official Match Ball,2017-05-21,1,35.0,1083,262,C,1,P2|35|2017-05-21
P2,35,adidas Brazuca 2014 Official Match Ball,2017-05-28,5,34.0,1083,329,C,1,P2|35|2017-05-28
P2,35,adidas Brazuca 2014 Official Match Ball,2017-06-04,4,29.0,1083,237,C,1,P2|35|2017-06-04
P2,35,adidas Brazuca 2014 Official Match Ball,2017-06-11,2,25.0,1083,307,C,1,P2|35|2017-06-11
P2,35,adidas Brazuca 2014 Official Match Ball,2017-06-18,4,23.0,1083,317,C,1,P2|35|2017-06-18
P2,35,adidas Brazuca 2014 Official Match Ball,2017-06-25,4,19.0,1083,224,C,1,P2|35|2017-06-25
P2,35,adidas Brazuca 2014 Official Match Ball,2017-07-02,1,15.0,1083,207,C,1,P2|35|2017-07-02
P2,35,adidas Brazuca 2014 Official Match Ball,2017-07-09,2,14.0,1083,290,C,1,P2|35|2017-07-09
P2,35,adidas Brazuca 2014 Official Match Ball,2017-07-16,5,12.0,1083,359,C,1,P2|35|2017-07-16
P2,35,adidas Brazuca 2014 Official Match Ball,2017-07-23,3,9.0,1083,226,C,1,P2|35|2017-07-23
P2,35,adidas Brazuca 2014 Official Match Ball,2017-07-30,3,6.0,1083,322,C,1,P2|35|2017-07-30
P2,35,adidas Brazuca 2014 Official Match Ball,2017-08-06,3,3.0,1083,212,C,1,P2|35|2017-08-06
P2,35,adidas Brazuca 2014 Official Match Ball,2017-08-13,2,0.0,1083,309,C,1,P2|35|2017-08-13
P2,35,adidas Brazuca 2014 Official Match Ball,2017-08-20,4,9.0,1083,291,C,1,P2|35|2017-08-20
P2,35,adidas Brazuca 2014 Official Match Ball,2017-08-27,5,5.0,1083,270,C,1,P2|35|2017-08-27
P2,35,adidas Brazuca 2014 Official Match Ball,2017-09-03,3,0.0,1083,226,C,1,P2|35|2017-09-03
P2,35,adidas Brazuca 2014 Official Match Ball,2017-09-10,2,0.0,1083,233,C,1,P2|35|2017-09-10
P2,35,adidas Brazuca 2014 Official Match Ball,2017-09-17,1,9.0,1083,344,C,1,P2|35|2017-09-17
P2,37,adidas Kids' F5 Messi FG Soccer Cleat,2017-01-01,9,19.0,1083,161,C,1,P2|37|2017-01-01
P2,37,adidas Kids' F5 Messi FG Soccer Cleat,2017-01-08,6,10.0,1083,252,C,1,P2|37|2017-01-08
P2,37,adidas Kids' F5 Messi FG Soccer Cleat,2017-01-15,4,4.0,1083,105,C,1,P2|37|2017-01-15
P2,37,adidas Kids' F5 Messi FG Soccer Cleat,2017-01-22,4,0.0,1083,119,C,1,P2|37|2017-01-22
P2,37,adidas Kids' F5 Messi FG Soccer Cleat,2017-01-29,11,19.0,1083,153,C,1,P2|37|2017-01-29
P2,37,adidas Kids' F5 Messi FG Soccer Cleat,2017-02-05,12,8.0,1083,96,C,1,P2|37|2017-02-05
P2,37,adidas Kids' F5 Messi FG Soccer Cleat,2017-02-12,4,0.0,1083,122,C,1,P2|37|2017-02-12
P2,37,adidas Kids' F5 Messi FG Soccer Cleat,2017-02-19,8,0.0,1083,186,C,1,P2|37|2017-02-19
P2,37,adidas Kids' F5 Messi FG Soccer Cleat,2017-02-26,13,19.0,1083,103,C,1,P2|37|2017-02-26
P2,37,adidas Kids' F5 Messi FG Soccer Cleat,2017-03-05,17,6.0,1083,38,C,1,P2|37|2017-03-05
P2,37,adidas Kids' F5 Messi FG Soccer Cleat,2017-03-12,7,0.0,1083,93,C,1,P2|37|2017-03-12
P2,37,adidas Kids' F5 Messi FG Soccer Cleat,2017-03-19,8,0.0,1083,208,C,1,P2|37|2017-03-19
P2,37,adidas Kids' F5 Messi FG Soccer Cleat,2017-03-26,13,19.0,1083,181,C,1,P2|37|2017-03-26
P2,37,adidas Kids' F5 Messi FG Soccer Cleat,2017-04-02,3,6.0,1083,147,C,1,P2|37|2017-04-02
P2,37,adidas Kids' F5 Messi FG Soccer Cleat,2017-04-09,4,3.0,1083,160,C,1,P2|37|2017-04-09
P2,37,adidas Kids' F5 Messi FG Soccer Cleat,2017-04-16,4,0.0,1083,244,C,1,P2|37|2017-04-16
P2,37,adidas Kids' F5 Messi FG Soccer Cleat,2017-04-23,6,19.0,1083,180,C,1,P2|37|2017-04-23
P2,44,adidas Men's F10 Messi TRX FG Soccer Cleat,2017-01-01,12,16.0,1083,161,B,2,P2|44|2017-01-01
P2,44,adidas Men's F10 Messi TRX FG Soccer Cleat,2017-01-08,9,34.0,1083,252,B,2,P2|44|2017-01-08
P2,44,adidas Men's F10 Messi TRX FG Soccer Cleat,2017-01-15,4,25.0,1083,105,B,2,P2|44|2017-01-15
P2,44,adidas Men's F10 Messi TRX FG Soccer Cleat,2017-01-22,4,21.0,1083,119,B,2,P2|44|2017-01-22
P2,44,adidas Men's F10 Messi TRX FG Soccer Cleat,2017-01-29,15,17.0,1083,153,B,2,P2|44|2017-01-29
P2,44,adidas Men's F10 Messi TRX FG Soccer Cleat,2017-02-05,4,34.0,1083,96,B,2,P2|44|2017-02-05
P2,44,adidas Men's F10 Messi TRX FG Soccer Cleat,2017-02-12,5,30.0,1083,122,B,2,P2|44|2017-02-12
P2,44,adidas Men's F10 Messi TRX FG Soccer Cleat,2017-02-19,2,25.0,1083,186,B,2,P2|44|2017-02-19
P2,44,adidas Men's F10 Messi TRX FG Soccer Cleat,2017-02-26,6,23.0,1083,103,B,2,P2|44|2017-02-26
P2,44,adidas Men's F10 Messi TRX FG Soccer Cleat,2017-03-05,0,34.0,1083,38,B,2,P2|44|2017-03-05
P2,44,adidas Men's F10 Messi TRX FG Soccer Cleat,2017-03-12,9,34.0,1083,93,B,2,P2|44|2017-03-12
P2,44,adidas Men's F10 Messi TRX FG Soccer Cleat,2017-03-19,4,25.0,1083,208,B,2,P2|44|2017-03-19
P2,44,adidas Men's F10 Messi TRX FG Soccer Cleat,2017-03-26,18,21.0,1083,181,B,2,P2|44|2017-03-26
P2,44,adidas Men's F10 Messi TRX FG Soccer Cleat,2017-04-02,7,34.0,1083,147,B,2,P2|44|2017-04-02
P2,44,adidas Men's F10 Messi TRX FG Soccer Cleat,2017-04-09,16,27.0,1083,160,B,2,P2|44|2017-04-09
P2,44,adidas Men's F10 Messi TRX FG Soccer Cleat,2017-04-16,10,11.0,1083,244,B,2,P2|44|2017-04-16
P2,44,adidas Men's F10 Messi TRX FG Soccer Cleat,2017-04-23,8,1.0,1083,180,B,2,P2|44|2017-04-23
P2,58,Diamondback Boys' Insight 24 Performance Hybr,2017-09-17,14,145.0,1083,344,C,1,P2|58|2017-09-17
P2,58,Diamondback Boys' Insight 24 Performance Hybr,2017-09-24,9,131.0,1083,329,C,1,P2|58|2017-09-24
P2,58,Diamondback Boys' Insight 24 Performance Hybr,2017-10-01,6,122.0,1083,353,C,1,P2|58|2017-10-01
P2,60,SOLE E25 Elliptical,2017-10-01,7,75.0,1083,353,C,1,P2|60|2017-10-01
P2,60,SOLE E25 Elliptical,2017-10-08,3,68.0,1083,1049,C,1,P2|60|2017-10-08
P2,61,Diamondback Girls' Clarity 24 Hybrid Bike 201,2017-09-17,11,140.0,1083,344,C,1,P2|61|2017-09-17
P2,61,Diamondback Girls' Clarity 24 Hybrid Bike 201,2017-09-24,9,129.0,1083,329,C,1,P2|61|2017-09-24
P2,61,Diamondback Girls' Clarity 24 Hybrid Bike 201,2017-10-01,8,120.0,1083,353,C,1,P2|61|2017-10-01
P2,78,Nike Kids' Grade School KD VI Basketball Shoe,2017-04-30,10,140.0,1083,285,C,1,P2|78|2017-04-30
P2,78,Nike Kids' Grade School KD VI Basketball Shoe,2017-05-07,11,130.0,1083,287,C,1,P2|78|2017-05-07
P2,78,Nike Kids' Grade School KD VI Basketball Shoe,2017-05-14,6,119.0,1083,277,C,1,P2|78|2017-05-14
P2,78,Nike Kids' Grade School KD VI Basketball Shoe,2017-05-21,14,113.0,1083,262,C,1,P2|78|2017-05-21
P2,78,Nike Kids' Grade School KD VI Basketball Shoe,2017-05-28,11,99.0,1083,329,C,1,P2|78|2017-05-28
P2,78,Nike Kids' Grade School KD VI Basketball Shoe,2017-06-04,14,88.0,1083,237,C,1,P2|78|2017-06-04
P2,78,Nike Kids' Grade School KD VI Basketball Shoe,2017-06-11,8,74.0,1083,307,C,1,P2|78|2017-06-11
P2,78,Nike Kids' Grade School KD VI Basketball Shoe,2017-06-18,9,66.0,1083,317,C,1,P2|78|2017-06-18
P2,78,Nike Kids' Grade School KD VI Basketball Shoe,2017-06-25,4,57.0,1083,224,C,1,P2|78|2017-06-25
P2,78,Nike Kids' Grade School KD VI Basketball Shoe,2017-07-02,14,53.0,1083,207,C,1,P2|78|2017-07-02
P2,78,Nike Kids' Grade School KD VI Basketball Shoe,2017-07-09,16,39.0,1083,290,C,1,P2|78|2017-07-09
P2,78,Nike Kids' Grade School KD VI Basketball Shoe,2017-07-16,11,23.0,1083,359,C,1,P2|78|2017-07-16
P2,78,Nike Kids' Grade School KD VI Basketball Shoe,2017-07-23,5,28.0,1083,226,C,1,P2|78|2017-07-23
P2,78,Nike Kids' Grade School KD VI Basketball Shoe,2017-07-30,4,23.0,1083,322,C,1,P2|78|2017-07-30
P2,78,Nike Kids' Grade School KD VI Basketball Shoe,2017-08-06,8,19.0,1083,212,C,1,P2|78|2017-08-06
P2,78,Nike Kids' Grade School KD VI Basketball Shoe,2017-08-13,10,11.0,1083,309,C,1,P2|78|2017-08-13
P2,78,Nike Kids' Grade School KD VI Basketball Shoe,2017-08-20,3,28.0,1083,291,C,1,P2|78|2017-08-20
P2,78,Nike Kids' Grade School KD VI Basketball Shoe,2017-08-27,12,25.0,1083,270,C,1,P2|78|2017-08-27
P2,78,Nike Kids' Grade School KD VI Basketball Shoe,2017-09-03,1,13.0,1083,226,C,1,P2|78|2017-09-03
P2,78,Nike Kids' Grade School KD VI Basketball Shoe,2017-09-10,15,12.0,1083,233,C,1,P2|78|2017-09-10
P2,93,Under Armour Men's Tech II T-Shirt,2017-01-01,4,21.0,1083,161,C,1,P2|93|2017-01-01
P2,93,Under Armour Men's Tech II T-Shirt,2017-01-08,7,17.0,1083,252,C,1,P2|93|2017-01-08
P2,93,Under Armour Men's Tech II T-Shirt,2017-01-15,4,10.0,1083,105,C,1,P2|93|2017-01-15
P2,93,Under Armour Men's Tech II T-Shirt,2017-01-22,19,6.0,1083,119,C,1,P2|93|2017-01-22
P2,93,Under Armour Men's Tech II T-Shirt,2017-01-29,14,21.0,1083,153,C,1,P2|93|2017-01-29
P2,93,Under Armour Men's Tech II T-Shirt,2017-02-05,0,7.0,1083,96,C,1,P2|93|2017-02-05
P2,93,Under Armour Men's Tech II T-Shirt,2017-02-12,3,7.0,1083,122,C,1,P2|93|2017-02-12
P2,93,Under Armour Men's Tech II T-Shirt,2017-02-19,16,4.0,1083,186,C,1,P2|93|2017-02-19
P2,93,Under Armour Men's Tech II T-Shirt,2017-02-26,18,21.0,1083,103,C,1,P2|93|2017-02-26
P2,93,Under Armour Men's Tech II T-Shirt,2017-03-05,16,3.0,1083,38,C,1,P2|93|2017-03-05
P2,93,Under Armour Men's Tech II T-Shirt,2017-03-12,13,0.0,1083,93,C,1,P2|93|2017-03-12
P2,93,Under Armour Men's Tech II T-Shirt,2017-03-19,3,0.0,1083,208,C,1,P2|93|2017-03-19
P2,93,Under Armour Men's Tech II T-Shirt,2017-03-26,11,21.0,1083,181,C,1,P2|93|2017-03-26
P2,93,Under Armour Men's Tech II T-Shirt,2017-04-02,0,10.0,1083,147,C,1,P2|93|2017-04-02
P2,93,Under Armour Men's Tech II T-Shirt,2017-04-09,7,10.0,1083,160,C,1,P2|93|2017-04-09
P2,93,Under Armour Men's Tech II T-Shirt,2017-04-16,2,3.0,1083,244,C,1,P2|93|2017-04-16
P2,93,Under Armour Men's Tech II T-Shirt,2017-04-23,5,21.0,1083,180,C,1,P2|93|2017-04-23
P2,116,Nike Men's Comfort 2 Slide,2017-01-01,0,6.0,1083,161,B,2,P2|116|2017-01-01
P2,116,Nike Men's Comfort 2 Slide,2017-01-08,12,35.0,1083,252,B,2,P2|116|2017-01-08
P2,116,Nike Men's Comfort 2 Slide,2017-01-15,8,23.0,1083,105,B,2,P2|116|2017-01-15
P2,116,Nike Men's Comfort 2 Slide,2017-01-22,20,15.0,1083,119,B,2,P2|116|2017-01-22
P2,116,Nike Men's Comfort 2 Slide,2017-01-29,0,0.0,1083,153,B,2,P2|116|2017-01-29
P2,116,Nike Men's Comfort 2 Slide,2017-02-05,19,35.0,1083,96,B,2,P2|116|2017-02-05
P2,116,Nike Men's Comfort 2 Slide,2017-02-12,24,16.0,1083,122,B,2,P2|116|2017-02-12
P2,116,Nike Men's Comfort 2 Slide,2017-02-19,0,0.0,1083,186,B,2,P2|116|2017-02-19
P2,116,Nike Men's Comfort 2 Slide,2017-02-26,4,0.0,1083,103,B,2,P2|116|2017-02-26
P2,116,Nike Men's Comfort 2 Slide,2017-03-05,18,35.0,1083,38,B,2,P2|116|2017-03-05
P2,116,Nike Men's Comfort 2 Slide,2017-03-12,7,17.0,1083,93,B,2,P2|116|2017-03-12
P2,116,Nike Men's Comfort 2 Slide,2017-03-19,7,10.0,1083,208,B,2,P2|116|2017-03-19
P2,116,Nike Men's Comfort 2 Slide,2017-03-26,2,3.0,1083,181,B,2,P2|116|2017-03-26
P2,116,Nike Men's Comfort 2 Slide,2017-04-02,3,35.0,1083,147,B,2,P2|116|2017-04-02
P2,116,Nike Men's Comfort 2 Slide,2017-04-09,8,32.0,1083,160,B,2,P2|116|2017-04-09
P2,116,Nike Men's Comfort 2 Slide,2017-04-16,8,24.0,1083,244,B,2,P2|116|2017-04-16
P2,116,Nike Men's Comfort 2 Slide,2017-04-23,4,16.0,1083,180,B,2,P2|116|2017-04-23
P2,127,Stiga Master Series ST3100 Competition Indoor,2017-09-17,11,135.0,1083,344,C,1,P2|127|2017-09-17
P2,127,Stiga Master Series ST3100 Competition Indoor,2017-09-24,8,124.0,1083,329,C,1,P2|127|2017-09-24
P2,127,Stiga Master Series ST3100 Competition Indoor,2017-10-01,8,116.0,1083,353,C,1,P2|127|2017-10-01
P2,134,Nike Women's Legend V-Neck T-Shirt,2017-01-01,1,20.0,1083,161,C,1,P2|134|2017-01-01
P2,134,Nike Women's Legend V-Neck T-Shirt,2017-01-08,5,19.0,1083,252,C,1,P2|134|2017-01-08
P2,134,Nike Women's Legend V-Neck T-Shirt,2017-01-15,7,14.0,1083,105,C,1,P2|134|2017-01-15
P2,134,Nike Women's Legend V-Neck T-Shirt,2017-01-22,0,7.0,1083,119,C,1,P2|134|2017-01-22
P2,134,Nike Women's Legend V-Neck T-Shirt,2017-01-29,0,20.0,1083,153,C,1,P2|134|2017-01-29
P2,134,Nike Women's Legend V-Neck T-Shirt,2017-02-05,12,20.0,1083,96,C,1,P2|134|2017-02-05
P2,134,Nike Women's Legend V-Neck T-Shirt,2017-02-12,11,8.0,1083,122,C,1,P2|134|2017-02-12
P2,134,Nike Women's Legend V-Neck T-Shirt,2017-02-19,1,0.0,1083,186,C,1,P2|134|2017-02-19
P2,134,Nike Women's Legend V-Neck T-Shirt,2017-02-26,11,20.0,1083,103,C,1,P2|134|2017-02-26
P2,134,Nike Women's Legend V-Neck T-Shirt,2017-03-05,5,9.0,1083,38,C,1,P2|134|2017-03-05
P2,134,Nike Women's Legend V-Neck T-Shirt,2017-03-12,7,4.0,1083,93,C,1,P2|134|2017-03-12
P2,134,Nike Women's Legend V-Neck T-Shirt,2017-03-19,0,0.0,1083,208,C,1,P2|134|2017-03-19
P2,134,Nike Women's Legend V-Neck T-Shirt,2017-03-26,0,20.0,1083,181,C,1,P2|134|2017-03-26
P2,134,Nike Women's Legend V-Neck T-Shirt,2017-04-02,4,20.0,1083,147,C,1,P2|134|2017-04-02
P2,134,Nike Women's Legend V-Neck T-Shirt,2017-04-09,6,16.0,1083,160,C,1,P2|134|2017-04-09
P2,134,Nike Women's Legend V-Neck T-Shirt,2017-04-16,5,10.0,1083,244,C,1,P2|134|2017-04-16
P2,134,Nike Women's Legend V-Neck T-Shirt,2017-04-23,6,20.0,1083,180,C,1,P2|134|2017-04-23
P2,135,Nike Dri-FIT Crew Sock 6 Pack,2017-01-01,7,22.0,1083,161,C,1,P2|135|2017-01-01
P2,135,Nike Dri-FIT Crew Sock 6 Pack,2017-01-08,5,15.0,1083,252,C,1,P2|135|2017-01-08
P2,135,Nike Dri-FIT Crew Sock 6 Pack,2017-01-15,2,10.0,1083,105,C,1,P2|135|2017-01-15
P2,135,Nike Dri-FIT Crew Sock 6 Pack,2017-01-22,4,8.0,1083,119,C,1,P2|135|2017-01-22
P2,135,Nike Dri-FIT Crew Sock 6 Pack,2017-01-29,4,22.0,1083,153,C,1,P2|135|2017-01-29
P2,135,Nike Dri-FIT Crew Sock 6 Pack,2017-02-05,10,18.0,1083,96,C,1,P2|135|2017-02-05
P2,135,Nike Dri-FIT Crew Sock 6 Pack,2017-02-12,14,8.0,1083,122,C,1,P2|135|2017-02-12
P2,135,Nike Dri-FIT Crew Sock 6 Pack,2017-02-19,8,0.0,1083,186,C,1,P2|135|2017-02-19
P2,135,Nike Dri-FIT Crew Sock 6 Pack,2017-02-26,4,22.0,1083,103,C,1,P2|135|2017-02-26
P2,135,Nike Dri-FIT Crew Sock 6 Pack,2017-03-05,11,18.0,1083,38,C,1,P2|135|2017-03-05
P2,135,Nike Dri-FIT Crew Sock 6 Pack,2017-03-12,11,7.0,1083,93,C,1,P2|135|2017-03-12
P2,135,Nike Dri-FIT Crew Sock 6 Pack,2017-03-19,5,0.0,1083,208,C,1,P2|135|2017-03-19
P2,135,Nike Dri-FIT Crew Sock 6 Pack,2017-03-26,5,22.0,1083,181,C,1,P2|135|2017-03-26
P2,135,Nike Dri-FIT Crew Sock 6 Pack,2017-04-02,7,17.0,1083,147,C,1,P2|135|2017-04-02
P2,135,Nike Dri-FIT Crew Sock 6 Pack,2017-04-09,3,10.0,1083,160,C,1,P2|135|2017-04-09
P2,135,Nike Dri-FIT Crew Sock 6 Pack,2017-04-16,0,7.0,1083,244,C,1,P2|135|2017-04-16
P2,135,Nike Dri-FIT Crew Sock 6 Pack,2017-04-23,7,22.0,1083,180,C,1,P2|135|2017-04-23
P2,295,Fitbit The One Wireless Activity & Sleep Trac,2017-04-30,8,140.0,1083,285,C,1,P2|295|2017-04-30
P2,295,Fitbit The One Wireless Activity & Sleep Trac,2017-05-07,2,132.0,1083,287,C,1,P2|295|2017-05-07
P2,295,Fitbit The One Wireless Activity & Sleep Trac,2017-05-14,11,130.0,1083,277,C,1,P2|295|2017-05-14
P2,295,Fitbit The One Wireless Activity & Sleep Trac,2017-05-21,4,119.0,1083,262,C,1,P2|295|2017-05-21
P2,295,Fitbit The One Wireless Activity & Sleep Trac,2017-05-28,8,115.0,1083,329,C,1,P2|295|2017-05-28
P2,295,Fitbit The One Wireless Activity & Sleep Trac,2017-06-04,12,107.0,1083,237,C,1,P2|295|2017-06-04
P2,295,Fitbit The One Wireless Activity & Sleep Trac,2017-06-11,6,95.0,1083,307,C,1,P2|295|2017-06-11
P2,295,Fitbit The One Wireless Activity & Sleep Trac,2017-06-18,14,89.0,1083,317,C,1,P2|295|2017-06-18
P2,295,Fitbit The One Wireless Activity & Sleep Trac,2017-06-25,0,75.0,1083,224,C,1,P2|295|2017-06-25
P2,295,Fitbit The One Wireless Activity & Sleep Trac,2017-07-02,6,75.0,1083,207,C,1,P2|295|2017-07-02
P2,295,Fitbit The One Wireless Activity & Sleep Trac,2017-07-09,12,69.0,1083,290,C,1,P2|295|2017-07-09
P2,295,Fitbit The One Wireless Activity & Sleep Trac,2017-07-16,14,57.0,1083,359,C,1,P2|295|2017-07-16
P2,295,Fitbit The One Wireless Activity & Sleep Trac,2017-07-23,9,43.0,1083,226,C,1,P2|295|2017-07-23
P2,295,Fitbit The One Wireless Activity & Sleep Trac,2017-07-30,7,34.0,1083,322,C,1,P2|295|2017-07-30
P2,295,Fitbit The One Wireless Activity & Sleep Trac,2017-08-06,9,27.0,1083,212,C,1,P2|295|2017-08-06
P2,295,Fitbit The One Wireless Activity & Sleep Trac,2017-08-13,9,18.0,1083,309,C,1,P2|295|2017-08-13
P2,295,Fitbit The One Wireless Activity & Sleep Trac,2017-08-20,13,28.0,1083,291,C,1,P2|295|2017-08-20
P2,295,Fitbit The One Wireless Activity & Sleep Trac,2017-08-27,19,15.0,1083,270,C,1,P2|295|2017-08-27
P2,295,Fitbit The One Wireless Activity & Sleep Trac,2017-09-03,4,0.0,1083,226,C,1,P2|295|2017-09-03
P2,295,Fitbit The One Wireless Activity & Sleep Trac,2017-09-10,20,0.0,1083,233,C,1,P2|295|2017-09-10
P2,303,Garmin Forerunner 910XT GPS Watch,2017-09-17,14,175.0,1083,344,C,1,P2|303|2017-09-17
P2,303,Garmin Forerunner 910XT GPS Watch,2017-09-24,16,161.0,1083,329,C,1,P2|303|2017-09-24
P2,303,Garmin Forerunner 910XT GPS Watch,2017-10-01,5,145.0,1083,353,C,1,P2|303|2017-10-01
P2,305,Mio ALPHA Heart Rate Monitor/Sport Watch,2017-04-30,3,50.0,1083,285,C,1,P2|305|2017-04-30
P2,305,Mio ALPHA Heart Rate Monitor/Sport Watch,2017-05-07,6,47.0,1083,287,C,1,P2|305|2017-05-07
P2,305,Mio ALPHA Heart Rate Monitor/Sport Watch,2017-05-14,3,41.0,1083,277,C,1,P2|305|2017-05-14
P2,305,Mio ALPHA Heart Rate Monitor/Sport Watch,2017-05-21,3,38.0,1083,262,C,1,P2|305|2017-05-21
P2,305,Mio ALPHA Heart Rate Monitor/Sport Watch,2017-05-28,4,35.0,1083,329,C,1,P2|305|2017-05-28
P2,305,Mio ALPHA Heart Rate Monitor/Sport Watch,2017-06-04,3,31.0,1083,237,C,1,P2|305|2017-06-04
P2,305,Mio ALPHA Heart Rate Monitor/Sport Watch,2017-06-11,1,28.0,1083,307,C,1,P2|305|2017-06-11
P2,305,Mio ALPHA Heart Rate Monitor/Sport Watch,2017-06-18,3,27.0,1083,317,C,1,P2|305|2017-06-18
P2,305,Mio ALPHA Heart Rate Monitor/Sport Watch,2017-06-25,3,24.0,1083,224,C,1,P2|305|2017-06-25
P2,305,Mio ALPHA Heart Rate Monitor/Sport Watch,2017-07-02,4,21.0,1083,207,C,1,P2|305|2017-07-02
P2,305,Mio ALPHA Heart Rate Monitor/Sport Watch,2017-07-09,2,17.0,1083,290,C,1,P2|305|2017-07-09
P2,305,Mio ALPHA Heart Rate Monitor/Sport Watch,2017-07-16,2,15.0,1083,359,C,1,P2|305|2017-07-16
P2,305,Mio ALPHA Heart Rate Monitor/Sport Watch,2017-07-23,7,13.0,1083,226,C,1,P2|305|2017-07-23
P2,305,Mio ALPHA Heart Rate Monitor/Sport Watch,2017-07-30,6,6.0,1083,322,C,1,P2|305|2017-07-30
P2,305,Mio ALPHA Heart Rate Monitor/Sport Watch,2017-08-06,3,0.0,1083,212,C,1,P2|305|2017-08-06
P2,305,Mio ALPHA Heart Rate Monitor/Sport Watch,2017-08-13,1,0.0,1083,309,C,1,P2|305|2017-08-13
P2,305,Mio ALPHA Heart Rate Monitor/Sport Watch,2017-08-20,3,10.0,1083,291,C,1,P2|305|2017-08-20
P2,305,Mio ALPHA Heart Rate Monitor/Sport Watch,2017-08-27,2,7.0,1083,270,C,1,P2|305|2017-08-27
P2,305,Mio ALPHA Heart Rate Monitor/Sport Watch,2017-09-03,2,5.0,1083,226,C,1,P2|305|2017-09-03
P2,305,Mio ALPHA Heart Rate Monitor/Sport Watch,2017-09-10,6,3.0,1083,233,C,1,P2|305|2017-09-10
P2,306,Polar FT4 Heart Rate Monitor,2017-04-23,3,140.0,1083,180,C,1,P2|306|2017-04-23
P2,306,Polar FT4 Heart Rate Monitor,2017-04-30,4,137.0,1083,285,C,1,P2|306|2017-04-30
P2,306,Polar FT4 Heart Rate Monitor,2017-05-07,12,133.0,1083,287,C,1,P2|306|2017-05-07
P2,306,Polar FT4 Heart Rate Monitor,2017-05-14,4,121.0,1083,277,C,1,P2|306|2017-05-14
P2,306,Polar FT4 Heart Rate Monitor,2017-05-21,3,117.0,1083,262,C,1,P2|306|2017-05-21
P2,306,Polar FT4 Heart Rate Monitor,2017-05-28,21,114.0,1083,329,C,1,P2|306|2017-05-28
P2,306,Polar FT4 Heart Rate Monitor,2017-06-04,18,93.0,1083,237,C,1,P2|306|2017-06-04
P2,306,Polar FT4 Heart Rate Monitor,2017-06-11,9,75.0,1083,307,C,1,P2|306|2017-06-11
P2,306,Polar FT4 Heart Rate Monitor,2017-06-18,11,66.0,1083,317,C,1,P2|306|2017-06-18
P2,306,Polar FT4 Heart Rate Monitor,2017-06-25,26,55.0,1083,224,C,1,P2|306|2017-06-25
P2,306,Polar FT4 Heart Rate Monitor,2017-07-02,2,29.0,1083,207,C,1,P2|306|2017-07-02
P2,306,Polar FT4 Heart Rate Monitor,2017-07-09,4,27.0,1083,290,C,1,P2|306|2017-07-09
P2,306,Polar FT4 Heart Rate Monitor,2017-07-16,5,28.0,1083,359,C,1,P2|306|2017-07-16
P2,306,Polar FT4 Heart Rate Monitor,2017-07-23,4,23.0,1083,226,C,1,P2|306|2017-07-23
P2,306,Polar FT4 Heart Rate Monitor,2017-07-30,2,19.0,1083,322,C,1,P2|306|2017-07-30
P2,306,Polar FT4 Heart Rate Monitor,2017-08-06,3,17.0,1083,212,C,1,P2|306|2017-08-06
P2,306,Polar FT4 Heart Rate Monitor,2017-08-13,11,28.0,1083,309,C,1,P2|306|2017-08-13
P2,306,Polar FT4 Heart Rate Monitor,2017-08-20,11,17.0,1083,291,C,1,P2|306|2017-08-20
P2,306,Polar FT4 Heart Rate Monitor,2017-08-27,13,6.0,1083,270,C,1,P2|306|2017-08-27
P2,306,Polar FT4 Heart Rate Monitor,2017-09-03,17,0.0,1083,226,C,1,P2|306|2017-09-03
P2,306,Polar FT4 Heart Rate Monitor,2017-09-10,13,28.0,1083,233,C,1,P2|306|2017-09-10
P2,311,Polar Loop Activity Tracker,2017-04-30,4,40.0,1083,285,C,1,P2|311|2017-04-30
P2,311,Polar Loop Activity Tracker,2017-05-07,3,36.0,1083,287,C,1,P2|311|2017-05-07
P2,311,Polar Loop Activity Tracker,2017-05-14,4,33.0,1083,277,C,1,P2|311|2017-05-14
P2,311,Polar Loop Activity Tracker,2017-05-21,2,29.0,1083,262,C,1,P2|311|2017-05-21
P2,311,Polar Loop Activity Tracker,2017-05-28,1,27.0,1083,329,C,1,P2|311|2017-05-28
P2,311,Polar Loop Activity Tracker,2017-06-04,2,26.0,1083,237,C,1,P2|311|2017-06-04
P2,311,Polar Loop Activity Tracker,2017-06-11,3,24.0,1083,307,C,1,P2|311|2017-06-11
P2,311,Polar Loop Activity Tracker,2017-06-18,3,21.0,1083,317,C,1,P2|311|2017-06-18
P2,311,Polar Loop Activity Tracker,2017-06-25,2,18.0,1083,224,C,1,P2|311|2017-06-25
P2,311,Polar Loop Activity Tracker,2017-07-02,1,16.0,1083,207,C,1,P2|311|2017-07-02
P2,311,Polar Loop Activity Tracker,2017-07-09,4,15.0,1083,290,C,1,P2|311|2017-07-09
P2,311,Polar Loop Activity Tracker,2017-07-16,5,11.0,1083,359,C,1,P2|311|2017-07-16
P2,311,Polar Loop Activity Tracker,2017-07-23,3,8.0,1083,226,C,1,P2|311|2017-07-23
P2,311,Polar Loop Activity Tracker,2017-07-30,0,5.0,1083,322,C,1,P2|311|2017-07-30
P2,311,Polar Loop Activity Tracker,2017-08-06,2,5.0,1083,212,C,1,P2|311|2017-08-06
P2,311,Polar Loop Activity Tracker,2017-08-13,1,3.0,1083,309,C,1,P2|311|2017-08-13
P2,311,Polar Loop Activity Tracker,2017-08-20,6,8.0,1083,291,C,1,P2|311|2017-08-20
P2,311,Polar Loop Activity Tracker,2017-08-27,4,2.0,1083,270,C,1,P2|311|2017-08-27
P2,311,Polar Loop Activity Tracker,2017-09-03,0,0.0,1083,226,C,1,P2|311|2017-09-03
P2,311,Polar Loop Activity Tracker,2017-09-10,4,0.0,1083,233,C,1,P2|311|2017-09-10
P2,502,Nike Men's Dri-FIT Victory Golf Polo,2017-01-01,482,2791.0,1083,161,A,3,P2|502|2017-01-01
P2,502,Nike Men's Dri-FIT Victory Golf Polo,2017-01-08,377,2309.0,1083,252,A,3,P2|502|2017-01-08
P2,502,Nike Men's Dri-FIT Victory Golf Polo,2017-01-15,510,1932.0,1083,105,A,3,P2|502|2017-01-15
P2,502,Nike Men's Dri-FIT Victory Golf Polo,2017-01-22,479,1422.0,1083,119,A,3,P2|502|2017-01-22
P2,502,Nike Men's Dri-FIT Victory Golf Polo,2017-01-29,414,2791.0,1083,153,A,3,P2|502|2017-01-29
P2,502,Nike Men's Dri-FIT Victory Golf Polo,2017-02-05,455,2377.0,1083,96,A,3,P2|502|2017-02-05
P2,502,Nike Men's Dri-FIT Victory Golf Polo,2017-02-12,467,1922.0,1083,122,A,3,P2|502|2017-02-12
P2,502,Nike Men's Dri-FIT Victory Golf Polo,2017-02-19,465,1455.0,1083,186,A,3,P2|502|2017-02-19
P2,502,Nike Men's Dri-FIT Victory Golf Polo,2017-02-26,514,2791.0,1083,103,A,3,P2|502|2017-02-26
P2,502,Nike Men's Dri-FIT Victory Golf Polo,2017-03-05,530,2277.0,1083,38,A,3,P2|502|2017-03-05
P2,502,Nike Men's Dri-FIT Victory Golf Polo,2017-03-12,512,1747.0,1083,93,A,3,P2|502|2017-03-12
P2,502,Nike Men's Dri-FIT Victory Golf Polo,2017-03-19,406,1235.0,1083,208,A,3,P2|502|2017-03-19
P2,502,Nike Men's Dri-FIT Victory Golf Polo,2017-03-26,425,2791.0,1083,181,A,3,P2|502|2017-03-26
P2,502,Nike Men's Dri-FIT Victory Golf Polo,2017-04-02,445,2366.0,1083,147,A,3,P2|502|2017-04-02
P2,502,Nike Men's Dri-FIT Victory Golf Polo,2017-04-09,375,1921.0,1083,160,A,3,P2|502|2017-04-09
P2,502,Nike Men's Dri-FIT Victory Golf Polo,2017-04-16,405,1546.0,1083,244,A,3,P2|502|2017-04-16
P2,502,Nike Men's Dri-FIT Victory Golf Polo,2017-04-23,389,2791.0,1083,180,A,3,P2|502|2017-04-23
P2,502,Nike Men's Dri-FIT Victory Golf Polo,2017-04-30,417,2402.0,1083,285,A,3,P2|502|2017-04-30
P2,502,Nike Men's Dri-FIT Victory Golf Polo,2017-05-07,425,1985.0,1083,287,A,3,P2|502|2017-05-07
P2,502,Nike Men's Dri-FIT Victory Golf Polo,2017-05-14,399,1560.0,1083,277,A,3,P2|502|2017-05-14
P2,502,Nike Men's Dri-FIT Victory Golf Polo,2017-05-21,438,2791.0,1083,262,A,3,P2|502|2017-05-21
P2,502,Nike Men's Dri-FIT Victory Golf Polo,2017-05-28,372,2353.0,1083,329,A,3,P2|502|2017-05-28
P2,502,Nike Men's Dri-FIT Victory Golf Polo,2017-06-04,464,1981.0,1083,237,A,3,P2|502|2017-06-04
P2,502,Nike Men's Dri-FIT Victory Golf Polo,2017-06-11,407,1517.0,1083,307,A,3,P2|502|2017-06-11
P2,502,Nike Men's Dri-FIT Victory Golf Polo,2017-06-18,414,2791.0,1083,317,A,3,P2|502|2017-06-18
P2,502,Nike Men's Dri-FIT Victory Golf Polo,2017-06-25,457,2377.0,1083,224,A,3,P2|502|2017-06-25
P2,502,Nike Men's Dri-FIT Victory Golf Polo,2017-07-02,506,1920.0,1083,207,A,3,P2|502|2017-07-02
P2,502,Nike Men's Dri-FIT Victory Golf Polo,2017-07-09,419,1414.0,1083,290,A,3,P2|502|2017-07-09
P2,502,Nike Men's Dri-FIT Victory Golf Polo,2017-07-16,378,2791.0,1083,359,A,3,P2|502|2017-07-16
P2,502,Nike Men's Dri-FIT Victory Golf Polo,2017-07-23,465,2413.0,1083,226,A,3,P2|502|2017-07-23
P2,502,Nike Men's Dri-FIT Victory Golf Polo,2017-07-30,383,1948.0,1083,322,A,3,P2|502|2017-07-30
P2,502,Nike Men's Dri-FIT Victory Golf Polo,2017-08-06,483,1565.0,1083,212,A,3,P2|502|2017-08-06
P2,502,Nike Men's Dri-FIT Victory Golf Polo,2017-08-13,423,2791.0,1083,309,A,3,P2|502|2017-08-13
P2,502,Nike Men's Dri-FIT Victory Golf Polo,2017-08-20,403,2368.0,1083,291,A,3,P2|502|2017-08-20
P2,502,Nike Men's Dri-FIT Victory Golf Polo,2017-08-27,470,1965.0,1083,270,A,3,P2|502|2017-08-27
P2,502,Nike Men's Dri-FIT Victory Golf Polo,2017-09-03,447,1495.0,1083,226,A,3,P2|502|2017-09-03
P2,502,Nike Men's Dri-FIT Victory Golf Polo,2017-09-10,452,2791.0,1083,233,A,3,P2|502|2017-09-10
P2,502,Nike Men's Dri-FIT Victory Golf Polo,2017-09-17,429,2339.0,1083,344,A,3,P2|502|2017-09-17
P2,502,Nike Men's Dri-FIT Victory Golf Polo,2017-09-24,461,1910.0,1083,329,A,3,P2|502|2017-09-24
P2,502,Nike Men's Dri-FIT Victory Golf Polo,2017-10-01,469,1449.0,1083,353,A,3,P2|502|2017-10-01
P2,502,Nike Men's Dri-FIT Victory Golf Polo,2017-10-08,25,2791.0,1083,1049,A,3,P2|502|2017-10-08
P2,564,Nike Men's Deutschland Weltmeister Winners Bl,2017-01-01,6,22.0,1083,161,C,1,P2|564|2017-01-01
P2,564,Nike Men's Deutschland Weltmeister Winners Bl,2017-01-08,3,16.0,1083,252,C,1,P2|564|2017-01-08
P2,564,Nike Men's Deutschland Weltmeister Winners Bl,2017-01-15,4,13.0,1083,105,C,1,P2|564|2017-01-15
P2,564,Nike Men's Deutschland Weltmeister Winners Bl,2017-01-22,11,9.0,1083,119,C,1,P2|564|2017-01-22
P2,564,Nike Men's Deutschland Weltmeister Winners Bl,2017-01-29,2,22.0,1083,153,C,1,P2|564|2017-01-29
P2,564,Nike Men's Deutschland Weltmeister Winners Bl,2017-02-05,4,20.0,1083,96,C,1,P2|564|2017-02-05
P2,564,Nike Men's Deutschland Weltmeister Winners Bl,2017-02-12,2,16.0,1083,122,C,1,P2|564|2017-02-12
P2,564,Nike Men's Deutschland Weltmeister Winners Bl,2017-02-19,10,14.0,1083,186,C,1,P2|564|2017-02-19
P2,564,Nike Men's Deutschland Weltmeister Winners Bl,2017-02-26,9,22.0,1083,103,C,1,P2|564|2017-02-26
P2,564,Nike Men's Deutschland Weltmeister Winners Bl,2017-03-05,3,13.0,1083,38,C,1,P2|564|2017-03-05
P2,564,Nike Men's Deutschland Weltmeister Winners Bl,2017-03-12,8,10.0,1083,93,C,1,P2|564|2017-03-12
P2,564,Nike Men's Deutschland Weltmeister Winners Bl,2017-03-19,2,2.0,1083,208,C,1,P2|564|2017-03-19
P2,564,Nike Men's Deutschland Weltmeister Winners Bl,2017-03-26,5,22.0,1083,181,C,1,P2|564|2017-03-26
P2,564,Nike Men's Deutschland Weltmeister Winners Bl,2017-04-02,8,17.0,1083,147,C,1,P2|564|2017-04-02
P2,564,Nike Men's Deutschland Weltmeister Winners Bl,2017-04-09,2,9.0,1083,160,C,1,P2|564|2017-04-09
P2,564,Nike Men's Deutschland Weltmeister Winners Bl,2017-04-16,5,7.0,1083,244,C,1,P2|564|2017-04-16
P2,564,Nike Men's Deutschland Weltmeister Winners Bl,2017-04-23,15,22.0,1083,180,C,1,P2|564|2017-04-23
P2,565,adidas Youth Germany Black/Red Away Match Soc,2017-01-01,9,34.0,1083,161,B,2,P2|565|2017-01-01
P2,565,adidas Youth Germany Black/Red Away Match Soc,2017-01-08,4,25.0,1083,252,B,2,P2|565|2017-01-08
P2,565,adidas Youth Germany Black/Red Away Match Soc,2017-01-15,7,21.0,1083,105,B,2,P2|565|2017-01-15
P2,565,adidas Youth Germany Black/Red Away Match Soc,2017-01-22,2,14.0,1083,119,B,2,P2|565|2017-01-22
P2,565,adidas Youth Germany Black/Red Away Match Soc,2017-01-29,1,34.0,1083,153,B,2,P2|565|2017-01-29
P2,565,adidas Youth Germany Black/Red Away Match Soc,2017-02-05,2,33.0,1083,96,B,2,P2|565|2017-02-05
P2,565,adidas Youth Germany Black/Red Away Match Soc,2017-02-12,5,31.0,1083,122,B,2,P2|565|2017-02-12
P2,565,adidas Youth Germany Black/Red Away Match Soc,2017-02-19,8,26.0,1083,186,B,2,P2|565|2017-02-19
P2,565,adidas Youth Germany Black/Red Away Match Soc,2017-02-26,17,34.0,1083,103,B,2,P2|565|2017-02-26
P2,565,adidas Youth Germany Black/Red Away Match Soc,2017-03-05,1,17.0,1083,38,B,2,P2|565|2017-03-05
P2,565,adidas Youth Germany Black/Red Away Match Soc,2017-03-12,11,16.0,1083,93,B,2,P2|565|2017-03-12
P2,565,adidas Youth Germany Black/Red Away Match Soc,2017-03-19,5,5.0,1083,208,B,2,P2|565|2017-03-19
P2,565,adidas Youth Germany Black/Red Away Match Soc,2017-03-26,19,34.0,1083,181,B,2,P2|565|2017-03-26
P2,565,adidas Youth Germany Black/Red Away Match Soc,2017-04-02,0,15.0,1083,147,B,2,P2|565|2017-04-02
P2,565,adidas Youth Germany Black/Red Away Match Soc,2017-04-09,7,15.0,1083,160,B,2,P2|565|2017-04-09
P2,565,adidas Youth Germany Black/Red Away Match Soc,2017-04-16,10,8.0,1083,244,B,2,P2|565|2017-04-16
P2,565,adidas Youth Germany Black/Red Away Match Soc,2017-04-23,21,34.0,1083,180,B,2,P2|565|2017-04-23
P2,567,adidas Men's Germany Black Crest Away Tee,2017-01-01,1,0.0,1083,161,C,1,P2|567|2017-01-01
P2,567,adidas Men's Germany Black Crest Away Tee,2017-01-08,6,22.0,1083,252,C,1,P2|567|2017-01-08
P2,567,adidas Men's Germany Black Crest Away Tee,2017-01-15,13,16.0,1083,105,C,1,P2|567|2017-01-15
P2,567,adidas Men's Germany Black Crest Away Tee,2017-01-22,5,3.0,1083,119,C,1,P2|567|2017-01-22
P2,567,adidas Men's Germany Black Crest Away Tee,2017-01-29,5,0.0,1083,153,C,1,P2|567|2017-01-29
P2,567,adidas Men's Germany Black Crest Away Tee,2017-02-05,4,22.0,1083,96,C,1,P2|567|2017-02-05
P2,567,adidas Men's Germany Black Crest Away Tee,2017-02-12,5,18.0,1083,122,C,1,P2|567|2017-02-12
P2,567,adidas Men's Germany Black Crest Away Tee,2017-02-19,14,13.0,1083,186,C,1,P2|567|2017-02-19
P2,567,adidas Men's Germany Black Crest Away Tee,2017-02-26,7,0.0,1083,103,C,1,P2|567|2017-02-26
P2,567,adidas Men's Germany Black Crest Away Tee,2017-03-05,4,22.0,1083,38,C,1,P2|567|2017-03-05
P2,567,adidas Men's Germany Black Crest Away Tee,2017-03-12,0,18.0,1083,93,C,1,P2|567|2017-03-12
P2,567,adidas Men's Germany Black Crest Away Tee,2017-03-19,4,18.0,1083,208,C,1,P2|567|2017-03-19
P2,567,adidas Men's Germany Black Crest Away Tee,2017-03-26,8,14.0,1083,181,C,1,P2|567|2017-03-26
P2,567,adidas Men's Germany Black Crest Away Tee,2017-04-02,8,22.0,1083,147,C,1,P2|567|2017-04-02
P2,567,adidas Men's Germany Black Crest Away Tee,2017-04-09,5,14.0,1083,160,C,1,P2|567|2017-04-09
P2,567,adidas Men's Germany Black Crest Away Tee,2017-04-16,20,9.0,1083,244,C,1,P2|567|2017-04-16
P2,572,TYR Boys' Team Digi Jammer,2017-01-01,11,22.0,1083,161,C,1,P2|572|2017-01-01
P2,572,TYR Boys' Team Digi Jammer,2017-01-08,0,11.0,1083,252,C,1,P2|572|2017-01-08
P2,572,TYR Boys' Team Digi Jammer,2017-01-15,4,11.0,1083,105,C,1,P2|572|2017-01-15
P2,572,TYR Boys' Team Digi Jammer,2017-01-22,4,7.0,1083,119,C,1,P2|572|2017-01-22
P2,572,TYR Boys' Team Digi Jammer,2017-01-29,3,22.0,1083,153,C,1,P2|572|2017-01-29
P2,572,TYR Boys' Team Digi Jammer,2017-02-05,3,19.0,1083,96,C,1,P2|572|2017-02-05
P2,572,TYR Boys' Team Digi Jammer,2017-02-12,15,16.0,1083,122,C,1,P2|572|2017-02-12
P2,572,TYR Boys' Team Digi Jammer,2017-02-19,3,1.0,1083,186,C,1,P2|572|2017-02-19
P2,572,TYR Boys' Team Digi Jammer,2017-02-26,12,22.0,1083,103,C,1,P2|572|2017-02-26
P2,572,TYR Boys' Team Digi Jammer,2017-03-05,11,10.0,1083,38,C,1,P2|572|2017-03-05
P2,572,TYR Boys' Team Digi Jammer,2017-03-12,6,0.0,1083,93,C,1,P2|572|2017-03-12
P2,572,TYR Boys' Team Digi Jammer,2017-03-19,4,0.0,1083,208,C,1,P2|572|2017-03-19
P2,572,TYR Boys' Team Digi Jammer,2017-03-26,2,22.0,1083,181,C,1,P2|572|2017-03-26
P2,572,TYR Boys' Team Digi Jammer,2017-04-02,12,20.0,1083,147,C,1,P2|572|2017-04-02
P2,572,TYR Boys' Team Digi Jammer,2017-04-09,7,8.0,1083,160,C,1,P2|572|2017-04-09
P2,572,TYR Boys' Team Digi Jammer,2017-04-16,11,1.0,1083,244,C,1,P2|572|2017-04-16
P2,572,TYR Boys' Team Digi Jammer,2017-04-23,4,22.0,1083,180,C,1,P2|572|2017-04-23
P2,607,Garmin Approach S3 Golf GPS Watch,2017-04-30,6,58.0,1083,285,C,1,P2|607|2017-04-30
P2,607,Garmin Approach S3 Golf GPS Watch,2017-05-07,4,52.0,1083,287,C,1,P2|607|2017-05-07
P2,607,Garmin Approach S3 Golf GPS Watch,2017-05-14,7,48.0,1083,277,C,1,P2|607|2017-05-14
P2,607,Garmin Approach S3 Golf GPS Watch,2017-05-21,2,41.0,1083,262,C,1,P2|607|2017-05-21
P2,607,Garmin Approach S3 Golf GPS Watch,2017-05-28,3,39.0,1083,329,C,1,P2|607|2017-05-28
P2,607,Garmin Approach S3 Golf GPS Watch,2017-06-04,5,36.0,1083,237,C,1,P2|607|2017-06-04
P2,607,Garmin Approach S3 Golf GPS Watch,2017-06-11,3,31.0,1083,307,C,1,P2|607|2017-06-11
P2,607,Garmin Approach S3 Golf GPS Watch,2017-06-18,1,28.0,1083,317,C,1,P2|607|2017-06-18
P2,607,Garmin Approach S3 Golf GPS Watch,2017-06-25,2,27.0,1083,224,C,1,P2|607|2017-06-25
P2,607,Garmin Approach S3 Golf GPS Watch,2017-07-02,0,25.0,1083,207,C,1,P2|607|2017-07-02
P2,607,Garmin Approach S3 Golf GPS Watch,2017-07-09,4,25.0,1083,290,C,1,P2|607|2017-07-09
P2,607,Garmin Approach S3 Golf GPS Watch,2017-07-16,5,21.0,1083,359,C,1,P2|607|2017-07-16
P2,607,Garmin Approach S3 Golf GPS Watch,2017-07-23,0,16.0,1083,226,C,1,P2|607|2017-07-23
P2,607,Garmin Approach S3 Golf GPS Watch,2017-07-30,6,16.0,1083,322,C,1,P2|607|2017-07-30
P2,607,Garmin Approach S3 Golf GPS Watch,2017-08-06,7,10.0,1083,212,C,1,P2|607|2017-08-06
P2,607,Garmin Approach S3 Golf GPS Watch,2017-08-13,3,3.0,1083,309,C,1,P2|607|2017-08-13
P2,607,Garmin Approach S3 Golf GPS Watch,2017-08-20,6,12.0,1083,291,C,1,P2|607|2017-08-20
P2,607,Garmin Approach S3 Golf GPS Watch,2017-08-27,4,6.0,1083,270,C,1,P2|607|2017-08-27
P2,607,Garmin Approach S3 Golf GPS Watch,2017-09-03,6,2.0,1083,226,C,1,P2|607|2017-09-03
P2,607,Garmin Approach S3 Golf GPS Watch,2017-09-10,3,0.0,1083,233,C,1,P2|607|2017-09-10
P2,625,Nike Men's Kobe IX Elite Low Basketball Shoe,2017-04-23,1,45.0,1083,180,C,1,P2|625|2017-04-23
P2,625,Nike Men's Kobe IX Elite Low Basketball Shoe,2017-04-30,3,44.0,1083,285,C,1,P2|625|2017-04-30
P2,625,Nike Men's Kobe IX Elite Low Basketball Shoe,2017-05-07,4,41.0,1083,287,C,1,P2|625|2017-05-07
P2,625,Nike Men's Kobe IX Elite Low Basketball Shoe,2017-05-14,4,37.0,1083,277,C,1,P2|625|2017-05-14
P2,625,Nike Men's Kobe IX Elite Low Basketball Shoe,2017-05-21,1,33.0,1083,262,C,1,P2|625|2017-05-21
P2,625,Nike Men's Kobe IX Elite Low Basketball Shoe,2017-05-28,8,32.0,1083,329,C,1,P2|625|2017-05-28
P2,625,Nike Men's Kobe IX Elite Low Basketball Shoe,2017-06-04,2,24.0,1083,237,C,1,P2|625|2017-06-04
P2,625,Nike Men's Kobe IX Elite Low Basketball Shoe,2017-06-11,4,22.0,1083,307,C,1,P2|625|2017-06-11
P2,625,Nike Men's Kobe IX Elite Low Basketball Shoe,2017-06-18,5,18.0,1083,317,C,1,P2|625|2017-06-18
P2,625,Nike Men's Kobe IX Elite Low Basketball Shoe,2017-06-25,5,13.0,1083,224,C,1,P2|625|2017-06-25
P2,625,Nike Men's Kobe IX Elite Low Basketball Shoe,2017-07-02,1,8.0,1083,207,C,1,P2|625|2017-07-02
P2,625,Nike Men's Kobe IX Elite Low Basketball Shoe,2017-07-09,1,7.0,1083,290,C,1,P2|625|2017-07-09
P2,625,Nike Men's Kobe IX Elite Low Basketball Shoe,2017-07-16,3,9.0,1083,359,C,1,P2|625|2017-07-16
P2,625,Nike Men's Kobe IX Elite Low Basketball Shoe,2017-07-23,1,6.0,1083,226,C,1,P2|625|2017-07-23
P2,625,Nike Men's Kobe IX Elite Low Basketball Shoe,2017-07-30,1,5.0,1083,322,C,1,P2|625|2017-07-30
P2,625,Nike Men's Kobe IX Elite Low Basketball Shoe,2017-08-06,1,4.0,1083,212,C,1,P2|625|2017-08-06
P2,625,Nike Men's Kobe IX Elite Low Basketball Shoe,2017-08-13,3,9.0,1083,309,C,1,P2|625|2017-08-13
P2,625,Nike Men's Kobe IX Elite Low Basketball Shoe,2017-08-20,5,6.0,1083,291,C,1,P2|625|2017-08-20
P2,625,Nike Men's Kobe IX Elite Low Basketball Shoe,2017-08-27,4,1.0,1083,270,C,1,P2|625|2017-08-27
P2,625,Nike Men's Kobe IX Elite Low Basketball Shoe,2017-09-03,4,0.0,1083,226,C,1,P2|625|2017-09-03
P2,625,Nike Men's Kobe IX Elite Low Basketball Shoe,2017-09-10,2,9.0,1083,233,C,1,P2|625|2017-09-10
P2,627,Under Armour Girls' Toddler Spine Surge Runni,2017-01-01,129,1407.0,1083,161,A,3,P2|627|2017-01-01
P2,627,Under Armour Girls' Toddler Spine Surge Runni,2017-01-08,233,1278.0,1083,252,A,3,P2|627|2017-01-08
P2,627,Under Armour Girls' Toddler Spine Surge Runni,2017-01-15,212,1045.0,1083,105,A,3,P2|627|2017-01-15
P2,627,Under Armour Girls' Toddler Spine Surge Runni,2017-01-22,230,833.0,1083,119,A,3,P2|627|2017-01-22
P2,627,Under Armour Girls' Toddler Spine Surge Runni,2017-01-29,269,1407.0,1083,153,A,3,P2|627|2017-01-29
P2,627,Under Armour Girls' Toddler Spine Surge Runni,2017-02-05,246,1138.0,1083,96,A,3,P2|627|2017-02-05
P2,627,Under Armour Girls' Toddler Spine Surge Runni,2017-02-12,193,892.0,1083,122,A,3,P2|627|2017-02-12
P2,627,Under Armour Girls' Toddler Spine Surge Runni,2017-02-19,157,699.0,1083,186,A,3,P2|627|2017-02-19
P2,627,Under Armour Girls' Toddler Spine Surge Runni,2017-02-26,201,1407.0,1083,103,A,3,P2|627|2017-02-26
P2,627,Under Armour Girls' Toddler Spine Surge Runni,2017-03-05,230,1206.0,1083,38,A,3,P2|627|2017-03-05
P2,627,Under Armour Girls' Toddler Spine Surge Runni,2017-03-12,194,976.0,1083,93,A,3,P2|627|2017-03-12
P2,627,Under Armour Girls' Toddler Spine Surge Runni,2017-03-19,232,782.0,1083,208,A,3,P2|627|2017-03-19
P2,627,Under Armour Girls' Toddler Spine Surge Runni,2017-03-26,223,1407.0,1083,181,A,3,P2|627|2017-03-26
P2,627,Under Armour Girls' Toddler Spine Surge Runni,2017-04-02,219,1184.0,1083,147,A,3,P2|627|2017-04-02
P2,627,Under Armour Girls' Toddler Spine Surge Runni,2017-04-09,249,965.0,1083,160,A,3,P2|627|2017-04-09
P2,627,Under Armour Girls' Toddler Spine Surge Runni,2017-04-16,215,716.0,1083,244,A,3,P2|627|2017-04-16
P2,627,Under Armour Girls' Toddler Spine Surge Runni,2017-04-23,257,1407.0,1083,180,A,3,P2|627|2017-04-23
P2,627,Under Armour Girls' Toddler Spine Surge Runni,2017-04-30,255,1150.0,1083,285,A,3,P2|627|2017-04-30
P2,627,Under Armour Girls' Toddler Spine Surge Runni,2017-05-07,216,895.0,1083,287,A,3,P2|627|2017-05-07
P2,627,Under Armour Girls' Toddler Spine Surge Runni,2017-05-14,239,679.0,1083,277,A,3,P2|627|2017-05-14
P2,627,Under Armour Girls' Toddler Spine Surge Runni,2017-05-21,250,1407.0,1083,262,A,3,P2|627|2017-05-21
P2,627,Under Armour Girls' Toddler Spine Surge Runni,2017-05-28,201,1157.0,1083,329,A,3,P2|627|2017-05-28
P2,627,Under Armour Girls' Toddler Spine Surge Runni,2017-06-04,209,956.0,1083,237,A,3,P2|627|2017-06-04
P2,627,Under Armour Girls' Toddler Spine Surge Runni,2017-06-11,227,747.0,1083,307,A,3,P2|627|2017-06-11
P2,627,Under Armour Girls' Toddler Spine Surge Runni,2017-06-18,196,1407.0,1083,317,A,3,P2|627|2017-06-18
P2,627,Under Armour Girls' Toddler Spine Surge Runni,2017-06-25,231,1211.0,1083,224,A,3,P2|627|2017-06-25
P2,627,Under Armour Girls' Toddler Spine Surge Runni,2017-07-02,239,980.0,1083,207,A,3,P2|627|2017-07-02
P2,627,Under Armour Girls' Toddler Spine Surge Runni,2017-07-09,227,741.0,1083,290,A,3,P2|627|2017-07-09
P2,627,Under Armour Girls' Toddler Spine Surge Runni,2017-07-16,195,1407.0,1083,359,A,3,P2|627|2017-07-16
P2,627,Under Armour Girls' Toddler Spine Surge Runni,2017-07-23,263,1212.0,1083,226,A,3,P2|627|2017-07-23
P2,627,Under Armour Girls' Toddler Spine Surge Runni,2017-07-30,249,949.0,1083,322,A,3,P2|627|2017-07-30
P2,627,Under Armour Girls' Toddler Spine Surge Runni,2017-08-06,224,700.0,1083,212,A,3,P2|627|2017-08-06
P2,627,Under Armour Girls' Toddler Spine Surge Runni,2017-08-13,200,1407.0,1083,309,A,3,P2|627|2017-08-13
P2,627,Under Armour Girls' Toddler Spine Surge Runni,2017-08-20,228,1207.0,1083,291,A,3,P2|627|2017-08-20
P2,627,Under Armour Girls' Toddler Spine Surge Runni,2017-08-27,188,979.0,1083,270,A,3,P2|627|2017-08-27
P2,627,Under Armour Girls' Toddler Spine Surge Runni,2017-09-03,239,791.0,1083,226,A,3,P2|627|2017-09-03
P2,627,Under Armour Girls' Toddler Spine Surge Runni,2017-09-10,233,1407.0,1083,233,A,3,P2|627|2017-09-10
P2,627,Under Armour Girls' Toddler Spine Surge Runni,2017-09-17,229,1174.0,1083,344,A,3,P2|627|2017-09-17
P2,627,Under Armour Girls' Toddler Spine Surge Runni,2017-09-24,226,945.0,1083,329,A,3,P2|627|2017-09-24
P2,627,Under Armour Girls' Toddler Spine Surge Runni,2017-10-01,195,719.0,1083,353,A,3,P2|627|2017-10-01
P2,627,Under Armour Girls' Toddler Spine Surge Runni,2017-10-08,5,1407.0,1083,1049,A,3,P2|627|2017-10-08
P2,642,Columbia Men's PFG Anchor Tough T-Shirt,2017-01-01,1,33.0,1083,161,B,2,P2|642|2017-01-01
P2,642,Columbia Men's PFG Anchor Tough T-Shirt,2017-01-08,4,32.0,1083,252,B,2,P2|642|2017-01-08
P2,642,Columbia Men's PFG Anchor Tough T-Shirt,2017-01-15,1,28.0,1083,105,B,2,P2|642|2017-01-15
P2,642,Columbia Men's PFG Anchor Tough T-Shirt,2017-01-22,16,27.0,1083,119,B,2,P2|642|2017-01-22
P2,642,Columbia Men's PFG Anchor Tough T-Shirt,2017-01-29,0,33.0,1083,153,B,2,P2|642|2017-01-29
P2,642,Columbia Men's PFG Anchor Tough T-Shirt,2017-02-05,13,33.0,1083,96,B,2,P2|642|2017-02-05
P2,642,Columbia Men's PFG Anchor Tough T-Shirt,2017-02-12,9,20.0,1083,122,B,2,P2|642|2017-02-12
P2,642,Columbia Men's PFG Anchor Tough T-Shirt,2017-02-19,11,11.0,1083,186,B,2,P2|642|2017-02-19
P2,642,Columbia Men's PFG Anchor Tough T-Shirt,2017-02-26,7,33.0,1083,103,B,2,P2|642|2017-02-26
P2,642,Columbia Men's PFG Anchor Tough T-Shirt,2017-03-05,6,26.0,1083,38,B,2,P2|642|2017-03-05
P2,642,Columbia Men's PFG Anchor Tough T-Shirt,2017-03-12,8,20.0,1083,93,B,2,P2|642|2017-03-12
P2,642,Columbia Men's PFG Anchor Tough T-Shirt,2017-03-19,10,12.0,1083,208,B,2,P2|642|2017-03-19
P2,642,Columbia Men's PFG Anchor Tough T-Shirt,2017-03-26,15,33.0,1083,181,B,2,P2|642|2017-03-26
P2,642,Columbia Men's PFG Anchor Tough T-Shirt,2017-04-02,5,18.0,1083,147,B,2,P2|642|2017-04-02
P2,642,Columbia Men's PFG Anchor Tough T-Shirt,2017-04-09,5,13.0,1083,160,B,2,P2|642|2017-04-09
P2,642,Columbia Men's PFG Anchor Tough T-Shirt,2017-04-16,8,8.0,1083,244,B,2,P2|642|2017-04-16
P2,642,Columbia Men's PFG Anchor Tough T-Shirt,2017-04-23,11,33.0,1083,180,B,2,P2|642|2017-04-23
P2,646,Merrell Women's Grassbow Sport Hiking Shoe,2017-04-23,1,141.0,1083,180,C,1,P2|646|2017-04-23
P2,646,Merrell Women's Grassbow Sport Hiking Shoe,2017-04-30,5,140.0,1083,285,C,1,P2|646|2017-04-30
P2,646,Merrell Women's Grassbow Sport Hiking Shoe,2017-05-07,11,135.0,1083,287,C,1,P2|646|2017-05-07
P2,646,Merrell Women's Grassbow Sport Hiking Shoe,2017-05-14,14,124.0,1083,277,C,1,P2|646|2017-05-14
P2,646,Merrell Women's Grassbow Sport Hiking Shoe,2017-05-21,12,110.0,1083,262,C,1,P2|646|2017-05-21
P2,646,Merrell Women's Grassbow Sport Hiking Shoe,2017-05-28,11,98.0,1083,329,C,1,P2|646|2017-05-28
P2,646,Merrell Women's Grassbow Sport Hiking Shoe,2017-06-04,4,87.0,1083,237,C,1,P2|646|2017-06-04
P2,646,Merrell Women's Grassbow Sport Hiking Shoe,2017-06-11,14,83.0,1083,307,C,1,P2|646|2017-06-11
P2,646,Merrell Women's Grassbow Sport Hiking Shoe,2017-06-18,5,69.0,1083,317,C,1,P2|646|2017-06-18
P2,646,Merrell Women's Grassbow Sport Hiking Shoe,2017-06-25,9,64.0,1083,224,C,1,P2|646|2017-06-25
P2,646,Merrell Women's Grassbow Sport Hiking Shoe,2017-07-02,7,55.0,1083,207,C,1,P2|646|2017-07-02
P2,646,Merrell Women's Grassbow Sport Hiking Shoe,2017-07-09,3,48.0,1083,290,C,1,P2|646|2017-07-09
P2,646,Merrell Women's Grassbow Sport Hiking Shoe,2017-07-16,16,45.0,1083,359,C,1,P2|646|2017-07-16
P2,646,Merrell Women's Grassbow Sport Hiking Shoe,2017-07-23,7,29.0,1083,226,C,1,P2|646|2017-07-23
P2,646,Merrell Women's Grassbow Sport Hiking Shoe,2017-07-30,24,22.0,1083,322,C,1,P2|646|2017-07-30
P2,646,Merrell Women's Grassbow Sport Hiking Shoe,2017-08-06,11,0.0,1083,212,C,1,P2|646|2017-08-06
P2,646,Merrell Women's Grassbow Sport Hiking Shoe,2017-08-13,1,28.0,1083,309,C,1,P2|646|2017-08-13
P2,646,Merrell Women's Grassbow Sport Hiking Shoe,2017-08-20,7,27.0,1083,291,C,1,P2|646|2017-08-20
P2,646,Merrell Women's Grassbow Sport Hiking Shoe,2017-08-27,9,20.0,1083,270,C,1,P2|646|2017-08-27
P2,646,Merrell Women's Grassbow Sport Hiking Shoe,2017-09-03,21,11.0,1083,226,C,1,P2|646|2017-09-03
P2,646,Merrell Women's Grassbow Sport Hiking Shoe,2017-09-10,13,28.0,1083,233,C,1,P2|646|2017-09-10
P2,646,Merrell Women's Grassbow Sport Hiking Shoe,2017-09-17,2,15.0,1083,344,C,1,P2|646|2017-09-17
P2,647,Merrell Women's Siren Mid Waterproof Hiking B,2017-04-30,3,52.0,1083,285,C,1,P2|647|2017-04-30
P2,647,Merrell Women's Siren Mid Waterproof Hiking B,2017-05-07,6,49.0,1083,287,C,1,P2|647|2017-05-07
P2,647,Merrell Women's Siren Mid Waterproof Hiking B,2017-05-14,5,43.0,1083,277,C,1,P2|647|2017-05-14
P2,647,Merrell Women's Siren Mid Waterproof Hiking B,2017-05-21,5,38.0,1083,262,C,1,P2|647|2017-05-21
P2,647,Merrell Women's Siren Mid Waterproof Hiking B,2017-05-28,7,33.0,1083,329,C,1,P2|647|2017-05-28
P2,647,Merrell Women's Siren Mid Waterproof Hiking B,2017-06-04,2,26.0,1083,237,C,1,P2|647|2017-06-04
P2,647,Merrell Women's Siren Mid Waterproof Hiking B,2017-06-11,3,24.0,1083,307,C,1,P2|647|2017-06-11
P2,647,Merrell Women's Siren Mid Waterproof Hiking B,2017-06-18,3,21.0,1083,317,C,1,P2|647|2017-06-18
P2,647,Merrell Women's Siren Mid Waterproof Hiking B,2017-06-25,2,18.0,1083,224,C,1,P2|647|2017-06-25
P2,647,Merrell Women's Siren Mid Waterproof Hiking B,2017-07-02,3,16.0,1083,207,C,1,P2|647|2017-07-02
P2,647,Merrell Women's Siren Mid Waterproof Hiking B,2017-07-09,0,13.0,1083,290,C,1,P2|647|2017-07-09
P2,647,Merrell Women's Siren Mid Waterproof Hiking B,2017-07-16,3,13.0,1083,359,C,1,P2|647|2017-07-16
P2,647,Merrell Women's Siren Mid Waterproof Hiking B,2017-07-23,4,10.0,1083,226,C,1,P2|647|2017-07-23
P2,647,Merrell Women's Siren Mid Waterproof Hiking B,2017-07-30,3,6.0,1083,322,C,1,P2|647|2017-07-30
P2,647,Merrell Women's Siren Mid Waterproof Hiking B,2017-08-06,4,3.0,1083,212,C,1,P2|647|2017-08-06
P2,647,Merrell Women's Siren Mid Waterproof Hiking B,2017-08-13,4,0.0,1083,309,C,1,P2|647|2017-08-13
P2,647,Merrell Women's Siren Mid Waterproof Hiking B,2017-08-20,1,10.0,1083,291,C,1,P2|647|2017-08-20
P2,647,Merrell Women's Siren Mid Waterproof Hiking B,2017-08-27,5,9.0,1083,270,C,1,P2|647|2017-08-27
P2,647,Merrell Women's Siren Mid Waterproof Hiking B,2017-09-03,5,4.0,1083,226,C,1,P2|647|2017-09-03
P2,647,Merrell Women's Siren Mid Waterproof Hiking B,2017-09-10,2,0.0,1083,233,C,1,P2|647|2017-09-10
P2,652,Merrell Women's Grassbow Sport Waterproof Hik,2017-04-23,1,41.0,1083,180,C,1,P2|652|2017-04-23
P2,652,Merrell Women's Grassbow Sport Waterproof Hik,2017-04-30,1,40.0,1083,285,C,1,P2|652|2017-04-30
P2,652,Merrell Women's Grassbow Sport Waterproof Hik,2017-05-07,3,39.0,1083,287,C,1,P2|652|2017-05-07
P2,652,Merrell Women's Grassbow Sport Waterproof Hik,2017-05-14,3,36.0,1083,277,C,1,P2|652|2017-05-14
P2,652,Merrell Women's Grassbow Sport Waterproof Hik,2017-05-21,2,33.0,1083,262,C,1,P2|652|2017-05-21
P2,652,Merrell Women's Grassbow Sport Waterproof Hik,2017-05-28,5,31.0,1083,329,C,1,P2|652|2017-05-28
P2,652,Merrell Women's Grassbow Sport Waterproof Hik,2017-06-04,4,26.0,1083,237,C,1,P2|652|2017-06-04
P2,652,Merrell Women's Grassbow Sport Waterproof Hik,2017-06-11,4,22.0,1083,307,C,1,P2|652|2017-06-11
P2,652,Merrell Women's Grassbow Sport Waterproof Hik,2017-06-18,4,18.0,1083,317,C,1,P2|652|2017-06-18
P2,652,Merrell Women's Grassbow Sport Waterproof Hik,2017-06-25,1,14.0,1083,224,C,1,P2|652|2017-06-25
P2,652,Merrell Women's Grassbow Sport Waterproof Hik,2017-07-02,4,13.0,1083,207,C,1,P2|652|2017-07-02
P2,652,Merrell Women's Grassbow Sport Waterproof Hik,2017-07-09,2,9.0,1083,290,C,1,P2|652|2017-07-09
P2,652,Merrell Women's Grassbow Sport Waterproof Hik,2017-07-16,3,8.0,1083,359,C,1,P2|652|2017-07-16
P2,652,Merrell Women's Grassbow Sport Waterproof Hik,2017-07-23,6,5.0,1083,226,C,1,P2|652|2017-07-23
P2,652,Merrell Women's Grassbow Sport Waterproof Hik,2017-07-30,2,0.0,1083,322,C,1,P2|652|2017-07-30
P2,652,Merrell Women's Grassbow Sport Waterproof Hik,2017-08-06,1,0.0,1083,212,C,1,P2|652|2017-08-06
P2,652,Merrell Women's Grassbow Sport Waterproof Hik,2017-08-13,1,8.0,1083,309,C,1,P2|652|2017-08-13
P2,652,Merrell Women's Grassbow Sport Waterproof Hik,2017-08-20,2,7.0,1083,291,C,1,P2|652|2017-08-20
P2,652,Merrell Women's Grassbow Sport Waterproof Hik,2017-08-27,4,5.0,1083,270,C,1,P2|652|2017-08-27
P2,652,Merrell Women's Grassbow Sport Waterproof Hik,2017-09-03,3,1.0,1083,226,C,1,P2|652|2017-09-03
P2,652,Merrell Women's Grassbow Sport Waterproof Hik,2017-09-10,2,8.0,1083,233,C,1,P2|652|2017-09-10
P2,666,Merrell Men's All Out Flash Trail Running Sho,2017-04-23,2,61.0,1083,180,C,1,P2|666|2017-04-23
P2,666,Merrell Men's All Out Flash Trail Running Sho,2017-04-30,5,59.0,1083,285,C,1,P2|666|2017-04-30
P2,666,Merrell Men's All Out Flash Trail Running Sho,2017-05-07,2,54.0,1083,287,C,1,P2|666|2017-05-07
P2,666,Merrell Men's All Out Flash Trail Running Sho,2017-05-14,3,52.0,1083,277,C,1,P2|666|2017-05-14
P2,666,Merrell Men's All Out Flash Trail Running Sho,2017-05-21,3,49.0,1083,262,C,1,P2|666|2017-05-21
P2,666,Merrell Men's All Out Flash Trail Running Sho,2017-05-28,3,46.0,1083,329,C,1,P2|666|2017-05-28
P2,666,Merrell Men's All Out Flash Trail Running Sho,2017-06-04,4,43.0,1083,237,C,1,P2|666|2017-06-04
P2,666,Merrell Men's All Out Flash Trail Running Sho,2017-06-11,6,39.0,1083,307,C,1,P2|666|2017-06-11
P2,666,Merrell Men's All Out Flash Trail Running Sho,2017-06-18,7,33.0,1083,317,C,1,P2|666|2017-06-18
P2,666,Merrell Men's All Out Flash Trail Running Sho,2017-06-25,5,26.0,1083,224,C,1,P2|666|2017-06-25
P2,666,Merrell Men's All Out Flash Trail Running Sho,2017-07-02,3,21.0,1083,207,C,1,P2|666|2017-07-02
P2,666,Merrell Men's All Out Flash Trail Running Sho,2017-07-09,5,18.0,1083,290,C,1,P2|666|2017-07-09
P2,666,Merrell Men's All Out Flash Trail Running Sho,2017-07-16,3,13.0,1083,359,C,1,P2|666|2017-07-16
P2,666,Merrell Men's All Out Flash Trail Running Sho,2017-07-23,6,10.0,1083,226,C,1,P2|666|2017-07-23
P2,666,Merrell Men's All Out Flash Trail Running Sho,2017-07-30,5,4.0,1083,322,C,1,P2|666|2017-07-30
P2,666,Merrell Men's All Out Flash Trail Running Sho,2017-08-06,4,0.0,1083,212,C,1,P2|666|2017-08-06
P2,666,Merrell Men's All Out Flash Trail Running Sho,2017-08-13,3,12.0,1083,309,C,1,P2|666|2017-08-13
P2,666,Merrell Men's All Out Flash Trail Running Sho,2017-08-20,7,9.0,1083,291,C,1,P2|666|2017-08-20
P2,666,Merrell Men's All Out Flash Trail Running Sho,2017-08-27,4,2.0,1083,270,C,1,P2|666|2017-08-27
P2,666,Merrell Men's All Out Flash Trail Running Sho,2017-09-03,2,0.0,1083,226,C,1,P2|666|2017-09-03
P2,666,Merrell Men's All Out Flash Trail Running Sho,2017-09-10,3,12.0,1083,233,C,1,P2|666|2017-09-10
P2,671,Cleveland Golf Collegiate My Custom Wedge 588,2017-04-30,5,49.0,1083,285,C,1,P2|671|2017-04-30
P2,671,Cleveland Golf Collegiate My Custom Wedge 588,2017-05-07,3,44.0,1083,287,C,1,P2|671|2017-05-07
P2,671,Cleveland Golf Collegiate My Custom Wedge 588,2017-05-14,4,41.0,1083,277,C,1,P2|671|2017-05-14
P2,671,Cleveland Golf Collegiate My Custom Wedge 588,2017-05-21,4,37.0,1083,262,C,1,P2|671|2017-05-21
P2,671,Cleveland Golf Collegiate My Custom Wedge 588,2017-05-28,4,33.0,1083,329,C,1,P2|671|2017-05-28
P2,671,Cleveland Golf Collegiate My Custom Wedge 588,2017-06-04,3,29.0,1083,237,C,1,P2|671|2017-06-04
P2,671,Cleveland Golf Collegiate My Custom Wedge 588,2017-06-11,2,26.0,1083,307,C,1,P2|671|2017-06-11
P2,671,Cleveland Golf Collegiate My Custom Wedge 588,2017-06-18,3,24.0,1083,317,C,1,P2|671|2017-06-18
P2,671,Cleveland Golf Collegiate My Custom Wedge 588,2017-06-25,3,21.0,1083,224,C,1,P2|671|2017-06-25
P2,671,Cleveland Golf Collegiate My Custom Wedge 588,2017-07-02,2,18.0,1083,207,C,1,P2|671|2017-07-02
P2,671,Cleveland Golf Collegiate My Custom Wedge 588,2017-07-09,5,16.0,1083,290,C,1,P2|671|2017-07-09
P2,671,Cleveland Golf Collegiate My Custom Wedge 588,2017-07-16,4,11.0,1083,359,C,1,P2|671|2017-07-16
P2,671,Cleveland Golf Collegiate My Custom Wedge 588,2017-07-23,4,10.0,1083,226,C,1,P2|671|2017-07-23
P2,671,Cleveland Golf Collegiate My Custom Wedge 588,2017-07-30,4,6.0,1083,322,C,1,P2|671|2017-07-30
P2,671,Cleveland Golf Collegiate My Custom Wedge 588,2017-08-06,3,2.0,1083,212,C,1,P2|671|2017-08-06
P2,671,Cleveland Golf Collegiate My Custom Wedge 588,2017-08-13,5,0.0,1083,309,C,1,P2|671|2017-08-13
P2,671,Cleveland Golf Collegiate My Custom Wedge 588,2017-08-20,3,10.0,1083,291,C,1,P2|671|2017-08-20
P2,671,Cleveland Golf Collegiate My Custom Wedge 588,2017-08-27,2,7.0,1083,270,C,1,P2|671|2017-08-27
P2,671,Cleveland Golf Collegiate My Custom Wedge 588,2017-09-03,1,5.0,1083,226,C,1,P2|671|2017-09-03
P2,671,Cleveland Golf Collegiate My Custom Wedge 588,2017-09-10,1,4.0,1083,233,C,1,P2|671|2017-09-10
P2,677,TaylorMade White Smoke IN-12 Putter,2017-04-30,7,145.0,1083,285,C,1,P2|677|2017-04-30
P2,677,TaylorMade White Smoke IN-12 Putter,2017-05-07,3,138.0,1083,287,C,1,P2|677|2017-05-07
P2,677,TaylorMade White Smoke IN-12 Putter,2017-05-14,17,135.0,1083,277,C,1,P2|677|2017-05-14
P2,677,TaylorMade White Smoke IN-12 Putter,2017-05-21,17,118.0,1083,262,C,1,P2|677|2017-05-21
P2,677,TaylorMade White Smoke IN-12 Putter,2017-05-28,1,101.0,1083,329,C,1,P2|677|2017-05-28
P2,677,TaylorMade White Smoke IN-12 Putter,2017-06-04,14,100.0,1083,237,C,1,P2|677|2017-06-04
P2,677,TaylorMade White Smoke IN-12 Putter,2017-06-11,3,86.0,1083,307,C,1,P2|677|2017-06-11
P2,677,TaylorMade White Smoke IN-12 Putter,2017-06-18,10,83.0,1083,317,C,1,P2|677|2017-06-18
P2,677,TaylorMade White Smoke IN-12 Putter,2017-06-25,8,73.0,1083,224,C,1,P2|677|2017-06-25
P2,677,TaylorMade White Smoke IN-12 Putter,2017-07-02,12,65.0,1083,207,C,1,P2|677|2017-07-02
P2,677,TaylorMade White Smoke IN-12 Putter,2017-07-09,12,53.0,1083,290,C,1,P2|677|2017-07-09
P2,677,TaylorMade White Smoke IN-12 Putter,2017-07-16,4,41.0,1083,359,C,1,P2|677|2017-07-16
P2,677,TaylorMade White Smoke IN-12 Putter,2017-07-23,6,37.0,1083,226,C,1,P2|677|2017-07-23
P2,677,TaylorMade White Smoke IN-12 Putter,2017-07-30,9,31.0,1083,322,C,1,P2|677|2017-07-30
P2,677,TaylorMade White Smoke IN-12 Putter,2017-08-06,16,22.0,1083,212,C,1,P2|677|2017-08-06
P2,677,TaylorMade White Smoke IN-12 Putter,2017-08-13,15,6.0,1083,309,C,1,P2|677|2017-08-13
P2,677,TaylorMade White Smoke IN-12 Putter,2017-08-20,12,29.0,1083,291,C,1,P2|677|2017-08-20
P2,677,TaylorMade White Smoke IN-12 Putter,2017-08-27,6,17.0,1083,270,C,1,P2|677|2017-08-27
P2,677,TaylorMade White Smoke IN-12 Putter,2017-09-03,8,11.0,1083,226,C,1,P2|677|2017-09-03
P2,677,TaylorMade White Smoke IN-12 Putter,2017-09-10,13,3.0,1083,233,C,1,P2|677|2017-09-10
P2,691,MDGolf Pittsburgh Penguins Putter,2017-04-23,8,109.0,1083,180,C,1,P2|691|2017-04-23
P2,691,MDGolf Pittsburgh Penguins Putter,2017-04-30,7,101.0,1083,285,C,1,P2|691|2017-04-30
P2,691,MDGolf Pittsburgh Penguins Putter,2017-05-07,2,94.0,1083,287,C,1,P2|691|2017-05-07
P2,691,MDGolf Pittsburgh Penguins Putter,2017-05-14,8,92.0,1083,277,C,1,P2|691|2017-05-14
P2,691,MDGolf Pittsburgh Penguins Putter,2017-05-21,5,84.0,1083,262,C,1,P2|691|2017-05-21
P2,691,MDGolf Pittsburgh Penguins Putter,2017-05-28,8,79.0,1083,329,C,1,P2|691|2017-05-28
P2,691,MDGolf Pittsburgh Penguins Putter,2017-06-04,1,71.0,1083,237,C,1,P2|691|2017-06-04
P2,691,MDGolf Pittsburgh Penguins Putter,2017-06-11,6,70.0,1083,307,C,1,P2|691|2017-06-11
P2,691,MDGolf Pittsburgh Penguins Putter,2017-06-18,2,64.0,1083,317,C,1,P2|691|2017-06-18
P2,691,MDGolf Pittsburgh Penguins Putter,2017-06-25,9,62.0,1083,224,C,1,P2|691|2017-06-25
P2,691,MDGolf Pittsburgh Penguins Putter,2017-07-02,3,53.0,1083,207,C,1,P2|691|2017-07-02
P2,691,MDGolf Pittsburgh Penguins Putter,2017-07-09,4,50.0,1083,290,C,1,P2|691|2017-07-09
P2,691,MDGolf Pittsburgh Penguins Putter,2017-07-16,5,46.0,1083,359,C,1,P2|691|2017-07-16
P2,691,MDGolf Pittsburgh Penguins Putter,2017-07-23,12,41.0,1083,226,C,1,P2|691|2017-07-23
P2,691,MDGolf Pittsburgh Penguins Putter,2017-07-30,4,29.0,1083,322,C,1,P2|691|2017-07-30
P2,691,MDGolf Pittsburgh Penguins Putter,2017-08-06,13,25.0,1083,212,C,1,P2|691|2017-08-06
P2,691,MDGolf Pittsburgh Penguins Putter,2017-08-13,16,22.0,1083,309,C,1,P2|691|2017-08-13
P2,691,MDGolf Pittsburgh Penguins Putter,2017-08-20,7,6.0,1083,291,C,1,P2|691|2017-08-20
P2,691,MDGolf Pittsburgh Penguins Putter,2017-08-27,9,0.0,1083,270,C,1,P2|691|2017-08-27
P2,691,MDGolf Pittsburgh Penguins Putter,2017-09-03,16,0.0,1083,226,C,1,P2|691|2017-09-03
P2,703,Top Flite Women's 2014 XL Hybrid,2017-01-01,18,11.0,1083,161,C,1,P2|703|2017-01-01
P2,703,Top Flite Women's 2014 XL Hybrid,2017-01-08,7,22.0,1083,252,C,1,P2|703|2017-01-08
P2,703,Top Flite Women's 2014 XL Hybrid,2017-01-15,8,15.0,1083,105,C,1,P2|703|2017-01-15
P2,703,Top Flite Women's 2014 XL Hybrid,2017-01-22,5,7.0,1083,119,C,1,P2|703|2017-01-22
P2,703,Top Flite Women's 2014 XL Hybrid,2017-01-29,2,2.0,1083,153,C,1,P2|703|2017-01-29
P2,703,Top Flite Women's 2014 XL Hybrid,2017-02-05,14,22.0,1083,96,C,1,P2|703|2017-02-05
P2,703,Top Flite Women's 2014 XL Hybrid,2017-02-12,6,8.0,1083,122,C,1,P2|703|2017-02-12
P2,703,Top Flite Women's 2014 XL Hybrid,2017-02-19,5,2.0,1083,186,C,1,P2|703|2017-02-19
P2,703,Top Flite Women's 2014 XL Hybrid,2017-02-26,9,0.0,1083,103,C,1,P2|703|2017-02-26
P2,703,Top Flite Women's 2014 XL Hybrid,2017-03-05,5,22.0,1083,38,C,1,P2|703|2017-03-05
P2,703,Top Flite Women's 2014 XL Hybrid,2017-03-12,11,17.0,1083,93,C,1,P2|703|2017-03-12
P2,703,Top Flite Women's 2014 XL Hybrid,2017-03-19,3,6.0,1083,208,C,1,P2|703|2017-03-19
P2,703,Top Flite Women's 2014 XL Hybrid,2017-03-26,3,3.0,1083,181,C,1,P2|703|2017-03-26
P2,703,Top Flite Women's 2014 XL Hybrid,2017-04-02,1,22.0,1083,147,C,1,P2|703|2017-04-02
P2,703,Top Flite Women's 2014 XL Hybrid,2017-04-09,13,21.0,1083,160,C,1,P2|703|2017-04-09
P2,703,Top Flite Women's 2014 XL Hybrid,2017-04-16,11,8.0,1083,244,C,1,P2|703|2017-04-16
P2,703,Top Flite Women's 2014 XL Hybrid,2017-04-23,3,0.0,1083,180,C,1,P2|703|2017-04-23
P2,705,Cleveland Golf Women's 588 RTX CB Satin Chrom,2017-04-23,2,50.0,1083,180,C,1,P2|705|2017-04-23
P2,705,Cleveland Golf Women's 588 RTX CB Satin Chrom,2017-04-30,6,48.0,1083,285,C,1,P2|705|2017-04-30
P2,705,Cleveland Golf Women's 588 RTX CB Satin Chrom,2017-05-07,3,42.0,1083,287,C,1,P2|705|2017-05-07
P2,705,Cleveland Golf Women's 588 RTX CB Satin Chrom,2017-05-14,1,39.0,1083,277,C,1,P2|705|2017-05-14
P2,705,Cleveland Golf Women's 588 RTX CB Satin Chrom,2017-05-21,0,38.0,1083,262,C,1,P2|705|2017-05-21
P2,705,Cleveland Golf Women's 588 RTX CB Satin Chrom,2017-05-28,4,38.0,1083,329,C,1,P2|705|2017-05-28
P2,705,Cleveland Golf Women's 588 RTX CB Satin Chrom,2017-06-04,4,34.0,1083,237,C,1,P2|705|2017-06-04
P2,705,Cleveland Golf Women's 588 RTX CB Satin Chrom,2017-06-11,3,30.0,1083,307,C,1,P2|705|2017-06-11
P2,705,Cleveland Golf Women's 588 RTX CB Satin Chrom,2017-06-18,5,27.0,1083,317,C,1,P2|705|2017-06-18
P2,705,Cleveland Golf Women's 588 RTX CB Satin Chrom,2017-06-25,0,22.0,1083,224,C,1,P2|705|2017-06-25
P2,705,Cleveland Golf Women's 588 RTX CB Satin Chrom,2017-07-02,5,22.0,1083,207,C,1,P2|705|2017-07-02
P2,705,Cleveland Golf Women's 588 RTX CB Satin Chrom,2017-07-09,5,17.0,1083,290,C,1,P2|705|2017-07-09
P2,705,Cleveland Golf Women's 588 RTX CB Satin Chrom,2017-07-16,4,12.0,1083,359,C,1,P2|705|2017-07-16
P2,705,Cleveland Golf Women's 588 RTX CB Satin Chrom,2017-07-23,4,8.0,1083,226,C,1,P2|705|2017-07-23
P2,705,Cleveland Golf Women's 588 RTX CB Satin Chrom,2017-07-30,5,4.0,1083,322,C,1,P2|705|2017-07-30
P2,705,Cleveland Golf Women's 588 RTX CB Satin Chrom,2017-08-06,2,0.0,1083,212,C,1,P2|705|2017-08-06
P2,705,Cleveland Golf Women's 588 RTX CB Satin Chrom,2017-08-13,2,10.0,1083,309,C,1,P2|705|2017-08-13
P2,705,Cleveland Golf Women's 588 RTX CB Satin Chrom,2017-08-20,3,8.0,1083,291,C,1,P2|705|2017-08-20
P2,705,Cleveland Golf Women's 588 RTX CB Satin Chrom,2017-08-27,6,5.0,1083,270,C,1,P2|705|2017-08-27
P2,705,Cleveland Golf Women's 588 RTX CB Satin Chrom,2017-09-03,5,0.0,1083,226,C,1,P2|705|2017-09-03
P2,705,Cleveland Golf Women's 588 RTX CB Satin Chrom,2017-09-10,1,10.0,1083,233,C,1,P2|705|2017-09-10
P2,715,TaylorMade Women's RBZ SL Rescue,2017-04-23,1,49.0,1083,180,C,1,P2|715|2017-04-23
P2,715,TaylorMade Women's RBZ SL Rescue,2017-04-30,3,48.0,1083,285,C,1,P2|715|2017-04-30
P2,715,TaylorMade Women's RBZ SL Rescue,2017-05-07,3,45.0,1083,287,C,1,P2|715|2017-05-07
P2,715,TaylorMade Women's RBZ SL Rescue,2017-05-14,3,42.0,1083,277,C,1,P2|715|2017-05-14
P2,715,TaylorMade Women's RBZ SL Rescue,2017-05-21,2,39.0,1083,262,C,1,P2|715|2017-05-21
P2,715,TaylorMade Women's RBZ SL Rescue,2017-05-28,0,37.0,1083,329,C,1,P2|715|2017-05-28
P2,715,TaylorMade Women's RBZ SL Rescue,2017-06-04,9,37.0,1083,237,C,1,P2|715|2017-06-04
P2,715,TaylorMade Women's RBZ SL Rescue,2017-06-11,1,28.0,1083,307,C,1,P2|715|2017-06-11
P2,715,TaylorMade Women's RBZ SL Rescue,2017-06-18,3,27.0,1083,317,C,1,P2|715|2017-06-18
P2,715,TaylorMade Women's RBZ SL Rescue,2017-06-25,2,24.0,1083,224,C,1,P2|715|2017-06-25
P2,715,TaylorMade Women's RBZ SL Rescue,2017-07-02,4,22.0,1083,207,C,1,P2|715|2017-07-02
P2,715,TaylorMade Women's RBZ SL Rescue,2017-07-09,2,18.0,1083,290,C,1,P2|715|2017-07-09
P2,715,TaylorMade Women's RBZ SL Rescue,2017-07-16,2,16.0,1083,359,C,1,P2|715|2017-07-16
P2,715,TaylorMade Women's RBZ SL Rescue,2017-07-23,2,14.0,1083,226,C,1,P2|715|2017-07-23
P2,715,TaylorMade Women's RBZ SL Rescue,2017-07-30,2,12.0,1083,322,C,1,P2|715|2017-07-30
P2,715,TaylorMade Women's RBZ SL Rescue,2017-08-06,8,10.0,1083,212,C,1,P2|715|2017-08-06
P2,715,TaylorMade Women's RBZ SL Rescue,2017-08-13,6,10.0,1083,309,C,1,P2|715|2017-08-13
P2,715,TaylorMade Women's RBZ SL Rescue,2017-08-20,4,4.0,1083,291,C,1,P2|715|2017-08-20
P2,715,TaylorMade Women's RBZ SL Rescue,2017-08-27,5,0.0,1083,270,C,1,P2|715|2017-08-27
P2,715,TaylorMade Women's RBZ SL Rescue,2017-09-03,2,0.0,1083,226,C,1,P2|715|2017-09-03
P2,715,TaylorMade Women's RBZ SL Rescue,2017-09-10,4,10.0,1083,233,C,1,P2|715|2017-09-10
P2,724,LIJA Women's Mid-Length Panel Golf Shorts,2017-04-23,3,162.0,1083,180,C,1,P2|724|2017-04-23
P2,724,LIJA Women's Mid-Length Panel Golf Shorts,2017-04-30,6,159.0,1083,285,C,1,P2|724|2017-04-30
P2,724,LIJA Women's Mid-Length Panel Golf Shorts,2017-05-07,8,153.0,1083,287,C,1,P2|724|2017-05-07
P2,724,LIJA Women's Mid-Length Panel Golf Shorts,2017-05-14,17,145.0,1083,277,C,1,P2|724|2017-05-14
P2,724,LIJA Women's Mid-Length Panel Golf Shorts,2017-05-21,3,128.0,1083,262,C,1,P2|724|2017-05-21
P2,724,LIJA Women's Mid-Length Panel Golf Shorts,2017-05-28,3,125.0,1083,329,C,1,P2|724|2017-05-28
P2,724,LIJA Women's Mid-Length Panel Golf Shorts,2017-06-04,11,122.0,1083,237,C,1,P2|724|2017-06-04
P2,724,LIJA Women's Mid-Length Panel Golf Shorts,2017-06-11,5,111.0,1083,307,C,1,P2|724|2017-06-11
P2,724,LIJA Women's Mid-Length Panel Golf Shorts,2017-06-18,21,106.0,1083,317,C,1,P2|724|2017-06-18
P2,724,LIJA Women's Mid-Length Panel Golf Shorts,2017-06-25,23,85.0,1083,224,C,1,P2|724|2017-06-25
P2,724,LIJA Women's Mid-Length Panel Golf Shorts,2017-07-02,12,62.0,1083,207,C,1,P2|724|2017-07-02
P2,724,LIJA Women's Mid-Length Panel Golf Shorts,2017-07-09,22,50.0,1083,290,C,1,P2|724|2017-07-09
P2,724,LIJA Women's Mid-Length Panel Golf Shorts,2017-07-16,9,32.0,1083,359,C,1,P2|724|2017-07-16
P2,724,LIJA Women's Mid-Length Panel Golf Shorts,2017-07-23,8,23.0,1083,226,C,1,P2|724|2017-07-23
P2,724,LIJA Women's Mid-Length Panel Golf Shorts,2017-07-30,4,15.0,1083,322,C,1,P2|724|2017-07-30
P2,724,LIJA Women's Mid-Length Panel Golf Shorts,2017-08-06,23,11.0,1083,212,C,1,P2|724|2017-08-06
P2,724,LIJA Women's Mid-Length Panel Golf Shorts,2017-08-13,8,32.0,1083,309,C,1,P2|724|2017-08-13
P2,724,LIJA Women's Mid-Length Panel Golf Shorts,2017-08-20,13,24.0,1083,291,C,1,P2|724|2017-08-20
P2,724,LIJA Women's Mid-Length Panel Golf Shorts,2017-08-27,1,11.0,1083,270,C,1,P2|724|2017-08-27
P2,724,LIJA Women's Mid-Length Panel Golf Shorts,2017-09-03,21,10.0,1083,226,C,1,P2|724|2017-09-03
P2,724,LIJA Women's Mid-Length Panel Golf Shorts,2017-09-10,6,32.0,1083,233,C,1,P2|724|2017-09-10
P2,725,LIJA Women's Button Golf Dress,2017-04-23,2,54.0,1083,180,C,1,P2|725|2017-04-23
P2,725,LIJA Women's Button Golf Dress,2017-04-30,6,52.0,1083,285,C,1,P2|725|2017-04-30
P2,725,LIJA Women's Button Golf Dress,2017-05-07,2,46.0,1083,287,C,1,P2|725|2017-05-07
P2,725,LIJA Women's Button Golf Dress,2017-05-14,4,44.0,1083,277,C,1,P2|725|2017-05-14
P2,725,LIJA Women's Button Golf Dress,2017-05-21,4,40.0,1083,262,C,1,P2|725|2017-05-21
P2,725,LIJA Women's Button Golf Dress,2017-05-28,1,36.0,1083,329,C,1,P2|725|2017-05-28
P2,725,LIJA Women's Button Golf Dress,2017-06-04,4,35.0,1083,237,C,1,P2|725|2017-06-04
P2,725,LIJA Women's Button Golf Dress,2017-06-11,6,31.0,1083,307,C,1,P2|725|2017-06-11
P2,725,LIJA Women's Button Golf Dress,2017-06-18,5,25.0,1083,317,C,1,P2|725|2017-06-18
P2,725,LIJA Women's Button Golf Dress,2017-06-25,2,20.0,1083,224,C,1,P2|725|2017-06-25
P2,725,LIJA Women's Button Golf Dress,2017-07-02,6,18.0,1083,207,C,1,P2|725|2017-07-02
P2,725,LIJA Women's Button Golf Dress,2017-07-09,4,12.0,1083,290,C,1,P2|725|2017-07-09
P2,725,LIJA Women's Button Golf Dress,2017-07-16,7,11.0,1083,359,C,1,P2|725|2017-07-16
P2,725,LIJA Women's Button Golf Dress,2017-07-23,2,4.0,1083,226,C,1,P2|725|2017-07-23
P2,725,LIJA Women's Button Golf Dress,2017-07-30,4,2.0,1083,322,C,1,P2|725|2017-07-30
P2,725,LIJA Women's Button Golf Dress,2017-08-06,2,0.0,1083,212,C,1,P2|725|2017-08-06
P2,725,LIJA Women's Button Golf Dress,2017-08-13,4,11.0,1083,309,C,1,P2|725|2017-08-13
P2,725,LIJA Women's Button Golf Dress,2017-08-20,6,7.0,1083,291,C,1,P2|725|2017-08-20
P2,725,LIJA Women's Button Golf Dress,2017-08-27,1,1.0,1083,270,C,1,P2|725|2017-08-27
P2,725,LIJA Women's Button Golf Dress,2017-09-03,3,0.0,1083,226,C,1,P2|725|2017-09-03
P2,725,LIJA Women's Button Golf Dress,2017-09-10,1,11.0,1083,233,C,1,P2|725|2017-09-10
P2,728,LIJA Women's Eyelet Sleeveless Golf Polo,2017-01-01,25,22.0,1083,161,B,2,P2|728|2017-01-01
P2,728,LIJA Women's Eyelet Sleeveless Golf Polo,2017-01-08,4,34.0,1083,252,B,2,P2|728|2017-01-08
P2,728,LIJA Women's Eyelet Sleeveless Golf Polo,2017-01-15,10,30.0,1083,105,B,2,P2|728|2017-01-15
P2,728,LIJA Women's Eyelet Sleeveless Golf Polo,2017-01-22,1,20.0,1083,119,B,2,P2|728|2017-01-22
P2,728,LIJA Women's Eyelet Sleeveless Golf Polo,2017-01-29,4,19.0,1083,153,B,2,P2|728|2017-01-29
P2,728,LIJA Women's Eyelet Sleeveless Golf Polo,2017-02-05,14,34.0,1083,96,B,2,P2|728|2017-02-05
P2,728,LIJA Women's Eyelet Sleeveless Golf Polo,2017-02-12,12,20.0,1083,122,B,2,P2|728|2017-02-12
P2,728,LIJA Women's Eyelet Sleeveless Golf Polo,2017-02-19,11,8.0,1083,186,B,2,P2|728|2017-02-19
P2,728,LIJA Women's Eyelet Sleeveless Golf Polo,2017-02-26,4,0.0,1083,103,B,2,P2|728|2017-02-26
P2,728,LIJA Women's Eyelet Sleeveless Golf Polo,2017-03-05,3,34.0,1083,38,B,2,P2|728|2017-03-05
P2,728,LIJA Women's Eyelet Sleeveless Golf Polo,2017-03-12,6,31.0,1083,93,B,2,P2|728|2017-03-12
P2,728,LIJA Women's Eyelet Sleeveless Golf Polo,2017-03-19,3,25.0,1083,208,B,2,P2|728|2017-03-19
P2,728,LIJA Women's Eyelet Sleeveless Golf Polo,2017-03-26,6,22.0,1083,181,B,2,P2|728|2017-03-26
P2,728,LIJA Women's Eyelet Sleeveless Golf Polo,2017-04-02,11,34.0,1083,147,B,2,P2|728|2017-04-02
P2,728,LIJA Women's Eyelet Sleeveless Golf Polo,2017-04-09,10,23.0,1083,160,B,2,P2|728|2017-04-09
P2,728,LIJA Women's Eyelet Sleeveless Golf Polo,2017-04-16,6,13.0,1083,244,B,2,P2|728|2017-04-16
P2,728,LIJA Women's Eyelet Sleeveless Golf Polo,2017-04-23,5,7.0,1083,180,B,2,P2|728|2017-04-23
P2,730,LIJA Women's Argyle Golf Polo,2017-04-30,3,146.0,1083,285,C,1,P2|730|2017-04-30
P2,730,LIJA Women's Argyle Golf Polo,2017-05-07,14,143.0,1083,287,C,1,P2|730|2017-05-07
P2,730,LIJA Women's Argyle Golf Polo,2017-05-14,12,129.0,1083,277,C,1,P2|730|2017-05-14
P2,730,LIJA Women's Argyle Golf Polo,2017-05-21,13,117.0,1083,262,C,1,P2|730|2017-05-21
P2,730,LIJA Women's Argyle Golf Polo,2017-05-28,9,104.0,1083,329,C,1,P2|730|2017-05-28
P2,730,LIJA Women's Argyle Golf Polo,2017-06-04,15,95.0,1083,237,C,1,P2|730|2017-06-04
P2,730,LIJA Women's Argyle Golf Polo,2017-06-11,12,80.0,1083,307,C,1,P2|730|2017-06-11
P2,730,LIJA Women's Argyle Golf Polo,2017-06-18,16,68.0,1083,317,C,1,P2|730|2017-06-18
P2,730,LIJA Women's Argyle Golf Polo,2017-06-25,6,52.0,1083,224,C,1,P2|730|2017-06-25
P2,730,LIJA Women's Argyle Golf Polo,2017-07-02,4,46.0,1083,207,C,1,P2|730|2017-07-02
P2,730,LIJA Women's Argyle Golf Polo,2017-07-09,5,42.0,1083,290,C,1,P2|730|2017-07-09
P2,730,LIJA Women's Argyle Golf Polo,2017-07-16,14,37.0,1083,359,C,1,P2|730|2017-07-16
P2,730,LIJA Women's Argyle Golf Polo,2017-07-23,6,29.0,1083,226,C,1,P2|730|2017-07-23
P2,730,LIJA Women's Argyle Golf Polo,2017-07-30,5,23.0,1083,322,C,1,P2|730|2017-07-30
P2,730,LIJA Women's Argyle Golf Polo,2017-08-06,5,18.0,1083,212,C,1,P2|730|2017-08-06
P2,730,LIJA Women's Argyle Golf Polo,2017-08-13,5,13.0,1083,309,C,1,P2|730|2017-08-13
P2,730,LIJA Women's Argyle Golf Polo,2017-08-20,13,29.0,1083,291,C,1,P2|730|2017-08-20
P2,730,LIJA Women's Argyle Golf Polo,2017-08-27,12,16.0,1083,270,C,1,P2|730|2017-08-27
P2,730,LIJA Women's Argyle Golf Polo,2017-09-03,11,4.0,1083,226,C,1,P2|730|2017-09-03
P2,730,LIJA Women's Argyle Golf Polo,2017-09-10,15,0.0,1083,233,C,1,P2|730|2017-09-10
P2,743,Ogio Race Golf Shoes,2017-04-30,4,48.0,1083,285,C,1,P2|743|2017-04-30
P2,743,Ogio Race Golf Shoes,2017-05-07,4,44.0,1083,287,C,1,P2|743|2017-05-07
P2,743,Ogio Race Golf Shoes,2017-05-14,2,40.0,1083,277,C,1,P2|743|2017-05-14
P2,743,Ogio Race Golf Shoes,2017-05-21,3,38.0,1083,262,C,1,P2|743|2017-05-21
P2,743,Ogio Race Golf Shoes,2017-05-28,6,35.0,1083,329,C,1,P2|743|2017-05-28
P2,743,Ogio Race Golf Shoes,2017-06-04,3,29.0,1083,237,C,1,P2|743|2017-06-04
P2,743,Ogio Race Golf Shoes,2017-06-11,2,26.0,1083,307,C,1,P2|743|2017-06-11
P2,743,Ogio Race Golf Shoes,2017-06-18,1,24.0,1083,317,C,1,P2|743|2017-06-18
P2,743,Ogio Race Golf Shoes,2017-06-25,6,23.0,1083,224,C,1,P2|743|2017-06-25
P2,743,Ogio Race Golf Shoes,2017-07-02,3,17.0,1083,207,C,1,P2|743|2017-07-02
P2,743,Ogio Race Golf Shoes,2017-07-09,4,14.0,1083,290,C,1,P2|743|2017-07-09
P2,743,Ogio Race Golf Shoes,2017-07-16,4,10.0,1083,359,C,1,P2|743|2017-07-16
P2,743,Ogio Race Golf Shoes,2017-07-23,1,10.0,1083,226,C,1,P2|743|2017-07-23
P2,743,Ogio Race Golf Shoes,2017-07-30,2,9.0,1083,322,C,1,P2|743|2017-07-30
P2,743,Ogio Race Golf Shoes,2017-08-06,3,7.0,1083,212,C,1,P2|743|2017-08-06
P2,743,Ogio Race Golf Shoes,2017-08-13,4,4.0,1083,309,C,1,P2|743|2017-08-13
P2,743,Ogio Race Golf Shoes,2017-08-20,6,10.0,1083,291,C,1,P2|743|2017-08-20
P2,743,Ogio Race Golf Shoes,2017-08-27,0,4.0,1083,270,C,1,P2|743|2017-08-27
P2,743,Ogio Race Golf Shoes,2017-09-03,3,4.0,1083,226,C,1,P2|743|2017-09-03
P2,768,Titleist Club Glove Travel Cover,2017-09-17,12,170.0,1083,344,C,1,P2|768|2017-09-17
P2,768,Titleist Club Glove Travel Cover,2017-09-24,10,158.0,1083,329,C,1,P2|768|2017-09-24
P2,768,Titleist Club Glove Travel Cover,2017-10-01,12,148.0,1083,353,C,1,P2|768|2017-10-01
P2,771,Clicgear Rovic Cooler Bag,2017-01-01,7,21.0,1083,161,C,1,P2|771|2017-01-01
P2,771,Clicgear Rovic Cooler Bag,2017-01-08,17,14.0,1083,252,C,1,P2|771|2017-01-08
P2,771,Clicgear Rovic Cooler Bag,2017-01-15,5,0.0,1083,105,C,1,P2|771|2017-01-15
P2,771,Clicgear Rovic Cooler Bag,2017-01-22,0,0.0,1083,119,C,1,P2|771|2017-01-22
P2,771,Clicgear Rovic Cooler Bag,2017-01-29,11,21.0,1083,153,C,1,P2|771|2017-01-29
P2,771,Clicgear Rovic Cooler Bag,2017-02-05,4,10.0,1083,96,C,1,P2|771|2017-02-05
P2,771,Clicgear Rovic Cooler Bag,2017-02-12,0,6.0,1083,122,C,1,P2|771|2017-02-12
P2,771,Clicgear Rovic Cooler Bag,2017-02-19,5,6.0,1083,186,C,1,P2|771|2017-02-19
P2,771,Clicgear Rovic Cooler Bag,2017-02-26,1,21.0,1083,103,C,1,P2|771|2017-02-26
P2,771,Clicgear Rovic Cooler Bag,2017-03-05,12,20.0,1083,38,C,1,P2|771|2017-03-05
P2,771,Clicgear Rovic Cooler Bag,2017-03-12,16,8.0,1083,93,C,1,P2|771|2017-03-12
P2,771,Clicgear Rovic Cooler Bag,2017-03-19,10,0.0,1083,208,C,1,P2|771|2017-03-19
P2,771,Clicgear Rovic Cooler Bag,2017-03-26,18,21.0,1083,181,C,1,P2|771|2017-03-26
P2,771,Clicgear Rovic Cooler Bag,2017-04-02,3,3.0,1083,147,C,1,P2|771|2017-04-02
P2,771,Clicgear Rovic Cooler Bag,2017-04-09,4,0.0,1083,160,C,1,P2|771|2017-04-09
P2,771,Clicgear Rovic Cooler Bag,2017-04-16,6,0.0,1083,244,C,1,P2|771|2017-04-16
P2,771,Clicgear Rovic Cooler Bag,2017-04-23,9,21.0,1083,180,C,1,P2|771|2017-04-23
P2,773,Titleist Small Wheeled Travel Cover,2017-04-30,1,40.0,1083,285,C,1,P2|773|2017-04-30
P2,773,Titleist Small Wheeled Travel Cover,2017-05-07,1,39.0,1083,287,C,1,P2|773|2017-05-07
P2,773,Titleist Small Wheeled Travel Cover,2017-05-14,2,38.0,1083,277,C,1,P2|773|2017-05-14
P2,773,Titleist Small Wheeled Travel Cover,2017-05-21,0,36.0,1083,262,C,1,P2|773|2017-05-21
P2,773,Titleist Small Wheeled Travel Cover,2017-05-28,6,36.0,1083,329,C,1,P2|773|2017-05-28
P2,773,Titleist Small Wheeled Travel Cover,2017-06-04,3,30.0,1083,237,C,1,P2|773|2017-06-04
P2,773,Titleist Small Wheeled Travel Cover,2017-06-11,9,27.0,1083,307,C,1,P2|773|2017-06-11
P2,773,Titleist Small Wheeled Travel Cover,2017-06-18,1,18.0,1083,317,C,1,P2|773|2017-06-18
P2,773,Titleist Small Wheeled Travel Cover,2017-06-25,1,17.0,1083,224,C,1,P2|773|2017-06-25
P2,773,Titleist Small Wheeled Travel Cover,2017-07-02,3,16.0,1083,207,C,1,P2|773|2017-07-02
P2,773,Titleist Small Wheeled Travel Cover,2017-07-09,2,13.0,1083,290,C,1,P2|773|2017-07-09
P2,773,Titleist Small Wheeled Travel Cover,2017-07-16,1,11.0,1083,359,C,1,P2|773|2017-07-16
P2,773,Titleist Small Wheeled Travel Cover,2017-07-23,4,10.0,1083,226,C,1,P2|773|2017-07-23
P2,773,Titleist Small Wheeled Travel Cover,2017-07-30,2,6.0,1083,322,C,1,P2|773|2017-07-30
P2,773,Titleist Small Wheeled Travel Cover,2017-08-06,2,4.0,1083,212,C,1,P2|773|2017-08-06
P2,773,Titleist Small Wheeled Travel Cover,2017-08-13,1,2.0,1083,309,C,1,P2|773|2017-08-13
P2,773,Titleist Small Wheeled Travel Cover,2017-08-20,0,8.0,1083,291,C,1,P2|773|2017-08-20
P2,773,Titleist Small Wheeled Travel Cover,2017-08-27,5,8.0,1083,270,C,1,P2|773|2017-08-27
P2,773,Titleist Small Wheeled Travel Cover,2017-09-03,3,3.0,1083,226,C,1,P2|773|2017-09-03
P2,773,Titleist Small Wheeled Travel Cover,2017-09-10,7,0.0,1083,233,C,1,P2|773|2017-09-10
P2,775,Clicgear 8.0 Shoe Brush,2017-01-01,3,22.0,1083,161,C,1,P2|775|2017-01-01
P2,775,Clicgear 8.0 Shoe Brush,2017-01-08,8,19.0,1083,252,C,1,P2|775|2017-01-08
P2,775,Clicgear 8.0 Shoe Brush,2017-01-15,6,11.0,1083,105,C,1,P2|775|2017-01-15
P2,775,Clicgear 8.0 Shoe Brush,2017-01-22,8,5.0,1083,119,C,1,P2|775|2017-01-22
P2,775,Clicgear 8.0 Shoe Brush,2017-01-29,4,22.0,1083,153,C,1,P2|775|2017-01-29
P2,775,Clicgear 8.0 Shoe Brush,2017-02-05,5,18.0,1083,96,C,1,P2|775|2017-02-05
P2,775,Clicgear 8.0 Shoe Brush,2017-02-12,7,13.0,1083,122,C,1,P2|775|2017-02-12
P2,775,Clicgear 8.0 Shoe Brush,2017-02-19,10,6.0,1083,186,C,1,P2|775|2017-02-19
P2,775,Clicgear 8.0 Shoe Brush,2017-02-26,5,22.0,1083,103,C,1,P2|775|2017-02-26
P2,775,Clicgear 8.0 Shoe Brush,2017-03-05,14,17.0,1083,38,C,1,P2|775|2017-03-05
P2,775,Clicgear 8.0 Shoe Brush,2017-03-12,4,3.0,1083,93,C,1,P2|775|2017-03-12
P2,775,Clicgear 8.0 Shoe Brush,2017-03-19,8,0.0,1083,208,C,1,P2|775|2017-03-19
P2,775,Clicgear 8.0 Shoe Brush,2017-03-26,0,22.0,1083,181,C,1,P2|775|2017-03-26
P2,775,Clicgear 8.0 Shoe Brush,2017-04-02,16,22.0,1083,147,C,1,P2|775|2017-04-02
P2,775,Clicgear 8.0 Shoe Brush,2017-04-09,13,6.0,1083,160,C,1,P2|775|2017-04-09
P2,775,Clicgear 8.0 Shoe Brush,2017-04-16,3,0.0,1083,244,C,1,P2|775|2017-04-16
P2,775,Clicgear 8.0 Shoe Brush,2017-04-23,7,22.0,1083,180,C,1,P2|775|2017-04-23
P2,777,Bag Boy M330 Push Cart,2017-04-30,4,149.0,1083,285,C,1,P2|777|2017-04-30
P2,777,Bag Boy M330 Push Cart,2017-05-07,14,145.0,1083,287,C,1,P2|777|2017-05-07
P2,777,Bag Boy M330 Push Cart,2017-05-14,16,131.0,1083,277,C,1,P2|777|2017-05-14
P2,777,Bag Boy M330 Push Cart,2017-05-21,9,115.0,1083,262,C,1,P2|777|2017-05-21
P2,777,Bag Boy M330 Push Cart,2017-05-28,25,106.0,1083,329,C,1,P2|777|2017-05-28
P2,777,Bag Boy M330 Push Cart,2017-06-04,7,81.0,1083,237,C,1,P2|777|2017-06-04
P2,777,Bag Boy M330 Push Cart,2017-06-11,8,74.0,1083,307,C,1,P2|777|2017-06-11
P2,777,Bag Boy M330 Push Cart,2017-06-18,0,66.0,1083,317,C,1,P2|777|2017-06-18
P2,777,Bag Boy M330 Push Cart,2017-06-25,19,66.0,1083,224,C,1,P2|777|2017-06-25
P2,777,Bag Boy M330 Push Cart,2017-07-02,9,47.0,1083,207,C,1,P2|777|2017-07-02
P2,777,Bag Boy M330 Push Cart,2017-07-09,4,38.0,1083,290,C,1,P2|777|2017-07-09
P2,777,Bag Boy M330 Push Cart,2017-07-16,9,34.0,1083,359,C,1,P2|777|2017-07-16
P2,777,Bag Boy M330 Push Cart,2017-07-23,5,30.0,1083,226,C,1,P2|777|2017-07-23
P2,777,Bag Boy M330 Push Cart,2017-07-30,3,25.0,1083,322,C,1,P2|777|2017-07-30
P2,777,Bag Boy M330 Push Cart,2017-08-06,15,22.0,1083,212,C,1,P2|777|2017-08-06
P2,777,Bag Boy M330 Push Cart,2017-08-13,17,7.0,1083,309,C,1,P2|777|2017-08-13
P2,777,Bag Boy M330 Push Cart,2017-08-20,6,30.0,1083,291,C,1,P2|777|2017-08-20
P2,777,Bag Boy M330 Push Cart,2017-08-27,4,24.0,1083,270,C,1,P2|777|2017-08-27
P2,777,Bag Boy M330 Push Cart,2017-09-03,13,20.0,1083,226,C,1,P2|777|2017-09-03
P2,777,Bag Boy M330 Push Cart,2017-09-10,16,7.0,1083,233,C,1,P2|777|2017-09-10
P2,777,Bag Boy M330 Push Cart,2017-09-17,5,30.0,1083,344,C,1,P2|777|2017-09-17
P2,778,Bag Boy Beverage Holder,2017-01-01,7,21.0,1083,161,C,1,P2|778|2017-01-01
P2,778,Bag Boy Beverage Holder,2017-01-08,7,14.0,1083,252,C,1,P2|778|2017-01-08
P2,778,Bag Boy Beverage Holder,2017-01-15,0,7.0,1083,105,C,1,P2|778|2017-01-15
P2,778,Bag Boy Beverage Holder,2017-01-22,4,7.0,1083,119,C,1,P2|778|2017-01-22
P2,778,Bag Boy Beverage Holder,2017-01-29,0,21.0,1083,153,C,1,P2|778|2017-01-29
P2,778,Bag Boy Beverage Holder,2017-02-05,8,21.0,1083,96,C,1,P2|778|2017-02-05
P2,778,Bag Boy Beverage Holder,2017-02-12,1,13.0,1083,122,C,1,P2|778|2017-02-12
P2,778,Bag Boy Beverage Holder,2017-02-19,5,12.0,1083,186,C,1,P2|778|2017-02-19
P2,778,Bag Boy Beverage Holder,2017-02-26,16,21.0,1083,103,C,1,P2|778|2017-02-26
P2,778,Bag Boy Beverage Holder,2017-03-05,5,5.0,1083,38,C,1,P2|778|2017-03-05
P2,778,Bag Boy Beverage Holder,2017-03-12,1,0.0,1083,93,C,1,P2|778|2017-03-12
P2,778,Bag Boy Beverage Holder,2017-03-19,8,0.0,1083,208,C,1,P2|778|2017-03-19
P2,778,Bag Boy Beverage Holder,2017-03-26,5,21.0,1083,181,C,1,P2|778|2017-03-26
P2,778,Bag Boy Beverage Holder,2017-04-02,16,16.0,1083,147,C,1,P2|778|2017-04-02
P2,778,Bag Boy Beverage Holder,2017-04-09,15,0.0,1083,160,C,1,P2|778|2017-04-09
P2,778,Bag Boy Beverage Holder,2017-04-16,6,0.0,1083,244,C,1,P2|778|2017-04-16
P2,778,Bag Boy Beverage Holder,2017-04-23,1,21.0,1083,180,C,1,P2|778|2017-04-23
P2,786,TaylorMade 2014 Purelite Stand Bag,2017-04-30,4,49.0,1083,285,C,1,P2|786|2017-04-30
P2,786,TaylorMade 2014 Purelite Stand Bag,2017-05-07,1,45.0,1083,287,C,1,P2|786|2017-05-07
P2,786,TaylorMade 2014 Purelite Stand Bag,2017-05-14,6,44.0,1083,277,C,1,P2|786|2017-05-14
P2,786,TaylorMade 2014 Purelite Stand Bag,2017-05-21,3,38.0,1083,262,C,1,P2|786|2017-05-21
P2,786,TaylorMade 2014 Purelite Stand Bag,2017-05-28,3,35.0,1083,329,C,1,P2|786|2017-05-28
P2,786,TaylorMade 2014 Purelite Stand Bag,2017-06-04,4,32.0,1083,237,C,1,P2|786|2017-06-04
P2,786,TaylorMade 2014 Purelite Stand Bag,2017-06-11,3,28.0,1083,307,C,1,P2|786|2017-06-11
P2,786,TaylorMade 2014 Purelite Stand Bag,2017-06-18,2,25.0,1083,317,C,1,P2|786|2017-06-18
P2,786,TaylorMade 2014 Purelite Stand Bag,2017-06-25,7,23.0,1083,224,C,1,P2|786|2017-06-25
P2,786,TaylorMade 2014 Purelite Stand Bag,2017-07-02,1,16.0,1083,207,C,1,P2|786|2017-07-02
P2,786,TaylorMade 2014 Purelite Stand Bag,2017-07-09,3,15.0,1083,290,C,1,P2|786|2017-07-09
P2,786,TaylorMade 2014 Purelite Stand Bag,2017-07-16,4,12.0,1083,359,C,1,P2|786|2017-07-16
P2,786,TaylorMade 2014 Purelite Stand Bag,2017-07-23,3,10.0,1083,226,C,1,P2|786|2017-07-23
P2,786,TaylorMade 2014 Purelite Stand Bag,2017-07-30,2,7.0,1083,322,C,1,P2|786|2017-07-30
P2,786,TaylorMade 2014 Purelite Stand Bag,2017-08-06,4,5.0,1083,212,C,1,P2|786|2017-08-06
P2,786,TaylorMade 2014 Purelite Stand Bag,2017-08-13,3,1.0,1083,309,C,1,P2|786|2017-08-13
P2,786,TaylorMade 2014 Purelite Stand Bag,2017-08-20,4,10.0,1083,291,C,1,P2|786|2017-08-20
P2,786,TaylorMade 2014 Purelite Stand Bag,2017-08-27,2,6.0,1083,270,C,1,P2|786|2017-08-27
P2,786,TaylorMade 2014 Purelite Stand Bag,2017-09-03,5,4.0,1083,226,C,1,P2|786|2017-09-03
P2,786,TaylorMade 2014 Purelite Stand Bag,2017-09-10,1,0.0,1083,233,C,1,P2|786|2017-09-10
P2,792,Hirzl Men's Hybrid Golf Glove,2017-01-01,8,21.0,1083,161,C,1,P2|792|2017-01-01
P2,792,Hirzl Men's Hybrid Golf Glove,2017-01-08,10,13.0,1083,252,C,1,P2|792|2017-01-08
P2,792,Hirzl Men's Hybrid Golf Glove,2017-01-15,15,3.0,1083,105,C,1,P2|792|2017-01-15
P2,792,Hirzl Men's Hybrid Golf Glove,2017-01-22,5,0.0,1083,119,C,1,P2|792|2017-01-22
P2,792,Hirzl Men's Hybrid Golf Glove,2017-01-29,10,21.0,1083,153,C,1,P2|792|2017-01-29
P2,792,Hirzl Men's Hybrid Golf Glove,2017-02-05,12,11.0,1083,96,C,1,P2|792|2017-02-05
P2,792,Hirzl Men's Hybrid Golf Glove,2017-02-12,7,0.0,1083,122,C,1,P2|792|2017-02-12
P2,792,Hirzl Men's Hybrid Golf Glove,2017-02-19,6,0.0,1083,186,C,1,P2|792|2017-02-19
P2,792,Hirzl Men's Hybrid Golf Glove,2017-02-26,9,21.0,1083,103,C,1,P2|792|2017-02-26
P2,792,Hirzl Men's Hybrid Golf Glove,2017-03-05,12,12.0,1083,38,C,1,P2|792|2017-03-05
P2,792,Hirzl Men's Hybrid Golf Glove,2017-03-12,0,0.0,1083,93,C,1,P2|792|2017-03-12
P2,792,Hirzl Men's Hybrid Golf Glove,2017-03-19,5,0.0,1083,208,C,1,P2|792|2017-03-19
P2,792,Hirzl Men's Hybrid Golf Glove,2017-03-26,12,21.0,1083,181,C,1,P2|792|2017-03-26
P2,792,Hirzl Men's Hybrid Golf Glove,2017-04-02,3,9.0,1083,147,C,1,P2|792|2017-04-02
P2,792,Hirzl Men's Hybrid Golf Glove,2017-04-09,8,6.0,1083,160,C,1,P2|792|2017-04-09
P2,792,Hirzl Men's Hybrid Golf Glove,2017-04-16,4,0.0,1083,244,C,1,P2|792|2017-04-16
P2,792,Hirzl Men's Hybrid Golf Glove,2017-04-23,5,21.0,1083,180,C,1,P2|792|2017-04-23
P2,793,Hirzl Women's Hybrid Golf Glove,2017-01-01,8,5.0,1083,161,C,1,P2|793|2017-01-01
P2,793,Hirzl Women's Hybrid Golf Glove,2017-01-08,2,22.0,1083,252,C,1,P2|793|2017-01-08
P2,793,Hirzl Women's Hybrid Golf Glove,2017-01-15,3,20.0,1083,105,C,1,P2|793|2017-01-15
P2,793,Hirzl Women's Hybrid Golf Glove,2017-01-22,10,17.0,1083,119,C,1,P2|793|2017-01-22
P2,793,Hirzl Women's Hybrid Golf Glove,2017-01-29,1,7.0,1083,153,C,1,P2|793|2017-01-29
P2,793,Hirzl Women's Hybrid Golf Glove,2017-02-05,2,22.0,1083,96,C,1,P2|793|2017-02-05
P2,793,Hirzl Women's Hybrid Golf Glove,2017-02-12,7,20.0,1083,122,C,1,P2|793|2017-02-12
P2,793,Hirzl Women's Hybrid Golf Glove,2017-02-19,3,13.0,1083,186,C,1,P2|793|2017-02-19
P2,793,Hirzl Women's Hybrid Golf Glove,2017-02-26,4,10.0,1083,103,C,1,P2|793|2017-02-26
P2,793,Hirzl Women's Hybrid Golf Glove,2017-03-05,5,22.0,1083,38,C,1,P2|793|2017-03-05
P2,793,Hirzl Women's Hybrid Golf Glove,2017-03-12,8,17.0,1083,93,C,1,P2|793|2017-03-12
P2,793,Hirzl Women's Hybrid Golf Glove,2017-03-19,8,9.0,1083,208,C,1,P2|793|2017-03-19
P2,793,Hirzl Women's Hybrid Golf Glove,2017-03-26,9,1.0,1083,181,C,1,P2|793|2017-03-26
P2,793,Hirzl Women's Hybrid Golf Glove,2017-04-02,3,22.0,1083,147,C,1,P2|793|2017-04-02
P2,793,Hirzl Women's Hybrid Golf Glove,2017-04-09,6,19.0,1083,160,C,1,P2|793|2017-04-09
P2,793,Hirzl Women's Hybrid Golf Glove,2017-04-16,6,13.0,1083,244,C,1,P2|793|2017-04-16
P2,793,Hirzl Women's Hybrid Golf Glove,2017-04-23,3,7.0,1083,180,C,1,P2|793|2017-04-23
P2,797,Hirzl Women's Soffft Flex Golf Glove,2017-01-01,6,22.0,1083,161,C,1,P2|797|2017-01-01
P2,797,Hirzl Women's Soffft Flex Golf Glove,2017-01-08,7,16.0,1083,252,C,1,P2|797|2017-01-08
P2,797,Hirzl Women's Soffft Flex Golf Glove,2017-01-15,17,9.0,1083,105,C,1,P2|797|2017-01-15
P2,797,Hirzl Women's Soffft Flex Golf Glove,2017-01-22,10,0.0,1083,119,C,1,P2|797|2017-01-22
P2,797,Hirzl Women's Soffft Flex Golf Glove,2017-01-29,2,22.0,1083,153,C,1,P2|797|2017-01-29
P2,797,Hirzl Women's Soffft Flex Golf Glove,2017-02-05,0,20.0,1083,96,C,1,P2|797|2017-02-05
P2,797,Hirzl Women's Soffft Flex Golf Glove,2017-02-12,12,20.0,1083,122,C,1,P2|797|2017-02-12
P2,797,Hirzl Women's Soffft Flex Golf Glove,2017-02-19,11,8.0,1083,186,C,1,P2|797|2017-02-19
P2,797,Hirzl Women's Soffft Flex Golf Glove,2017-02-26,10,22.0,1083,103,C,1,P2|797|2017-02-26
P2,797,Hirzl Women's Soffft Flex Golf Glove,2017-03-05,11,12.0,1083,38,C,1,P2|797|2017-03-05
P2,797,Hirzl Women's Soffft Flex Golf Glove,2017-03-12,0,1.0,1083,93,C,1,P2|797|2017-03-12
P2,797,Hirzl Women's Soffft Flex Golf Glove,2017-03-19,6,1.0,1083,208,C,1,P2|797|2017-03-19
P2,797,Hirzl Women's Soffft Flex Golf Glove,2017-03-26,0,22.0,1083,181,C,1,P2|797|2017-03-26
P2,797,Hirzl Women's Soffft Flex Golf Glove,2017-04-02,14,22.0,1083,147,C,1,P2|797|2017-04-02
P2,797,Hirzl Women's Soffft Flex Golf Glove,2017-04-09,4,8.0,1083,160,C,1,P2|797|2017-04-09
P2,797,Hirzl Women's Soffft Flex Golf Glove,2017-04-16,2,4.0,1083,244,C,1,P2|797|2017-04-16
P2,797,Hirzl Women's Soffft Flex Golf Glove,2017-04-23,5,22.0,1083,180,C,1,P2|797|2017-04-23
P2,804,Glove It Women's Imperial Golf Glove,2017-01-01,14,33.0,1083,161,B,2,P2|804|2017-01-01
P2,804,Glove It Women's Imperial Golf Glove,2017-01-08,0,19.0,1083,252,B,2,P2|804|2017-01-08
P2,804,Glove It Women's Imperial Golf Glove,2017-01-15,5,19.0,1083,105,B,2,P2|804|2017-01-15
P2,804,Glove It Women's Imperial Golf Glove,2017-01-22,16,14.0,1083,119,B,2,P2|804|2017-01-22
P2,804,Glove It Women's Imperial Golf Glove,2017-01-29,15,33.0,1083,153,B,2,P2|804|2017-01-29
P2,804,Glove It Women's Imperial Golf Glove,2017-02-05,2,18.0,1083,96,B,2,P2|804|2017-02-05
P2,804,Glove It Women's Imperial Golf Glove,2017-02-12,14,16.0,1083,122,B,2,P2|804|2017-02-12
P2,804,Glove It Women's Imperial Golf Glove,2017-02-19,5,2.0,1083,186,B,2,P2|804|2017-02-19
P2,804,Glove It Women's Imperial Golf Glove,2017-02-26,13,33.0,1083,103,B,2,P2|804|2017-02-26
P2,804,Glove It Women's Imperial Golf Glove,2017-03-05,10,20.0,1083,38,B,2,P2|804|2017-03-05
P2,804,Glove It Women's Imperial Golf Glove,2017-03-12,7,10.0,1083,93,B,2,P2|804|2017-03-12
P2,804,Glove It Women's Imperial Golf Glove,2017-03-19,0,3.0,1083,208,B,2,P2|804|2017-03-19
P2,804,Glove It Women's Imperial Golf Glove,2017-03-26,2,33.0,1083,181,B,2,P2|804|2017-03-26
P2,804,Glove It Women's Imperial Golf Glove,2017-04-02,1,31.0,1083,147,B,2,P2|804|2017-04-02
P2,804,Glove It Women's Imperial Golf Glove,2017-04-09,7,30.0,1083,160,B,2,P2|804|2017-04-09
P2,804,Glove It Women's Imperial Golf Glove,2017-04-16,6,23.0,1083,244,B,2,P2|804|2017-04-16
P2,804,Glove It Women's Imperial Golf Glove,2017-04-23,9,33.0,1083,180,B,2,P2|804|2017-04-23
P2,810,Glove It Women's Mod Oval Golf Glove,2017-01-01,8,20.0,1083,161,C,1,P2|810|2017-01-01
P2,810,Glove It Women's Mod Oval Golf Glove,2017-01-08,12,12.0,1083,252,C,1,P2|810|2017-01-08
P2,810,Glove It Women's Mod Oval Golf Glove,2017-01-15,3,0.0,1083,105,C,1,P2|810|2017-01-15
P2,810,Glove It Women's Mod Oval Golf Glove,2017-01-22,12,0.0,1083,119,C,1,P2|810|2017-01-22
P2,810,Glove It Women's Mod Oval Golf Glove,2017-01-29,10,20.0,1083,153,C,1,P2|810|2017-01-29
P2,810,Glove It Women's Mod Oval Golf Glove,2017-02-05,9,10.0,1083,96,C,1,P2|810|2017-02-05
P2,810,Glove It Women's Mod Oval Golf Glove,2017-02-12,4,1.0,1083,122,C,1,P2|810|2017-02-12
P2,810,Glove It Women's Mod Oval Golf Glove,2017-02-19,13,0.0,1083,186,C,1,P2|810|2017-02-19
P2,810,Glove It Women's Mod Oval Golf Glove,2017-02-26,8,20.0,1083,103,C,1,P2|810|2017-02-26
P2,810,Glove It Women's Mod Oval Golf Glove,2017-03-05,4,12.0,1083,38,C,1,P2|810|2017-03-05
P2,810,Glove It Women's Mod Oval Golf Glove,2017-03-12,7,8.0,1083,93,C,1,P2|810|2017-03-12
P2,810,Glove It Women's Mod Oval Golf Glove,2017-03-19,5,1.0,1083,208,C,1,P2|810|2017-03-19
P2,810,Glove It Women's Mod Oval Golf Glove,2017-03-26,2,20.0,1083,181,C,1,P2|810|2017-03-26
P2,810,Glove It Women's Mod Oval Golf Glove,2017-04-02,14,18.0,1083,147,C,1,P2|810|2017-04-02
P2,810,Glove It Women's Mod Oval Golf Glove,2017-04-09,2,4.0,1083,160,C,1,P2|810|2017-04-09
P2,810,Glove It Women's Mod Oval Golf Glove,2017-04-16,5,2.0,1083,244,C,1,P2|810|2017-04-16
P2,810,Glove It Women's Mod Oval Golf Glove,2017-04-23,11,20.0,1083,180,C,1,P2|810|2017-04-23
P2,818,Titleist Pro V1x Golf Balls,2017-01-01,19,21.0,1083,161,C,1,P2|818|2017-01-01
P2,818,Titleist Pro V1x Golf Balls,2017-01-08,2,2.0,1083,252,C,1,P2|818|2017-01-08
P2,818,Titleist Pro V1x Golf Balls,2017-01-15,11,0.0,1083,105,C,1,P2|818|2017-01-15
P2,818,Titleist Pro V1x Golf Balls,2017-01-22,0,0.0,1083,119,C,1,P2|818|2017-01-22
P2,818,Titleist Pro V1x Golf Balls,2017-01-29,13,21.0,1083,153,C,1,P2|818|2017-01-29
P2,818,Titleist Pro V1x Golf Balls,2017-02-05,2,8.0,1083,96,C,1,P2|818|2017-02-05
P2,818,Titleist Pro V1x Golf Balls,2017-02-12,13,6.0,1083,122,C,1,P2|818|2017-02-12
P2,818,Titleist Pro V1x Golf Balls,2017-02-19,14,0.0,1083,186,C,1,P2|818|2017-02-19
P2,818,Titleist Pro V1x Golf Balls,2017-02-26,11,21.0,1083,103,C,1,P2|818|2017-02-26
P2,818,Titleist Pro V1x Golf Balls,2017-03-05,0,10.0,1083,38,C,1,P2|818|2017-03-05
P2,818,Titleist Pro V1x Golf Balls,2017-03-12,2,10.0,1083,93,C,1,P2|818|2017-03-12
P2,818,Titleist Pro V1x Golf Balls,2017-03-19,12,8.0,1083,208,C,1,P2|818|2017-03-19
P2,818,Titleist Pro V1x Golf Balls,2017-03-26,5,21.0,1083,181,C,1,P2|818|2017-03-26
P2,818,Titleist Pro V1x Golf Balls,2017-04-02,22,16.0,1083,147,C,1,P2|818|2017-04-02
P2,818,Titleist Pro V1x Golf Balls,2017-04-09,1,0.0,1083,160,C,1,P2|818|2017-04-09
P2,818,Titleist Pro V1x Golf Balls,2017-04-16,6,0.0,1083,244,C,1,P2|818|2017-04-16
P2,818,Titleist Pro V1x Golf Balls,2017-04-23,2,21.0,1083,180,C,1,P2|818|2017-04-23
P2,821,Titleist Pro V1 High Numbers Personalized Gol,2017-01-01,7,21.0,1083,161,C,1,P2|821|2017-01-01
P2,821,Titleist Pro V1 High Numbers Personalized Gol,2017-01-08,2,14.0,1083,252,C,1,P2|821|2017-01-08
P2,821,Titleist Pro V1 High Numbers Personalized Gol,2017-01-15,6,12.0,1083,105,C,1,P2|821|2017-01-15
P2,821,Titleist Pro V1 High Numbers Personalized Gol,2017-01-22,2,6.0,1083,119,C,1,P2|821|2017-01-22
P2,821,Titleist Pro V1 High Numbers Personalized Gol,2017-01-29,7,21.0,1083,153,C,1,P2|821|2017-01-29
P2,821,Titleist Pro V1 High Numbers Personalized Gol,2017-02-05,17,14.0,1083,96,C,1,P2|821|2017-02-05
P2,821,Titleist Pro V1 High Numbers Personalized Gol,2017-02-12,9,0.0,1083,122,C,1,P2|821|2017-02-12
P2,821,Titleist Pro V1 High Numbers Personalized Gol,2017-02-19,16,0.0,1083,186,C,1,P2|821|2017-02-19
P2,821,Titleist Pro V1 High Numbers Personalized Gol,2017-02-26,5,21.0,1083,103,C,1,P2|821|2017-02-26
P2,821,Titleist Pro V1 High Numbers Personalized Gol,2017-03-05,8,16.0,1083,38,C,1,P2|821|2017-03-05
P2,821,Titleist Pro V1 High Numbers Personalized Gol,2017-03-12,7,8.0,1083,93,C,1,P2|821|2017-03-12
P2,821,Titleist Pro V1 High Numbers Personalized Gol,2017-03-19,3,1.0,1083,208,C,1,P2|821|2017-03-19
P2,821,Titleist Pro V1 High Numbers Personalized Gol,2017-03-26,6,21.0,1083,181,C,1,P2|821|2017-03-26
P2,821,Titleist Pro V1 High Numbers Personalized Gol,2017-04-02,8,15.0,1083,147,C,1,P2|821|2017-04-02
P2,821,Titleist Pro V1 High Numbers Personalized Gol,2017-04-09,2,7.0,1083,160,C,1,P2|821|2017-04-09
P2,821,Titleist Pro V1 High Numbers Personalized Gol,2017-04-16,4,5.0,1083,244,C,1,P2|821|2017-04-16
P2,821,Titleist Pro V1 High Numbers Personalized Gol,2017-04-23,4,21.0,1083,180,C,1,P2|821|2017-04-23
P2,822,Titleist Pro V1x High Numbers Golf Balls,2017-01-01,3,20.0,1083,161,C,1,P2|822|2017-01-01
P2,822,Titleist Pro V1x High Numbers Golf Balls,2017-01-08,2,17.0,1083,252,C,1,P2|822|2017-01-08
P2,822,Titleist Pro V1x High Numbers Golf Balls,2017-01-15,15,15.0,1083,105,C,1,P2|822|2017-01-15
P2,822,Titleist Pro V1x High Numbers Golf Balls,2017-01-22,2,0.0,1083,119,C,1,P2|822|2017-01-22
P2,822,Titleist Pro V1x High Numbers Golf Balls,2017-01-29,13,20.0,1083,153,C,1,P2|822|2017-01-29
P2,822,Titleist Pro V1x High Numbers Golf Balls,2017-02-05,6,7.0,1083,96,C,1,P2|822|2017-02-05
P2,822,Titleist Pro V1x High Numbers Golf Balls,2017-02-12,12,1.0,1083,122,C,1,P2|822|2017-02-12
P2,822,Titleist Pro V1x High Numbers Golf Balls,2017-02-19,7,0.0,1083,186,C,1,P2|822|2017-02-19
P2,822,Titleist Pro V1x High Numbers Golf Balls,2017-02-26,4,20.0,1083,103,C,1,P2|822|2017-02-26
P2,822,Titleist Pro V1x High Numbers Golf Balls,2017-03-05,10,16.0,1083,38,C,1,P2|822|2017-03-05
P2,822,Titleist Pro V1x High Numbers Golf Balls,2017-03-12,6,6.0,1083,93,C,1,P2|822|2017-03-12
P2,822,Titleist Pro V1x High Numbers Golf Balls,2017-03-19,12,0.0,1083,208,C,1,P2|822|2017-03-19
P2,822,Titleist Pro V1x High Numbers Golf Balls,2017-03-26,5,20.0,1083,181,C,1,P2|822|2017-03-26
P2,822,Titleist Pro V1x High Numbers Golf Balls,2017-04-02,10,15.0,1083,147,C,1,P2|822|2017-04-02
P2,822,Titleist Pro V1x High Numbers Golf Balls,2017-04-09,6,5.0,1083,160,C,1,P2|822|2017-04-09
P2,822,Titleist Pro V1x High Numbers Golf Balls,2017-04-16,3,0.0,1083,244,C,1,P2|822|2017-04-16
P2,822,Titleist Pro V1x High Numbers Golf Balls,2017-04-23,10,20.0,1083,180,C,1,P2|822|2017-04-23
P2,823,Titleist Pro V1x High Numbers Personalized Go,2017-01-01,4,32.0,1083,161,B,2,P2|823|2017-01-01
P2,823,Titleist Pro V1x High Numbers Personalized Go,2017-01-08,2,28.0,1083,252,B,2,P2|823|2017-01-08
P2,823,Titleist Pro V1x High Numbers Personalized Go,2017-01-15,22,26.0,1083,105,B,2,P2|823|2017-01-15
P2,823,Titleist Pro V1x High Numbers Personalized Go,2017-01-22,16,4.0,1083,119,B,2,P2|823|2017-01-22
P2,823,Titleist Pro V1x High Numbers Personalized Go,2017-01-29,7,32.0,1083,153,B,2,P2|823|2017-01-29
P2,823,Titleist Pro V1x High Numbers Personalized Go,2017-02-05,4,25.0,1083,96,B,2,P2|823|2017-02-05
P2,823,Titleist Pro V1x High Numbers Personalized Go,2017-02-12,3,21.0,1083,122,B,2,P2|823|2017-02-12
P2,823,Titleist Pro V1x High Numbers Personalized Go,2017-02-19,6,18.0,1083,186,B,2,P2|823|2017-02-19
P2,823,Titleist Pro V1x High Numbers Personalized Go,2017-02-26,1,32.0,1083,103,B,2,P2|823|2017-02-26
P2,823,Titleist Pro V1x High Numbers Personalized Go,2017-03-05,10,31.0,1083,38,B,2,P2|823|2017-03-05
P2,823,Titleist Pro V1x High Numbers Personalized Go,2017-03-12,13,21.0,1083,93,B,2,P2|823|2017-03-12
P2,823,Titleist Pro V1x High Numbers Personalized Go,2017-03-19,10,8.0,1083,208,B,2,P2|823|2017-03-19
P2,823,Titleist Pro V1x High Numbers Personalized Go,2017-03-26,7,32.0,1083,181,B,2,P2|823|2017-03-26
P2,823,Titleist Pro V1x High Numbers Personalized Go,2017-04-02,8,25.0,1083,147,B,2,P2|823|2017-04-02
P2,823,Titleist Pro V1x High Numbers Personalized Go,2017-04-09,6,17.0,1083,160,B,2,P2|823|2017-04-09
P2,823,Titleist Pro V1x High Numbers Personalized Go,2017-04-16,6,11.0,1083,244,B,2,P2|823|2017-04-16
P2,823,Titleist Pro V1x High Numbers Personalized Go,2017-04-23,7,32.0,1083,180,B,2,P2|823|2017-04-23
P2,825,Bridgestone e6 Straight Distance NFL Tennesse,2017-01-01,16,20.0,1083,161,C,1,P2|825|2017-01-01
P2,825,Bridgestone e6 Straight Distance NFL Tennesse,2017-01-08,12,4.0,1083,252,C,1,P2|825|2017-01-08
P2,825,Bridgestone e6 Straight Distance NFL Tennesse,2017-01-15,9,0.0,1083,105,C,1,P2|825|2017-01-15
P2,825,Bridgestone e6 Straight Distance NFL Tennesse,2017-01-22,5,0.0,1083,119,C,1,P2|825|2017-01-22
P2,825,Bridgestone e6 Straight Distance NFL Tennesse,2017-01-29,0,20.0,1083,153,C,1,P2|825|2017-01-29
P2,825,Bridgestone e6 Straight Distance NFL Tennesse,2017-02-05,26,20.0,1083,96,C,1,P2|825|2017-02-05
P2,825,Bridgestone e6 Straight Distance NFL Tennesse,2017-02-12,4,0.0,1083,122,C,1,P2|825|2017-02-12
P2,825,Bridgestone e6 Straight Distance NFL Tennesse,2017-02-19,9,0.0,1083,186,C,1,P2|825|2017-02-19
P2,825,Bridgestone e6 Straight Distance NFL Tennesse,2017-02-26,0,20.0,1083,103,C,1,P2|825|2017-02-26
P2,825,Bridgestone e6 Straight Distance NFL Tennesse,2017-03-05,14,20.0,1083,38,C,1,P2|825|2017-03-05
P2,825,Bridgestone e6 Straight Distance NFL Tennesse,2017-03-12,9,6.0,1083,93,C,1,P2|825|2017-03-12
P2,825,Bridgestone e6 Straight Distance NFL Tennesse,2017-03-19,4,0.0,1083,208,C,1,P2|825|2017-03-19
P2,825,Bridgestone e6 Straight Distance NFL Tennesse,2017-03-26,5,20.0,1083,181,C,1,P2|825|2017-03-26
P2,825,Bridgestone e6 Straight Distance NFL Tennesse,2017-04-02,7,15.0,1083,147,C,1,P2|825|2017-04-02
P2,825,Bridgestone e6 Straight Distance NFL Tennesse,2017-04-09,8,8.0,1083,160,C,1,P2|825|2017-04-09
P2,828,Bridgestone e6 Straight Distance NFL San Dieg,2017-01-01,19,22.0,1083,161,C,1,P2|828|2017-01-01
P2,828,Bridgestone e6 Straight Distance NFL San Dieg,2017-01-08,9,3.0,1083,252,C,1,P2|828|2017-01-08
P2,828,Bridgestone e6 Straight Distance NFL San Dieg,2017-01-15,2,0.0,1083,105,C,1,P2|828|2017-01-15
P2,828,Bridgestone e6 Straight Distance NFL San Dieg,2017-01-22,8,0.0,1083,119,C,1,P2|828|2017-01-22
P2,828,Bridgestone e6 Straight Distance NFL San Dieg,2017-01-29,9,22.0,1083,153,C,1,P2|828|2017-01-29
P2,828,Bridgestone e6 Straight Distance NFL San Dieg,2017-02-05,0,13.0,1083,96,C,1,P2|828|2017-02-05
P2,828,Bridgestone e6 Straight Distance NFL San Dieg,2017-02-12,9,13.0,1083,122,C,1,P2|828|2017-02-12
P2,828,Bridgestone e6 Straight Distance NFL San Dieg,2017-02-19,12,4.0,1083,186,C,1,P2|828|2017-02-19
P2,828,Bridgestone e6 Straight Distance NFL San Dieg,2017-02-26,3,22.0,1083,103,C,1,P2|828|2017-02-26
P2,828,Bridgestone e6 Straight Distance NFL San Dieg,2017-03-05,7,19.0,1083,38,C,1,P2|828|2017-03-05
P2,828,Bridgestone e6 Straight Distance NFL San Dieg,2017-03-12,6,12.0,1083,93,C,1,P2|828|2017-03-12
P2,828,Bridgestone e6 Straight Distance NFL San Dieg,2017-03-19,8,6.0,1083,208,C,1,P2|828|2017-03-19
P2,828,Bridgestone e6 Straight Distance NFL San Dieg,2017-03-26,10,22.0,1083,181,C,1,P2|828|2017-03-26
P2,828,Bridgestone e6 Straight Distance NFL San Dieg,2017-04-02,12,12.0,1083,147,C,1,P2|828|2017-04-02
P2,828,Bridgestone e6 Straight Distance NFL San Dieg,2017-04-09,18,0.0,1083,160,C,1,P2|828|2017-04-09
P2,828,Bridgestone e6 Straight Distance NFL San Dieg,2017-04-16,1,0.0,1083,244,C,1,P2|828|2017-04-16
P2,828,Bridgestone e6 Straight Distance NFL San Dieg,2017-04-23,4,22.0,1083,180,C,1,P2|828|2017-04-23
P2,835,Bridgestone e6 Straight Distance NFL Carolina,2017-01-01,2,33.0,1083,161,B,2,P2|835|2017-01-01
P2,835,Bridgestone e6 Straight Distance NFL Carolina,2017-01-08,7,31.0,1083,252,B,2,P2|835|2017-01-08
P2,835,Bridgestone e6 Straight Distance NFL Carolina,2017-01-15,2,24.0,1083,105,B,2,P2|835|2017-01-15
P2,835,Bridgestone e6 Straight Distance NFL Carolina,2017-01-22,5,22.0,1083,119,B,2,P2|835|2017-01-22
P2,835,Bridgestone e6 Straight Distance NFL Carolina,2017-01-29,5,33.0,1083,153,B,2,P2|835|2017-01-29
P2,835,Bridgestone e6 Straight Distance NFL Carolina,2017-02-05,1,28.0,1083,96,B,2,P2|835|2017-02-05
P2,835,Bridgestone e6 Straight Distance NFL Carolina,2017-02-12,7,27.0,1083,122,B,2,P2|835|2017-02-12
P2,835,Bridgestone e6 Straight Distance NFL Carolina,2017-02-19,5,20.0,1083,186,B,2,P2|835|2017-02-19
P2,835,Bridgestone e6 Straight Distance NFL Carolina,2017-02-26,6,33.0,1083,103,B,2,P2|835|2017-02-26
P2,835,Bridgestone e6 Straight Distance NFL Carolina,2017-03-05,19,27.0,1083,38,B,2,P2|835|2017-03-05
P2,835,Bridgestone e6 Straight Distance NFL Carolina,2017-03-12,5,8.0,1083,93,B,2,P2|835|2017-03-12
P2,835,Bridgestone e6 Straight Distance NFL Carolina,2017-03-19,2,3.0,1083,208,B,2,P2|835|2017-03-19
P2,835,Bridgestone e6 Straight Distance NFL Carolina,2017-03-26,3,33.0,1083,181,B,2,P2|835|2017-03-26
P2,835,Bridgestone e6 Straight Distance NFL Carolina,2017-04-02,6,30.0,1083,147,B,2,P2|835|2017-04-02
P2,835,Bridgestone e6 Straight Distance NFL Carolina,2017-04-09,0,24.0,1083,160,B,2,P2|835|2017-04-09
P2,835,Bridgestone e6 Straight Distance NFL Carolina,2017-04-16,5,24.0,1083,244,B,2,P2|835|2017-04-16
P2,835,Bridgestone e6 Straight Distance NFL Carolina,2017-04-23,2,33.0,1083,180,B,2,P2|835|2017-04-23
P2,845,Garmin Approach S4 Golf GPS Watch,2017-09-17,11,180.0,1083,344,C,1,P2|845|2017-09-17
P2,845,Garmin Approach S4 Golf GPS Watch,2017-09-24,15,169.0,1083,329,C,1,P2|845|2017-09-24
P2,845,Garmin Approach S4 Golf GPS Watch,2017-10-01,10,154.0,1083,353,C,1,P2|845|2017-10-01
P2,858,GolfBuddy VT3 GPS Watch,2017-04-23,1,42.0,1083,180,C,1,P2|858|2017-04-23
P2,858,GolfBuddy VT3 GPS Watch,2017-04-30,3,41.0,1083,285,C,1,P2|858|2017-04-30
P2,858,GolfBuddy VT3 GPS Watch,2017-05-07,4,38.0,1083,287,C,1,P2|858|2017-05-07
P2,858,GolfBuddy VT3 GPS Watch,2017-05-14,3,34.0,1083,277,C,1,P2|858|2017-05-14
P2,858,GolfBuddy VT3 GPS Watch,2017-05-21,2,31.0,1083,262,C,1,P2|858|2017-05-21
P2,858,GolfBuddy VT3 GPS Watch,2017-05-28,2,29.0,1083,329,C,1,P2|858|2017-05-28
P2,858,GolfBuddy VT3 GPS Watch,2017-06-04,3,27.0,1083,237,C,1,P2|858|2017-06-04
P2,858,GolfBuddy VT3 GPS Watch,2017-06-11,1,24.0,1083,307,C,1,P2|858|2017-06-11
P2,858,GolfBuddy VT3 GPS Watch,2017-06-18,3,23.0,1083,317,C,1,P2|858|2017-06-18
P2,858,GolfBuddy VT3 GPS Watch,2017-06-25,2,20.0,1083,224,C,1,P2|858|2017-06-25
P2,858,GolfBuddy VT3 GPS Watch,2017-07-02,5,18.0,1083,207,C,1,P2|858|2017-07-02
P2,858,GolfBuddy VT3 GPS Watch,2017-07-09,4,13.0,1083,290,C,1,P2|858|2017-07-09
P2,858,GolfBuddy VT3 GPS Watch,2017-07-16,1,9.0,1083,359,C,1,P2|858|2017-07-16
P2,858,GolfBuddy VT3 GPS Watch,2017-07-23,5,8.0,1083,226,C,1,P2|858|2017-07-23
P2,858,GolfBuddy VT3 GPS Watch,2017-07-30,4,3.0,1083,322,C,1,P2|858|2017-07-30
P2,858,GolfBuddy VT3 GPS Watch,2017-08-06,3,0.0,1083,212,C,1,P2|858|2017-08-06
P2,858,GolfBuddy VT3 GPS Watch,2017-08-13,1,8.0,1083,309,C,1,P2|858|2017-08-13
P2,858,GolfBuddy VT3 GPS Watch,2017-08-20,3,7.0,1083,291,C,1,P2|858|2017-08-20
P2,858,GolfBuddy VT3 GPS Watch,2017-08-27,5,4.0,1083,270,C,1,P2|858|2017-08-27
P2,858,GolfBuddy VT3 GPS Watch,2017-09-03,1,0.0,1083,226,C,1,P2|858|2017-09-03
P2,858,GolfBuddy VT3 GPS Watch,2017-09-10,3,8.0,1083,233,C,1,P2|858|2017-09-10
P2,860,Bushnell Pro X7 Jolt Slope Rangefinder,2017-10-01,10,82.0,1083,353,C,1,P2|860|2017-10-01
P2,860,Bushnell Pro X7 Jolt Slope Rangefinder,2017-10-08,1,72.0,1083,1049,C,1,P2|860|2017-10-08
P2,885,Team Golf St. Louis Cardinals Putter Grip,2017-01-01,10,7.0,1083,161,B,2,P2|885|2017-01-01
P2,885,Team Golf St. Louis Cardinals Putter Grip,2017-01-08,17,0.0,1083,252,B,2,P2|885|2017-01-08
P2,885,Team Golf St. Louis Cardinals Putter Grip,2017-01-15,5,35.0,1083,105,B,2,P2|885|2017-01-15
P2,885,Team Golf St. Louis Cardinals Putter Grip,2017-01-22,5,30.0,1083,119,B,2,P2|885|2017-01-22
P2,885,Team Golf St. Louis Cardinals Putter Grip,2017-01-29,0,25.0,1083,153,B,2,P2|885|2017-01-29
P2,885,Team Golf St. Louis Cardinals Putter Grip,2017-02-05,22,25.0,1083,96,B,2,P2|885|2017-02-05
P2,885,Team Golf St. Louis Cardinals Putter Grip,2017-02-12,13,35.0,1083,122,B,2,P2|885|2017-02-12
P2,885,Team Golf St. Louis Cardinals Putter Grip,2017-02-19,5,22.0,1083,186,B,2,P2|885|2017-02-19
P2,885,Team Golf St. Louis Cardinals Putter Grip,2017-02-26,2,17.0,1083,103,B,2,P2|885|2017-02-26
P2,885,Team Golf St. Louis Cardinals Putter Grip,2017-03-05,4,15.0,1083,38,B,2,P2|885|2017-03-05
P2,885,Team Golf St. Louis Cardinals Putter Grip,2017-03-12,8,35.0,1083,93,B,2,P2|885|2017-03-12
P2,885,Team Golf St. Louis Cardinals Putter Grip,2017-03-19,4,27.0,1083,208,B,2,P2|885|2017-03-19
P2,885,Team Golf St. Louis Cardinals Putter Grip,2017-03-26,0,23.0,1083,181,B,2,P2|885|2017-03-26
P2,885,Team Golf St. Louis Cardinals Putter Grip,2017-04-02,3,23.0,1083,147,B,2,P2|885|2017-04-02
P2,885,Team Golf St. Louis Cardinals Putter Grip,2017-04-09,7,35.0,1083,160,B,2,P2|885|2017-04-09
P2,885,Team Golf St. Louis Cardinals Putter Grip,2017-04-16,0,28.0,1083,244,B,2,P2|885|2017-04-16
P2,885,Team Golf St. Louis Cardinals Putter Grip,2017-04-23,5,28.0,1083,180,B,2,P2|885|2017-04-23
P2,886,Team Golf San Francisco Giants Putter Grip,2017-01-01,8,22.0,1083,161,C,1,P2|886|2017-01-01
P2,886,Team Golf San Francisco Giants Putter Grip,2017-01-08,3,14.0,1083,252,C,1,P2|886|2017-01-08
P2,886,Team Golf San Francisco Giants Putter Grip,2017-01-15,6,11.0,1083,105,C,1,P2|886|2017-01-15
P2,886,Team Golf San Francisco Giants Putter Grip,2017-01-22,10,5.0,1083,119,C,1,P2|886|2017-01-22
P2,886,Team Golf San Francisco Giants Putter Grip,2017-01-29,16,22.0,1083,153,C,1,P2|886|2017-01-29
P2,886,Team Golf San Francisco Giants Putter Grip,2017-02-05,5,6.0,1083,96,C,1,P2|886|2017-02-05
P2,886,Team Golf San Francisco Giants Putter Grip,2017-02-12,7,1.0,1083,122,C,1,P2|886|2017-02-12
P2,886,Team Golf San Francisco Giants Putter Grip,2017-02-19,9,0.0,1083,186,C,1,P2|886|2017-02-19
P2,886,Team Golf San Francisco Giants Putter Grip,2017-02-26,10,22.0,1083,103,C,1,P2|886|2017-02-26
P2,886,Team Golf San Francisco Giants Putter Grip,2017-03-05,7,12.0,1083,38,C,1,P2|886|2017-03-05
P2,886,Team Golf San Francisco Giants Putter Grip,2017-03-12,11,5.0,1083,93,C,1,P2|886|2017-03-12
P2,886,Team Golf San Francisco Giants Putter Grip,2017-03-19,16,0.0,1083,208,C,1,P2|886|2017-03-19
P2,886,Team Golf San Francisco Giants Putter Grip,2017-03-26,4,22.0,1083,181,C,1,P2|886|2017-03-26
P2,886,Team Golf San Francisco Giants Putter Grip,2017-04-02,11,18.0,1083,147,C,1,P2|886|2017-04-02
P2,886,Team Golf San Francisco Giants Putter Grip,2017-04-09,16,7.0,1083,160,C,1,P2|886|2017-04-09
P2,886,Team Golf San Francisco Giants Putter Grip,2017-04-16,19,0.0,1083,244,C,1,P2|886|2017-04-16
P2,886,Team Golf San Francisco Giants Putter Grip,2017-04-23,6,22.0,1083,180,C,1,P2|886|2017-04-23
P2,893,Team Golf Pittsburgh Steelers Putter Grip,2017-01-01,4,0.0,1083,161,C,1,P2|893|2017-01-01
P2,893,Team Golf Pittsburgh Steelers Putter Grip,2017-01-08,3,22.0,1083,252,C,1,P2|893|2017-01-08
P2,893,Team Golf Pittsburgh Steelers Putter Grip,2017-01-15,2,19.0,1083,105,C,1,P2|893|2017-01-15
P2,893,Team Golf Pittsburgh Steelers Putter Grip,2017-01-22,7,17.0,1083,119,C,1,P2|893|2017-01-22
P2,893,Team Golf Pittsburgh Steelers Putter Grip,2017-01-29,18,10.0,1083,153,C,1,P2|893|2017-01-29
P2,893,Team Golf Pittsburgh Steelers Putter Grip,2017-02-05,3,22.0,1083,96,C,1,P2|893|2017-02-05
P2,893,Team Golf Pittsburgh Steelers Putter Grip,2017-02-12,11,19.0,1083,122,C,1,P2|893|2017-02-12
P2,893,Team Golf Pittsburgh Steelers Putter Grip,2017-02-19,5,8.0,1083,186,C,1,P2|893|2017-02-19
P2,893,Team Golf Pittsburgh Steelers Putter Grip,2017-02-26,2,3.0,1083,103,C,1,P2|893|2017-02-26
P2,893,Team Golf Pittsburgh Steelers Putter Grip,2017-03-05,0,22.0,1083,38,C,1,P2|893|2017-03-05
P2,893,Team Golf Pittsburgh Steelers Putter Grip,2017-03-12,17,22.0,1083,93,C,1,P2|893|2017-03-12
P2,893,Team Golf Pittsburgh Steelers Putter Grip,2017-03-19,2,5.0,1083,208,C,1,P2|893|2017-03-19
P2,893,Team Golf Pittsburgh Steelers Putter Grip,2017-03-26,5,3.0,1083,181,C,1,P2|893|2017-03-26
P2,893,Team Golf Pittsburgh Steelers Putter Grip,2017-04-02,0,22.0,1083,147,C,1,P2|893|2017-04-02
P2,893,Team Golf Pittsburgh Steelers Putter Grip,2017-04-09,10,22.0,1083,160,C,1,P2|893|2017-04-09
P2,893,Team Golf Pittsburgh Steelers Putter Grip,2017-04-16,18,12.0,1083,244,C,1,P2|893|2017-04-16
P2,893,Team Golf Pittsburgh Steelers Putter Grip,2017-04-23,10,0.0,1083,180,C,1,P2|893|2017-04-23
P2,897,Team Golf New England Patriots Putter Grip,2017-01-01,19,20.0,1083,161,C,1,P2|897|2017-01-01
P2,897,Team Golf New England Patriots Putter Grip,2017-01-08,8,1.0,1083,252,C,1,P2|897|2017-01-08
P2,897,Team Golf New England Patriots Putter Grip,2017-01-15,6,0.0,1083,105,C,1,P2|897|2017-01-15
P2,897,Team Golf New England Patriots Putter Grip,2017-01-22,4,0.0,1083,119,C,1,P2|897|2017-01-22
P2,897,Team Golf New England Patriots Putter Grip,2017-01-29,2,20.0,1083,153,C,1,P2|897|2017-01-29
P2,897,Team Golf New England Patriots Putter Grip,2017-02-05,11,18.0,1083,96,C,1,P2|897|2017-02-05
P2,897,Team Golf New England Patriots Putter Grip,2017-02-12,0,7.0,1083,122,C,1,P2|897|2017-02-12
P2,897,Team Golf New England Patriots Putter Grip,2017-02-19,11,7.0,1083,186,C,1,P2|897|2017-02-19
P2,897,Team Golf New England Patriots Putter Grip,2017-02-26,2,20.0,1083,103,C,1,P2|897|2017-02-26
P2,897,Team Golf New England Patriots Putter Grip,2017-03-05,0,18.0,1083,38,C,1,P2|897|2017-03-05
P2,897,Team Golf New England Patriots Putter Grip,2017-03-12,14,18.0,1083,93,C,1,P2|897|2017-03-12
P2,897,Team Golf New England Patriots Putter Grip,2017-03-19,11,4.0,1083,208,C,1,P2|897|2017-03-19
P2,897,Team Golf New England Patriots Putter Grip,2017-03-26,10,20.0,1083,181,C,1,P2|897|2017-03-26
P2,897,Team Golf New England Patriots Putter Grip,2017-04-02,24,10.0,1083,147,C,1,P2|897|2017-04-02
P2,897,Team Golf New England Patriots Putter Grip,2017-04-09,12,0.0,1083,160,C,1,P2|897|2017-04-09
P2,897,Team Golf New England Patriots Putter Grip,2017-04-16,4,0.0,1083,244,C,1,P2|897|2017-04-16
P2,897,Team Golf New England Patriots Putter Grip,2017-04-23,3,20.0,1083,180,C,1,P2|897|2017-04-23
P2,905,Team Golf Texas Longhorns Putter Grip,2017-01-01,7,22.0,1083,161,C,1,P2|905|2017-01-01
P2,905,Team Golf Texas Longhorns Putter Grip,2017-01-08,4,15.0,1083,252,C,1,P2|905|2017-01-08
P2,905,Team Golf Texas Longhorns Putter Grip,2017-01-15,11,11.0,1083,105,C,1,P2|905|2017-01-15
P2,905,Team Golf Texas Longhorns Putter Grip,2017-01-22,7,0.0,1083,119,C,1,P2|905|2017-01-22
P2,905,Team Golf Texas Longhorns Putter Grip,2017-01-29,6,22.0,1083,153,C,1,P2|905|2017-01-29
P2,905,Team Golf Texas Longhorns Putter Grip,2017-02-05,12,16.0,1083,96,C,1,P2|905|2017-02-05
P2,905,Team Golf Texas Longhorns Putter Grip,2017-02-12,13,4.0,1083,122,C,1,P2|905|2017-02-12
P2,905,Team Golf Texas Longhorns Putter Grip,2017-02-19,3,0.0,1083,186,C,1,P2|905|2017-02-19
P2,905,Team Golf Texas Longhorns Putter Grip,2017-02-26,6,22.0,1083,103,C,1,P2|905|2017-02-26
P2,905,Team Golf Texas Longhorns Putter Grip,2017-03-05,12,16.0,1083,38,C,1,P2|905|2017-03-05
P2,905,Team Golf Texas Longhorns Putter Grip,2017-03-12,3,4.0,1083,93,C,1,P2|905|2017-03-12
P2,905,Team Golf Texas Longhorns Putter Grip,2017-03-19,10,1.0,1083,208,C,1,P2|905|2017-03-19
P2,905,Team Golf Texas Longhorns Putter Grip,2017-03-26,12,22.0,1083,181,C,1,P2|905|2017-03-26
P2,905,Team Golf Texas Longhorns Putter Grip,2017-04-02,5,10.0,1083,147,C,1,P2|905|2017-04-02
P2,905,Team Golf Texas Longhorns Putter Grip,2017-04-09,14,5.0,1083,160,C,1,P2|905|2017-04-09
P2,905,Team Golf Texas Longhorns Putter Grip,2017-04-16,6,0.0,1083,244,C,1,P2|905|2017-04-16
P2,905,Team Golf Texas Longhorns Putter Grip,2017-04-23,1,22.0,1083,180,C,1,P2|905|2017-04-23
P2,906,Team Golf Tennessee Volunteers Putter Grip,2017-01-01,10,33.0,1083,161,B,2,P2|906|2017-01-01
P2,906,Team Golf Tennessee Volunteers Putter Grip,2017-01-08,6,23.0,1083,252,B,2,P2|906|2017-01-08
P2,906,Team Golf Tennessee Volunteers Putter Grip,2017-01-15,6,17.0,1083,105,B,2,P2|906|2017-01-15
P2,906,Team Golf Tennessee Volunteers Putter Grip,2017-01-22,2,11.0,1083,119,B,2,P2|906|2017-01-22
P2,906,Team Golf Tennessee Volunteers Putter Grip,2017-01-29,3,33.0,1083,153,B,2,P2|906|2017-01-29
P2,906,Team Golf Tennessee Volunteers Putter Grip,2017-02-05,0,30.0,1083,96,B,2,P2|906|2017-02-05
P2,906,Team Golf Tennessee Volunteers Putter Grip,2017-02-12,11,30.0,1083,122,B,2,P2|906|2017-02-12
P2,906,Team Golf Tennessee Volunteers Putter Grip,2017-02-19,9,19.0,1083,186,B,2,P2|906|2017-02-19
P2,906,Team Golf Tennessee Volunteers Putter Grip,2017-02-26,13,33.0,1083,103,B,2,P2|906|2017-02-26
P2,906,Team Golf Tennessee Volunteers Putter Grip,2017-03-05,0,20.0,1083,38,B,2,P2|906|2017-03-05
P2,906,Team Golf Tennessee Volunteers Putter Grip,2017-03-12,17,20.0,1083,93,B,2,P2|906|2017-03-12
P2,906,Team Golf Tennessee Volunteers Putter Grip,2017-03-19,3,3.0,1083,208,B,2,P2|906|2017-03-19
P2,906,Team Golf Tennessee Volunteers Putter Grip,2017-03-26,5,33.0,1083,181,B,2,P2|906|2017-03-26
P2,906,Team Golf Tennessee Volunteers Putter Grip,2017-04-02,6,28.0,1083,147,B,2,P2|906|2017-04-02
P2,906,Team Golf Tennessee Volunteers Putter Grip,2017-04-09,6,22.0,1083,160,B,2,P2|906|2017-04-09
P2,906,Team Golf Tennessee Volunteers Putter Grip,2017-04-16,4,16.0,1083,244,B,2,P2|906|2017-04-16
P2,917,Glove It Women's Mod Oval 3-Zip Carry All Gol,2017-01-01,8,33.0,1083,161,B,2,P2|917|2017-01-01
P2,917,Glove It Women's Mod Oval 3-Zip Carry All Gol,2017-01-08,0,25.0,1083,252,B,2,P2|917|2017-01-08
P2,917,Glove It Women's Mod Oval 3-Zip Carry All Gol,2017-01-15,5,25.0,1083,105,B,2,P2|917|2017-01-15
P2,917,Glove It Women's Mod Oval 3-Zip Carry All Gol,2017-01-22,16,20.0,1083,119,B,2,P2|917|2017-01-22
P2,917,Glove It Women's Mod Oval 3-Zip Carry All Gol,2017-01-29,22,33.0,1083,153,B,2,P2|917|2017-01-29
P2,917,Glove It Women's Mod Oval 3-Zip Carry All Gol,2017-02-05,4,11.0,1083,96,B,2,P2|917|2017-02-05
P2,917,Glove It Women's Mod Oval 3-Zip Carry All Gol,2017-02-12,8,7.0,1083,122,B,2,P2|917|2017-02-12
P2,917,Glove It Women's Mod Oval 3-Zip Carry All Gol,2017-02-19,3,0.0,1083,186,B,2,P2|917|2017-02-19
P2,917,Glove It Women's Mod Oval 3-Zip Carry All Gol,2017-02-26,6,33.0,1083,103,B,2,P2|917|2017-02-26
P2,917,Glove It Women's Mod Oval 3-Zip Carry All Gol,2017-03-05,5,27.0,1083,38,B,2,P2|917|2017-03-05
P2,917,Glove It Women's Mod Oval 3-Zip Carry All Gol,2017-03-12,7,22.0,1083,93,B,2,P2|917|2017-03-12
P2,917,Glove It Women's Mod Oval 3-Zip Carry All Gol,2017-03-19,17,15.0,1083,208,B,2,P2|917|2017-03-19
P2,917,Glove It Women's Mod Oval 3-Zip Carry All Gol,2017-03-26,7,33.0,1083,181,B,2,P2|917|2017-03-26
P2,917,Glove It Women's Mod Oval 3-Zip Carry All Gol,2017-04-02,5,26.0,1083,147,B,2,P2|917|2017-04-02
P2,917,Glove It Women's Mod Oval 3-Zip Carry All Gol,2017-04-09,16,21.0,1083,160,B,2,P2|917|2017-04-09
P2,917,Glove It Women's Mod Oval 3-Zip Carry All Gol,2017-04-16,3,5.0,1083,244,B,2,P2|917|2017-04-16
P2,917,Glove It Women's Mod Oval 3-Zip Carry All Gol,2017-04-23,10,33.0,1083,180,B,2,P2|917|2017-04-23
P2,924,Glove It Urban Brick Golf Towel,2017-01-01,5,22.0,1083,161,C,1,P2|924|2017-01-01
P2,924,Glove It Urban Brick Golf Towel,2017-01-08,6,17.0,1083,252,C,1,P2|924|2017-01-08
P2,924,Glove It Urban Brick Golf Towel,2017-01-15,14,11.0,1083,105,C,1,P2|924|2017-01-15
P2,924,Glove It Urban Brick Golf Towel,2017-01-22,5,0.0,1083,119,C,1,P2|924|2017-01-22
P2,924,Glove It Urban Brick Golf Towel,2017-01-29,10,22.0,1083,153,C,1,P2|924|2017-01-29
P2,924,Glove It Urban Brick Golf Towel,2017-02-05,12,12.0,1083,96,C,1,P2|924|2017-02-05
P2,924,Glove It Urban Brick Golf Towel,2017-02-12,9,0.0,1083,122,C,1,P2|924|2017-02-12
P2,924,Glove It Urban Brick Golf Towel,2017-02-19,2,0.0,1083,186,C,1,P2|924|2017-02-19
P2,924,Glove It Urban Brick Golf Towel,2017-02-26,7,22.0,1083,103,C,1,P2|924|2017-02-26
P2,924,Glove It Urban Brick Golf Towel,2017-03-05,11,15.0,1083,38,C,1,P2|924|2017-03-05
P2,924,Glove It Urban Brick Golf Towel,2017-03-12,5,4.0,1083,93,C,1,P2|924|2017-03-12
P2,924,Glove It Urban Brick Golf Towel,2017-03-19,13,0.0,1083,208,C,1,P2|924|2017-03-19
P2,924,Glove It Urban Brick Golf Towel,2017-03-26,9,22.0,1083,181,C,1,P2|924|2017-03-26
P2,924,Glove It Urban Brick Golf Towel,2017-04-02,4,13.0,1083,147,C,1,P2|924|2017-04-02
P2,924,Glove It Urban Brick Golf Towel,2017-04-09,9,9.0,1083,160,C,1,P2|924|2017-04-09
P2,924,Glove It Urban Brick Golf Towel,2017-04-16,0,0.0,1083,244,C,1,P2|924|2017-04-16
P2,924,Glove It Urban Brick Golf Towel,2017-04-23,8,22.0,1083,180,C,1,P2|924|2017-04-23
P2,926,Glove It Imperial Golf Towel,2017-01-01,5,33.0,1083,161,B,2,P2|926|2017-01-01
P2,926,Glove It Imperial Golf Towel,2017-01-08,3,28.0,1083,252,B,2,P2|926|2017-01-08
P2,926,Glove It Imperial Golf Towel,2017-01-15,4,25.0,1083,105,B,2,P2|926|2017-01-15
P2,926,Glove It Imperial Golf Towel,2017-01-22,1,21.0,1083,119,B,2,P2|926|2017-01-22
P2,926,Glove It Imperial Golf Towel,2017-01-29,2,33.0,1083,153,B,2,P2|926|2017-01-29
P2,926,Glove It Imperial Golf Towel,2017-02-05,8,31.0,1083,96,B,2,P2|926|2017-02-05
P2,926,Glove It Imperial Golf Towel,2017-02-12,5,23.0,1083,122,B,2,P2|926|2017-02-12
P2,926,Glove It Imperial Golf Towel,2017-02-19,4,18.0,1083,186,B,2,P2|926|2017-02-19
P2,926,Glove It Imperial Golf Towel,2017-02-26,0,33.0,1083,103,B,2,P2|926|2017-02-26
P2,926,Glove It Imperial Golf Towel,2017-03-05,5,33.0,1083,38,B,2,P2|926|2017-03-05
P2,926,Glove It Imperial Golf Towel,2017-03-12,7,28.0,1083,93,B,2,P2|926|2017-03-12
P2,926,Glove It Imperial Golf Towel,2017-03-19,2,21.0,1083,208,B,2,P2|926|2017-03-19
P2,926,Glove It Imperial Golf Towel,2017-03-26,6,33.0,1083,181,B,2,P2|926|2017-03-26
P2,926,Glove It Imperial Golf Towel,2017-04-02,2,27.0,1083,147,B,2,P2|926|2017-04-02
P2,926,Glove It Imperial Golf Towel,2017-04-09,16,25.0,1083,160,B,2,P2|926|2017-04-09
P2,926,Glove It Imperial Golf Towel,2017-04-16,2,9.0,1083,244,B,2,P2|926|2017-04-16
P2,926,Glove It Imperial Golf Towel,2017-04-23,11,33.0,1083,180,B,2,P2|926|2017-04-23
P2,1355,Lawn mower,2017-11-19,388,908.0,1083,695,C,1,P2|1355|2017-11-19
P2,1355,Lawn mower,2017-11-26,0,520.0,1083,1083,C,1,P2|1355|2017-11-26
P2,1355,Lawn mower,2017-12-03,0,520.0,1083,996,C,1,P2|1355|2017-12-03
P2,1355,Lawn mower,2017-12-10,0,520.0,1083,1025,C,1,P2|1355|2017-12-10
P2,1355,Lawn mower,2017-12-17,0,520.0,1083,1083,C,1,P2|1355|2017-12-17
P2,1355,Lawn mower,2017-12-24,0,520.0,1083,1083,C,1,P2|1355|2017-12-24
P2,1355,Lawn mower,2017-12-31,0,520.0,1083,1083,C,1,P2|1355|2017-12-31
P2,1360,Smart watch ,2017-12-03,87,536.0,1083,996,C,1,P2|1360|2017-12-03
P2,1360,Smart watch ,2017-12-10,58,449.0,1083,1025,C,1,P2|1360|2017-12-10
P2,1360,Smart watch ,2017-12-17,0,391.0,1083,1083,C,1,P2|1360|2017-12-17
P2,1360,Smart watch ,2017-12-24,0,391.0,1083,1083,C,1,P2|1360|2017-12-24
P2,1360,Smart watch ,2017-12-31,0,391.0,1083,1083,C,1,P2|1360|2017-12-31
P3,957,Diamondback Women's Serene Classic Comfort Bi,2017-01-01,92,406.0,913,135,B,2,P3|957|2017-01-01
P3,957,Diamondback Women's Serene Classic Comfort Bi,2017-01-08,85,314.0,913,220,B,2,P3|957|2017-01-08
P3,957,Diamondback Women's Serene Classic Comfort Bi,2017-01-15,105,229.0,913,197,B,2,P3|957|2017-01-15
P3,957,Diamondback Women's Serene Classic Comfort Bi,2017-01-22,100,124.0,913,218,B,2,P3|957|2017-01-22
P3,957,Diamondback Women's Serene Classic Comfort Bi,2017-01-29,88,406.0,913,145,B,2,P3|957|2017-01-29
P3,957,Diamondback Women's Serene Classic Comfort Bi,2017-02-05,108,318.0,913,101,B,2,P3|957|2017-02-05
P3,957,Diamondback Women's Serene Classic Comfort Bi,2017-02-12,97,210.0,913,119,B,2,P3|957|2017-02-12
P3,957,Diamondback Women's Serene Classic Comfort Bi,2017-02-19,110,113.0,913,139,B,2,P3|957|2017-02-19
P3,957,Diamondback Women's Serene Classic Comfort Bi,2017-02-26,107,406.0,913,138,B,2,P3|957|2017-02-26
P3,957,Diamondback Women's Serene Classic Comfort Bi,2017-03-05,113,299.0,913,254,B,2,P3|957|2017-03-05
P3,957,Diamondback Women's Serene Classic Comfort Bi,2017-03-12,98,186.0,913,155,B,2,P3|957|2017-03-12
P3,957,Diamondback Women's Serene Classic Comfort Bi,2017-03-19,103,88.0,913,159,B,2,P3|957|2017-03-19
P3,957,Diamondback Women's Serene Classic Comfort Bi,2017-03-26,107,406.0,913,235,B,2,P3|957|2017-03-26
P3,957,Diamondback Women's Serene Classic Comfort Bi,2017-04-02,92,299.0,913,127,B,2,P3|957|2017-04-02
P3,957,Diamondback Women's Serene Classic Comfort Bi,2017-04-09,99,207.0,913,140,B,2,P3|957|2017-04-09
P3,957,Diamondback Women's Serene Classic Comfort Bi,2017-04-16,96,108.0,913,129,B,2,P3|957|2017-04-16
P3,957,Diamondback Women's Serene Classic Comfort Bi,2017-04-23,111,406.0,913,161,B,2,P3|957|2017-04-23
P3,957,Diamondback Women's Serene Classic Comfort Bi,2017-04-30,100,295.0,913,94,B,2,P3|957|2017-04-30
P3,957,Diamondback Women's Serene Classic Comfort Bi,2017-05-07,111,195.0,913,110,B,2,P3|957|2017-05-07
P3,957,Diamondback Women's Serene Classic Comfort Bi,2017-05-14,113,84.0,913,202,B,2,P3|957|2017-05-14
P3,957,Diamondback Women's Serene Classic Comfort Bi,2017-05-21,90,406.0,913,222,B,2,P3|957|2017-05-21
P3,957,Diamondback Women's Serene Classic Comfort Bi,2017-05-28,88,316.0,913,169,B,2,P3|957|2017-05-28
P3,957,Diamondback Women's Serene Classic Comfort Bi,2017-06-04,107,228.0,913,129,B,2,P3|957|2017-06-04
P3,957,Diamondback Women's Serene Classic Comfort Bi,2017-06-11,90,121.0,913,225,B,2,P3|957|2017-06-11
P3,957,Diamondback Women's Serene Classic Comfort Bi,2017-06-18,109,406.0,913,228,B,2,P3|957|2017-06-18
P3,957,Diamondback Women's Serene Classic Comfort Bi,2017-06-25,99,297.0,913,223,B,2,P3|957|2017-06-25
P3,957,Diamondback Women's Serene Classic Comfort Bi,2017-07-02,85,198.0,913,187,B,2,P3|957|2017-07-02
P3,957,Diamondback Women's Serene Classic Comfort Bi,2017-07-09,94,113.0,913,165,B,2,P3|957|2017-07-09
P3,957,Diamondback Women's Serene Classic Comfort Bi,2017-07-16,96,406.0,913,173,B,2,P3|957|2017-07-16
P3,957,Diamondback Women's Serene Classic Comfort Bi,2017-07-23,109,310.0,913,164,B,2,P3|957|2017-07-23
P3,957,Diamondback Women's Serene Classic Comfort Bi,2017-07-30,90,201.0,913,250,B,2,P3|957|2017-07-30
P3,957,Diamondback Women's Serene Classic Comfort Bi,2017-08-06,90,111.0,913,196,B,2,P3|957|2017-08-06
P3,957,Diamondback Women's Serene Classic Comfort Bi,2017-08-13,89,406.0,913,185,B,2,P3|957|2017-08-13
P3,957,Diamondback Women's Serene Classic Comfort Bi,2017-08-20,92,317.0,913,215,B,2,P3|957|2017-08-20
P3,957,Diamondback Women's Serene Classic Comfort Bi,2017-08-27,90,225.0,913,146,B,2,P3|957|2017-08-27
P3,957,Diamondback Women's Serene Classic Comfort Bi,2017-09-03,99,135.0,913,159,B,2,P3|957|2017-09-03
P3,957,Diamondback Women's Serene Classic Comfort Bi,2017-09-10,98,406.0,913,260,B,2,P3|957|2017-09-10
P3,957,Diamondback Women's Serene Classic Comfort Bi,2017-09-17,104,308.0,913,191,B,2,P3|957|2017-09-17
P3,957,Diamondback Women's Serene Classic Comfort Bi,2017-09-24,97,204.0,913,149,B,2,P3|957|2017-09-24
P3,957,Diamondback Women's Serene Classic Comfort Bi,2017-10-01,90,107.0,913,185,B,2,P3|957|2017-10-01
P3,957,Diamondback Women's Serene Classic Comfort Bi,2017-10-08,4,406.0,913,513,B,2,P3|957|2017-10-08
P3,977,ENO Atlas Hammock Straps,2017-01-01,9,35.0,913,135,B,2,P3|977|2017-01-01
P3,977,ENO Atlas Hammock Straps,2017-01-08,8,26.0,913,220,B,2,P3|977|2017-01-08
P3,977,ENO Atlas Hammock Straps,2017-01-15,7,18.0,913,197,B,2,P3|977|2017-01-15
P3,977,ENO Atlas Hammock Straps,2017-01-22,0,11.0,913,218,B,2,P3|977|2017-01-22
P3,977,ENO Atlas Hammock Straps,2017-01-29,16,35.0,913,145,B,2,P3|977|2017-01-29
P3,977,ENO Atlas Hammock Straps,2017-02-05,7,19.0,913,101,B,2,P3|977|2017-02-05
P3,977,ENO Atlas Hammock Straps,2017-02-12,5,12.0,913,119,B,2,P3|977|2017-02-12
P3,977,ENO Atlas Hammock Straps,2017-02-19,12,7.0,913,139,B,2,P3|977|2017-02-19
P3,977,ENO Atlas Hammock Straps,2017-02-26,0,35.0,913,138,B,2,P3|977|2017-02-26
P3,977,ENO Atlas Hammock Straps,2017-03-05,14,35.0,913,254,B,2,P3|977|2017-03-05
P3,977,ENO Atlas Hammock Straps,2017-03-12,4,21.0,913,155,B,2,P3|977|2017-03-12
P3,977,ENO Atlas Hammock Straps,2017-03-19,5,17.0,913,159,B,2,P3|977|2017-03-19
P3,977,ENO Atlas Hammock Straps,2017-03-26,6,35.0,913,235,B,2,P3|977|2017-03-26
P3,977,ENO Atlas Hammock Straps,2017-04-02,14,29.0,913,127,B,2,P3|977|2017-04-02
P3,977,ENO Atlas Hammock Straps,2017-04-09,20,15.0,913,140,B,2,P3|977|2017-04-09
P3,977,ENO Atlas Hammock Straps,2017-04-16,25,0.0,913,129,B,2,P3|977|2017-04-16
P3,977,ENO Atlas Hammock Straps,2017-04-23,3,35.0,913,161,B,2,P3|977|2017-04-23
P3,981,The North Face Women's Recon Backpack,2017-04-23,8,129.0,913,161,C,1,P3|981|2017-04-23
P3,981,The North Face Women's Recon Backpack,2017-04-30,13,121.0,913,94,C,1,P3|981|2017-04-30
P3,981,The North Face Women's Recon Backpack,2017-05-07,10,108.0,913,110,C,1,P3|981|2017-05-07
P3,981,The North Face Women's Recon Backpack,2017-05-14,1,98.0,913,202,C,1,P3|981|2017-05-14
P3,981,The North Face Women's Recon Backpack,2017-05-21,7,97.0,913,222,C,1,P3|981|2017-05-21
P3,981,The North Face Women's Recon Backpack,2017-05-28,1,90.0,913,169,C,1,P3|981|2017-05-28
P3,981,The North Face Women's Recon Backpack,2017-06-04,8,89.0,913,129,C,1,P3|981|2017-06-04
P3,981,The North Face Women's Recon Backpack,2017-06-11,16,81.0,913,225,C,1,P3|981|2017-06-11
P3,981,The North Face Women's Recon Backpack,2017-06-18,3,65.0,913,228,C,1,P3|981|2017-06-18
P3,981,The North Face Women's Recon Backpack,2017-06-25,2,62.0,913,223,C,1,P3|981|2017-06-25
P3,981,The North Face Women's Recon Backpack,2017-07-02,11,60.0,913,187,C,1,P3|981|2017-07-02
P3,981,The North Face Women's Recon Backpack,2017-07-09,5,49.0,913,165,C,1,P3|981|2017-07-09
P3,981,The North Face Women's Recon Backpack,2017-07-16,12,44.0,913,173,C,1,P3|981|2017-07-16
P3,981,The North Face Women's Recon Backpack,2017-07-23,26,32.0,913,164,C,1,P3|981|2017-07-23
P3,981,The North Face Women's Recon Backpack,2017-07-30,3,6.0,913,250,C,1,P3|981|2017-07-30
P3,981,The North Face Women's Recon Backpack,2017-08-06,12,3.0,913,196,C,1,P3|981|2017-08-06
P3,981,The North Face Women's Recon Backpack,2017-08-13,4,26.0,913,185,C,1,P3|981|2017-08-13
P3,981,The North Face Women's Recon Backpack,2017-08-20,10,22.0,913,215,C,1,P3|981|2017-08-20
P3,981,The North Face Women's Recon Backpack,2017-08-27,9,12.0,913,146,C,1,P3|981|2017-08-27
P3,981,The North Face Women's Recon Backpack,2017-09-03,7,3.0,913,159,C,1,P3|981|2017-09-03
P3,981,The North Face Women's Recon Backpack,2017-09-10,13,26.0,913,260,C,1,P3|981|2017-09-10
P3,982,insta-bed Neverflat Air Mattress,2017-04-23,3,43.0,913,161,C,1,P3|982|2017-04-23
P3,982,insta-bed Neverflat Air Mattress,2017-04-30,3,40.0,913,94,C,1,P3|982|2017-04-30
P3,982,insta-bed Neverflat Air Mattress,2017-05-07,3,37.0,913,110,C,1,P3|982|2017-05-07
P3,982,insta-bed Neverflat Air Mattress,2017-05-14,5,34.0,913,202,C,1,P3|982|2017-05-14
P3,982,insta-bed Neverflat Air Mattress,2017-05-21,3,29.0,913,222,C,1,P3|982|2017-05-21
P3,982,insta-bed Neverflat Air Mattress,2017-05-28,5,26.0,913,169,C,1,P3|982|2017-05-28
P3,982,insta-bed Neverflat Air Mattress,2017-06-04,1,21.0,913,129,C,1,P3|982|2017-06-04
P3,982,insta-bed Neverflat Air Mattress,2017-06-11,2,20.0,913,225,C,1,P3|982|2017-06-11
P3,982,insta-bed Neverflat Air Mattress,2017-06-18,3,18.0,913,228,C,1,P3|982|2017-06-18
P3,982,insta-bed Neverflat Air Mattress,2017-06-25,1,15.0,913,223,C,1,P3|982|2017-06-25
P3,982,insta-bed Neverflat Air Mattress,2017-07-02,1,14.0,913,187,C,1,P3|982|2017-07-02
P3,982,insta-bed Neverflat Air Mattress,2017-07-09,1,13.0,913,165,C,1,P3|982|2017-07-09
P3,982,insta-bed Neverflat Air Mattress,2017-07-16,5,12.0,913,173,C,1,P3|982|2017-07-16
P3,982,insta-bed Neverflat Air Mattress,2017-07-23,2,7.0,913,164,C,1,P3|982|2017-07-23
P3,982,insta-bed Neverflat Air Mattress,2017-07-30,3,5.0,913,250,C,1,P3|982|2017-07-30
P3,982,insta-bed Neverflat Air Mattress,2017-08-06,3,2.0,913,196,C,1,P3|982|2017-08-06
P3,982,insta-bed Neverflat Air Mattress,2017-08-13,3,9.0,913,185,C,1,P3|982|2017-08-13
P3,982,insta-bed Neverflat Air Mattress,2017-08-20,3,6.0,913,215,C,1,P3|982|2017-08-20
P3,982,insta-bed Neverflat Air Mattress,2017-08-27,8,3.0,913,146,C,1,P3|982|2017-08-27
P3,982,insta-bed Neverflat Air Mattress,2017-09-03,0,0.0,913,159,C,1,P3|982|2017-09-03
P3,982,insta-bed Neverflat Air Mattress,2017-09-10,2,9.0,913,260,C,1,P3|982|2017-09-10
P3,1004,Field & Stream Sportsman 16 Gun Fire Safe,2017-01-01,142,512.0,913,135,B,2,P3|1004|2017-01-01
P3,1004,Field & Stream Sportsman 16 Gun Fire Safe,2017-01-08,112,370.0,913,220,B,2,P3|1004|2017-01-08
P3,1004,Field & Stream Sportsman 16 Gun Fire Safe,2017-01-15,116,258.0,913,197,B,2,P3|1004|2017-01-15
P3,1004,Field & Stream Sportsman 16 Gun Fire Safe,2017-01-22,118,142.0,913,218,B,2,P3|1004|2017-01-22
P3,1004,Field & Stream Sportsman 16 Gun Fire Safe,2017-01-29,109,512.0,913,145,B,2,P3|1004|2017-01-29
P3,1004,Field & Stream Sportsman 16 Gun Fire Safe,2017-02-05,137,403.0,913,101,B,2,P3|1004|2017-02-05
P3,1004,Field & Stream Sportsman 16 Gun Fire Safe,2017-02-12,133,266.0,913,119,B,2,P3|1004|2017-02-12
P3,1004,Field & Stream Sportsman 16 Gun Fire Safe,2017-02-19,118,133.0,913,139,B,2,P3|1004|2017-02-19
P3,1004,Field & Stream Sportsman 16 Gun Fire Safe,2017-02-26,102,512.0,913,138,B,2,P3|1004|2017-02-26
P3,1004,Field & Stream Sportsman 16 Gun Fire Safe,2017-03-05,112,410.0,913,254,B,2,P3|1004|2017-03-05
P3,1004,Field & Stream Sportsman 16 Gun Fire Safe,2017-03-12,120,298.0,913,155,B,2,P3|1004|2017-03-12
P3,1004,Field & Stream Sportsman 16 Gun Fire Safe,2017-03-19,115,178.0,913,159,B,2,P3|1004|2017-03-19
P3,1004,Field & Stream Sportsman 16 Gun Fire Safe,2017-03-26,105,512.0,913,235,B,2,P3|1004|2017-03-26
P3,1004,Field & Stream Sportsman 16 Gun Fire Safe,2017-04-02,124,407.0,913,127,B,2,P3|1004|2017-04-02
P3,1004,Field & Stream Sportsman 16 Gun Fire Safe,2017-04-09,126,283.0,913,140,B,2,P3|1004|2017-04-09
P3,1004,Field & Stream Sportsman 16 Gun Fire Safe,2017-04-16,115,157.0,913,129,B,2,P3|1004|2017-04-16
P3,1004,Field & Stream Sportsman 16 Gun Fire Safe,2017-04-23,126,512.0,913,161,B,2,P3|1004|2017-04-23
P3,1004,Field & Stream Sportsman 16 Gun Fire Safe,2017-04-30,116,386.0,913,94,B,2,P3|1004|2017-04-30
P3,1004,Field & Stream Sportsman 16 Gun Fire Safe,2017-05-07,128,270.0,913,110,B,2,P3|1004|2017-05-07
P3,1004,Field & Stream Sportsman 16 Gun Fire Safe,2017-05-14,115,142.0,913,202,B,2,P3|1004|2017-05-14
P3,1004,Field & Stream Sportsman 16 Gun Fire Safe,2017-05-21,114,512.0,913,222,B,2,P3|1004|2017-05-21
P3,1004,Field & Stream Sportsman 16 Gun Fire Safe,2017-05-28,128,398.0,913,169,B,2,P3|1004|2017-05-28
P3,1004,Field & Stream Sportsman 16 Gun Fire Safe,2017-06-04,111,270.0,913,129,B,2,P3|1004|2017-06-04
P3,1004,Field & Stream Sportsman 16 Gun Fire Safe,2017-06-11,112,159.0,913,225,B,2,P3|1004|2017-06-11
P3,1004,Field & Stream Sportsman 16 Gun Fire Safe,2017-06-18,126,512.0,913,228,B,2,P3|1004|2017-06-18
P3,1004,Field & Stream Sportsman 16 Gun Fire Safe,2017-06-25,137,386.0,913,223,B,2,P3|1004|2017-06-25
P3,1004,Field & Stream Sportsman 16 Gun Fire Safe,2017-07-02,130,249.0,913,187,B,2,P3|1004|2017-07-02
P3,1004,Field & Stream Sportsman 16 Gun Fire Safe,2017-07-09,124,119.0,913,165,B,2,P3|1004|2017-07-09
P3,1004,Field & Stream Sportsman 16 Gun Fire Safe,2017-07-16,108,512.0,913,173,B,2,P3|1004|2017-07-16
P3,1004,Field & Stream Sportsman 16 Gun Fire Safe,2017-07-23,119,404.0,913,164,B,2,P3|1004|2017-07-23
P3,1004,Field & Stream Sportsman 16 Gun Fire Safe,2017-07-30,129,285.0,913,250,B,2,P3|1004|2017-07-30
P3,1004,Field & Stream Sportsman 16 Gun Fire Safe,2017-08-06,111,156.0,913,196,B,2,P3|1004|2017-08-06
P3,1004,Field & Stream Sportsman 16 Gun Fire Safe,2017-08-13,130,512.0,913,185,B,2,P3|1004|2017-08-13
P3,1004,Field & Stream Sportsman 16 Gun Fire Safe,2017-08-20,128,382.0,913,215,B,2,P3|1004|2017-08-20
P3,1004,Field & Stream Sportsman 16 Gun Fire Safe,2017-08-27,142,254.0,913,146,B,2,P3|1004|2017-08-27
P3,1004,Field & Stream Sportsman 16 Gun Fire Safe,2017-09-03,104,112.0,913,159,B,2,P3|1004|2017-09-03
P3,1004,Field & Stream Sportsman 16 Gun Fire Safe,2017-09-10,114,512.0,913,260,B,2,P3|1004|2017-09-10
P3,1004,Field & Stream Sportsman 16 Gun Fire Safe,2017-09-17,143,398.0,913,191,B,2,P3|1004|2017-09-17
P3,1004,Field & Stream Sportsman 16 Gun Fire Safe,2017-09-24,140,255.0,913,149,B,2,P3|1004|2017-09-24
P3,1004,Field & Stream Sportsman 16 Gun Fire Safe,2017-10-01,138,115.0,913,185,B,2,P3|1004|2017-10-01
P3,1004,Field & Stream Sportsman 16 Gun Fire Safe,2017-10-08,3,512.0,913,513,B,2,P3|1004|2017-10-08
P3,1014,O'Brien Men's Neoprene Life Vest,2017-01-01,423,2563.0,913,135,A,3,P3|1014|2017-01-01
P3,1014,O'Brien Men's Neoprene Life Vest,2017-01-08,372,2140.0,913,220,A,3,P3|1014|2017-01-08
P3,1014,O'Brien Men's Neoprene Life Vest,2017-01-15,393,1768.0,913,197,A,3,P3|1014|2017-01-15
P3,1014,O'Brien Men's Neoprene Life Vest,2017-01-22,388,1375.0,913,218,A,3,P3|1014|2017-01-22
P3,1014,O'Brien Men's Neoprene Life Vest,2017-01-29,452,2563.0,913,145,A,3,P3|1014|2017-01-29
P3,1014,O'Brien Men's Neoprene Life Vest,2017-02-05,449,2111.0,913,101,A,3,P3|1014|2017-02-05
P3,1014,O'Brien Men's Neoprene Life Vest,2017-02-12,439,1662.0,913,119,A,3,P3|1014|2017-02-12
P3,1014,O'Brien Men's Neoprene Life Vest,2017-02-19,431,1223.0,913,139,A,3,P3|1014|2017-02-19
P3,1014,O'Brien Men's Neoprene Life Vest,2017-02-26,470,2563.0,913,138,A,3,P3|1014|2017-02-26
P3,1014,O'Brien Men's Neoprene Life Vest,2017-03-05,300,2093.0,913,254,A,3,P3|1014|2017-03-05
P3,1014,O'Brien Men's Neoprene Life Vest,2017-03-12,435,1793.0,913,155,A,3,P3|1014|2017-03-12
P3,1014,O'Brien Men's Neoprene Life Vest,2017-03-19,413,1358.0,913,159,A,3,P3|1014|2017-03-19
P3,1014,O'Brien Men's Neoprene Life Vest,2017-03-26,358,2563.0,913,235,A,3,P3|1014|2017-03-26
P3,1014,O'Brien Men's Neoprene Life Vest,2017-04-02,432,2205.0,913,127,A,3,P3|1014|2017-04-02
P3,1014,O'Brien Men's Neoprene Life Vest,2017-04-09,422,1773.0,913,140,A,3,P3|1014|2017-04-09
P3,1014,O'Brien Men's Neoprene Life Vest,2017-04-16,435,1351.0,913,129,A,3,P3|1014|2017-04-16
P3,1014,O'Brien Men's Neoprene Life Vest,2017-04-23,394,2563.0,913,161,A,3,P3|1014|2017-04-23
P3,1014,O'Brien Men's Neoprene Life Vest,2017-04-30,466,2169.0,913,94,A,3,P3|1014|2017-04-30
P3,1014,O'Brien Men's Neoprene Life Vest,2017-05-07,434,1703.0,913,110,A,3,P3|1014|2017-05-07
P3,1014,O'Brien Men's Neoprene Life Vest,2017-05-14,373,1269.0,913,202,A,3,P3|1014|2017-05-14
P3,1014,O'Brien Men's Neoprene Life Vest,2017-05-21,366,2563.0,913,222,A,3,P3|1014|2017-05-21
P3,1014,O'Brien Men's Neoprene Life Vest,2017-05-28,413,2197.0,913,169,A,3,P3|1014|2017-05-28
P3,1014,O'Brien Men's Neoprene Life Vest,2017-06-04,436,1784.0,913,129,A,3,P3|1014|2017-06-04
P3,1014,O'Brien Men's Neoprene Life Vest,2017-06-11,365,1348.0,913,225,A,3,P3|1014|2017-06-11
P3,1014,O'Brien Men's Neoprene Life Vest,2017-06-18,356,2563.0,913,228,A,3,P3|1014|2017-06-18
P3,1014,O'Brien Men's Neoprene Life Vest,2017-06-25,341,2207.0,913,223,A,3,P3|1014|2017-06-25
P3,1014,O'Brien Men's Neoprene Life Vest,2017-07-02,378,1866.0,913,187,A,3,P3|1014|2017-07-02
P3,1014,O'Brien Men's Neoprene Life Vest,2017-07-09,400,1488.0,913,165,A,3,P3|1014|2017-07-09
P3,1014,O'Brien Men's Neoprene Life Vest,2017-07-16,409,2563.0,913,173,A,3,P3|1014|2017-07-16
P3,1014,O'Brien Men's Neoprene Life Vest,2017-07-23,381,2154.0,913,164,A,3,P3|1014|2017-07-23
P3,1014,O'Brien Men's Neoprene Life Vest,2017-07-30,364,1773.0,913,250,A,3,P3|1014|2017-07-30
P3,1014,O'Brien Men's Neoprene Life Vest,2017-08-06,383,1409.0,913,196,A,3,P3|1014|2017-08-06
P3,1014,O'Brien Men's Neoprene Life Vest,2017-08-13,378,2563.0,913,185,A,3,P3|1014|2017-08-13
P3,1014,O'Brien Men's Neoprene Life Vest,2017-08-20,356,2185.0,913,215,A,3,P3|1014|2017-08-20
P3,1014,O'Brien Men's Neoprene Life Vest,2017-08-27,393,1829.0,913,146,A,3,P3|1014|2017-08-27
P3,1014,O'Brien Men's Neoprene Life Vest,2017-09-03,448,1436.0,913,159,A,3,P3|1014|2017-09-03
P3,1014,O'Brien Men's Neoprene Life Vest,2017-09-10,301,2563.0,913,260,A,3,P3|1014|2017-09-10
P3,1014,O'Brien Men's Neoprene Life Vest,2017-09-17,362,2262.0,913,191,A,3,P3|1014|2017-09-17
P3,1014,O'Brien Men's Neoprene Life Vest,2017-09-24,407,1900.0,913,149,A,3,P3|1014|2017-09-24
P3,1014,O'Brien Men's Neoprene Life Vest,2017-10-01,372,1493.0,913,185,A,3,P3|1014|2017-10-01
P3,1014,O'Brien Men's Neoprene Life Vest,2017-10-08,23,2563.0,913,513,A,3,P3|1014|2017-10-08
P3,1059,Pelican Maverick 100X Kayak,2017-09-17,12,200.0,913,191,C,1,P3|1059|2017-09-17
P3,1059,Pelican Maverick 100X Kayak,2017-09-24,16,188.0,913,149,C,1,P3|1059|2017-09-24
P3,1059,Pelican Maverick 100X Kayak,2017-10-01,12,172.0,913,185,C,1,P3|1059|2017-10-01
P3,1073,Pelican Sunstream 100 Kayak,2017-01-01,112,458.0,913,135,B,2,P3|1073|2017-01-01
P3,1073,Pelican Sunstream 100 Kayak,2017-01-08,116,346.0,913,220,B,2,P3|1073|2017-01-08
P3,1073,Pelican Sunstream 100 Kayak,2017-01-15,95,230.0,913,197,B,2,P3|1073|2017-01-15
P3,1073,Pelican Sunstream 100 Kayak,2017-01-22,89,135.0,913,218,B,2,P3|1073|2017-01-22
P3,1073,Pelican Sunstream 100 Kayak,2017-01-29,103,458.0,913,145,B,2,P3|1073|2017-01-29
P3,1073,Pelican Sunstream 100 Kayak,2017-02-05,111,355.0,913,101,B,2,P3|1073|2017-02-05
P3,1073,Pelican Sunstream 100 Kayak,2017-02-12,120,244.0,913,119,B,2,P3|1073|2017-02-12
P3,1073,Pelican Sunstream 100 Kayak,2017-02-19,103,124.0,913,139,B,2,P3|1073|2017-02-19
P3,1073,Pelican Sunstream 100 Kayak,2017-02-26,96,458.0,913,138,B,2,P3|1073|2017-02-26
P3,1073,Pelican Sunstream 100 Kayak,2017-03-05,120,362.0,913,254,B,2,P3|1073|2017-03-05
P3,1073,Pelican Sunstream 100 Kayak,2017-03-12,101,242.0,913,155,B,2,P3|1073|2017-03-12
P3,1073,Pelican Sunstream 100 Kayak,2017-03-19,118,141.0,913,159,B,2,P3|1073|2017-03-19
P3,1073,Pelican Sunstream 100 Kayak,2017-03-26,102,458.0,913,235,B,2,P3|1073|2017-03-26
P3,1073,Pelican Sunstream 100 Kayak,2017-04-02,124,356.0,913,127,B,2,P3|1073|2017-04-02
P3,1073,Pelican Sunstream 100 Kayak,2017-04-09,106,232.0,913,140,B,2,P3|1073|2017-04-09
P3,1073,Pelican Sunstream 100 Kayak,2017-04-16,113,126.0,913,129,B,2,P3|1073|2017-04-16
P3,1073,Pelican Sunstream 100 Kayak,2017-04-23,107,458.0,913,161,B,2,P3|1073|2017-04-23
P3,1073,Pelican Sunstream 100 Kayak,2017-04-30,121,351.0,913,94,B,2,P3|1073|2017-04-30
P3,1073,Pelican Sunstream 100 Kayak,2017-05-07,117,230.0,913,110,B,2,P3|1073|2017-05-07
P3,1073,Pelican Sunstream 100 Kayak,2017-05-14,104,113.0,913,202,B,2,P3|1073|2017-05-14
P3,1073,Pelican Sunstream 100 Kayak,2017-05-21,111,458.0,913,222,B,2,P3|1073|2017-05-21
P3,1073,Pelican Sunstream 100 Kayak,2017-05-28,109,347.0,913,169,B,2,P3|1073|2017-05-28
P3,1073,Pelican Sunstream 100 Kayak,2017-06-04,121,238.0,913,129,B,2,P3|1073|2017-06-04
P3,1073,Pelican Sunstream 100 Kayak,2017-06-11,103,117.0,913,225,B,2,P3|1073|2017-06-11
P3,1073,Pelican Sunstream 100 Kayak,2017-06-18,88,458.0,913,228,B,2,P3|1073|2017-06-18
P3,1073,Pelican Sunstream 100 Kayak,2017-06-25,110,370.0,913,223,B,2,P3|1073|2017-06-25
P3,1073,Pelican Sunstream 100 Kayak,2017-07-02,121,260.0,913,187,B,2,P3|1073|2017-07-02
P3,1073,Pelican Sunstream 100 Kayak,2017-07-09,124,139.0,913,165,B,2,P3|1073|2017-07-09
P3,1073,Pelican Sunstream 100 Kayak,2017-07-16,110,458.0,913,173,B,2,P3|1073|2017-07-16
P3,1073,Pelican Sunstream 100 Kayak,2017-07-23,112,348.0,913,164,B,2,P3|1073|2017-07-23
P3,1073,Pelican Sunstream 100 Kayak,2017-07-30,74,236.0,913,250,B,2,P3|1073|2017-07-30
P3,1073,Pelican Sunstream 100 Kayak,2017-08-06,118,162.0,913,196,B,2,P3|1073|2017-08-06
P3,1073,Pelican Sunstream 100 Kayak,2017-08-13,124,458.0,913,185,B,2,P3|1073|2017-08-13
P3,1073,Pelican Sunstream 100 Kayak,2017-08-20,109,334.0,913,215,B,2,P3|1073|2017-08-20
P3,1073,Pelican Sunstream 100 Kayak,2017-08-27,125,225.0,913,146,B,2,P3|1073|2017-08-27
P3,1073,Pelican Sunstream 100 Kayak,2017-09-03,96,100.0,913,159,B,2,P3|1073|2017-09-03
P3,1073,Pelican Sunstream 100 Kayak,2017-09-10,125,458.0,913,260,B,2,P3|1073|2017-09-10
P3,1073,Pelican Sunstream 100 Kayak,2017-09-17,101,333.0,913,191,B,2,P3|1073|2017-09-17
P3,1073,Pelican Sunstream 100 Kayak,2017-09-24,104,232.0,913,149,B,2,P3|1073|2017-09-24
P3,1073,Pelican Sunstream 100 Kayak,2017-10-01,116,128.0,913,185,B,2,P3|1073|2017-10-01
P3,1073,Pelican Sunstream 100 Kayak,2017-10-08,8,458.0,913,513,B,2,P3|1073|2017-10-08
P3,1346,Sports Books ,2017-10-08,308,552.0,913,513,C,1,P3|1346|2017-10-08
P3,1346,Sports Books ,2017-10-15,0,244.0,913,434,C,1,P3|1346|2017-10-15
P3,1346,Sports Books ,2017-10-22,0,244.0,913,738,C,1,P3|1346|2017-10-22
P3,1346,Sports Books ,2017-10-29,0,244.0,913,651,C,1,P3|1346|2017-10-29
P3,1346,Sports Books ,2017-11-05,0,244.0,913,540,C,1,P3|1346|2017-11-05
P3,1346,Sports Books ,2017-11-12,0,244.0,913,558,C,1,P3|1346|2017-11-12
P3,1346,Sports Books ,2017-11-19,0,244.0,913,821,C,1,P3|1346|2017-11-19
P3,1346,Sports Books ,2017-11-26,0,244.0,913,611,C,1,P3|1346|2017-11-26
P3,1346,Sports Books ,2017-12-03,0,244.0,913,520,C,1,P3|1346|2017-12-03
P3,1346,Sports Books ,2017-12-10,0,244.0,913,492,C,1,P3|1346|2017-12-10
P3,1346,Sports Books ,2017-12-17,97,244.0,913,756,C,1,P3|1346|2017-12-17
P3,1348,CDs of rock,2017-10-08,54,339.0,913,513,C,1,P3|1348|2017-10-08
P3,1348,CDs of rock,2017-10-15,79,285.0,913,434,C,1,P3|1348|2017-10-15
P3,1348,CDs of rock,2017-10-22,0,206.0,913,738,C,1,P3|1348|2017-10-22
P3,1348,CDs of rock,2017-10-29,0,206.0,913,651,C,1,P3|1348|2017-10-29
P3,1348,CDs of rock,2017-11-05,0,206.0,913,540,C,1,P3|1348|2017-11-05
P3,1348,CDs of rock,2017-11-12,0,206.0,913,558,C,1,P3|1348|2017-11-12
P3,1348,CDs of rock,2017-11-19,0,206.0,913,821,C,1,P3|1348|2017-11-19
P3,1348,CDs of rock,2017-11-26,0,206.0,913,611,C,1,P3|1348|2017-11-26
P3,1348,CDs of rock,2017-12-03,0,206.0,913,520,C,1,P3|1348|2017-12-03
P3,1348,CDs of rock,2017-12-10,0,206.0,913,492,C,1,P3|1348|2017-12-10
P3,1348,CDs of rock,2017-12-17,0,206.0,913,756,C,1,P3|1348|2017-12-17
P3,1348,CDs of rock,2017-12-24,138,206.0,913,638,C,1,P3|1348|2017-12-24
P3,1349,Web Camera,2017-10-15,400,807.0,913,434,C,1,P3|1349|2017-10-15
P3,1349,Web Camera,2017-10-22,175,407.0,913,738,C,1,P3|1349|2017-10-22
P3,1349,Web Camera,2017-10-29,0,232.0,913,651,C,1,P3|1349|2017-10-29
P3,1349,Web Camera,2017-11-05,0,232.0,913,540,C,1,P3|1349|2017-11-05
P3,1349,Web Camera,2017-11-12,0,232.0,913,558,C,1,P3|1349|2017-11-12
P3,1349,Web Camera,2017-11-19,0,232.0,913,821,C,1,P3|1349|2017-11-19
P3,1349,Web Camera,2017-11-26,0,232.0,913,611,C,1,P3|1349|2017-11-26
P3,1349,Web Camera,2017-12-03,0,232.0,913,520,C,1,P3|1349|2017-12-03
P3,1349,Web Camera,2017-12-10,0,232.0,913,492,C,1,P3|1349|2017-12-10
P3,1349,Web Camera,2017-12-17,0,232.0,913,756,C,1,P3|1349|2017-12-17
P3,1349,Web Camera,2017-12-24,17,232.0,913,638,C,1,P3|1349|2017-12-24
P3,1351,Dell Laptop,2017-10-29,262,737.0,913,651,C,1,P3|1351|2017-10-29
P3,1351,Dell Laptop,2017-11-05,88,475.0,913,540,C,1,P3|1351|2017-11-05
P3,1351,Dell Laptop,2017-11-12,0,387.0,913,558,C,1,P3|1351|2017-11-12
P3,1351,Dell Laptop,2017-11-19,0,387.0,913,821,C,1,P3|1351|2017-11-19
P3,1351,Dell Laptop,2017-11-26,0,387.0,913,611,C,1,P3|1351|2017-11-26
P3,1351,Dell Laptop,2017-12-03,0,387.0,913,520,C,1,P3|1351|2017-12-03
P3,1351,Dell Laptop,2017-12-10,0,387.0,913,492,C,1,P3|1351|2017-12-10
P3,1351,Dell Laptop,2017-12-17,0,387.0,913,756,C,1,P3|1351|2017-12-17
P3,1351,Dell Laptop,2017-12-24,92,387.0,913,638,C,1,P3|1351|2017-12-24
P3,1352,Industrial consumer electronics,2017-11-05,285,718.0,913,540,C,1,P3|1352|2017-11-05
P3,1352,Industrial consumer electronics,2017-11-12,0,433.0,913,558,C,1,P3|1352|2017-11-12
P3,1352,Industrial consumer electronics,2017-11-19,0,433.0,913,821,C,1,P3|1352|2017-11-19
P3,1352,Industrial consumer electronics,2017-11-26,0,433.0,913,611,C,1,P3|1352|2017-11-26
P3,1352,Industrial consumer electronics,2017-12-03,0,433.0,913,520,C,1,P3|1352|2017-12-03
P3,1352,Industrial consumer electronics,2017-12-10,0,433.0,913,492,C,1,P3|1352|2017-12-10
P3,1352,Industrial consumer electronics,2017-12-17,0,433.0,913,756,C,1,P3|1352|2017-12-17
P3,1352,Industrial consumer electronics,2017-12-24,28,433.0,913,638,C,1,P3|1352|2017-12-24
P3,1352,Industrial consumer electronics,2017-12-31,118,405.0,913,686,C,1,P3|1352|2017-12-31
P3,1354,DVDs ,2017-11-12,355,805.0,913,558,C,1,P3|1354|2017-11-12
P3,1354,DVDs ,2017-11-19,12,450.0,913,821,C,1,P3|1354|2017-11-19
P3,1354,DVDs ,2017-11-26,0,438.0,913,611,C,1,P3|1354|2017-11-26
P3,1354,DVDs ,2017-12-03,0,438.0,913,520,C,1,P3|1354|2017-12-03
P3,1354,DVDs ,2017-12-10,0,438.0,913,492,C,1,P3|1354|2017-12-10
P3,1354,DVDs ,2017-12-17,0,438.0,913,756,C,1,P3|1354|2017-12-17
P3,1354,DVDs ,2017-12-24,0,438.0,913,638,C,1,P3|1354|2017-12-24
P3,1354,DVDs ,2017-12-31,109,438.0,913,686,C,1,P3|1354|2017-12-31
P3,1356,First aid kit,2017-11-19,80,679.0,913,821,C,1,P3|1356|2017-11-19
P3,1356,First aid kit,2017-11-26,159,599.0,913,611,C,1,P3|1356|2017-11-26
P3,1356,First aid kit,2017-12-03,0,440.0,913,520,C,1,P3|1356|2017-12-03
P3,1356,First aid kit,2017-12-10,0,440.0,913,492,C,1,P3|1356|2017-12-10
P3,1356,First aid kit,2017-12-17,0,440.0,913,756,C,1,P3|1356|2017-12-17
P3,1356,First aid kit,2017-12-24,0,440.0,913,638,C,1,P3|1356|2017-12-24
P3,1356,First aid kit,2017-12-31,0,440.0,913,686,C,1,P3|1356|2017-12-31
P3,1358,Rock music,2017-11-26,143,930.0,913,611,C,1,P3|1358|2017-11-26
P3,1358,Rock music,2017-12-03,147,787.0,913,520,C,1,P3|1358|2017-12-03
P3,1358,Rock music,2017-12-10,0,640.0,913,492,C,1,P3|1358|2017-12-10
P3,1358,Rock music,2017-12-17,0,640.0,913,756,C,1,P3|1358|2017-12-17
P3,1358,Rock music,2017-12-24,0,640.0,913,638,C,1,P3|1358|2017-12-24
P3,1358,Rock music,2017-12-31,0,640.0,913,686,C,1,P3|1358|2017-12-31
P3,1359,Adult dog supplies,2017-12-03,246,1054.0,913,520,C,1,P3|1359|2017-12-03
P3,1359,Adult dog supplies,2017-12-10,0,808.0,913,492,C,1,P3|1359|2017-12-10
P3,1359,Adult dog supplies,2017-12-17,0,808.0,913,756,C,1,P3|1359|2017-12-17
P3,1359,Adult dog supplies,2017-12-24,0,808.0,913,638,C,1,P3|1359|2017-12-24
P3,1359,Adult dog supplies,2017-12-31,0,808.0,913,686,C,1,P3|1359|2017-12-31
P3,1361,Toys ,2017-12-10,253,882.0,913,492,C,1,P3|1361|2017-12-10
P3,1361,Toys ,2017-12-17,0,629.0,913,756,C,1,P3|1361|2017-12-17
P3,1361,Toys ,2017-12-24,0,629.0,913,638,C,1,P3|1361|2017-12-24
P3,1361,Toys ,2017-12-31,0,629.0,913,686,C,1,P3|1361|2017-12-31
P3,1362,Fighting video games,2017-12-10,168,1397.0,913,492,C,1,P3|1362|2017-12-10
P3,1362,Fighting video games,2017-12-17,60,1229.0,913,756,C,1,P3|1362|2017-12-17
P3,1362,Fighting video games,2017-12-24,0,1169.0,913,638,C,1,P3|1362|2017-12-24
P3,1362,Fighting video games,2017-12-31,0,1169.0,913,686,C,1,P3|1362|2017-12-31
